cohort	cell_type	algorithm	n	rho	rho_lo	rho_hi	p	rho_purity_adj	p_purity_adj	q	q_purity_adj
ACC	B cell	TIMER	77	0.040590987959409006	-0.19823852313058388	0.27487063608766016	0.7259611659152975	-0.009671748084326262	0.9339144611946518	0.834758666305273	0.9612050797030424
ACC	T cell CD4+	TIMER	77	-0.2011672537988327	-0.4181603104072569	0.03754525977773573	0.07937137445763132	-0.21523921121616046	0.06186468584648099	0.17949223489261912	0.1469568175332568
ACC	T cell CD8+	TIMER	77	0.061412271938587726	-0.17810217464650593	0.294056813012907	0.5957116355676088	0.007581100557867885	0.9481771173795499	0.7413216088699396	0.9687411886475151
ACC	Neutrophil	TIMER	77	0.27435722172564275	0.04003660004617848	0.48007468441358225	0.01575134249100755	0.2754190392093701	0.016039055121426882	0.050814974537821384	0.05082066898280317
ACC	Macrophage	TIMER	77	0.03804090646195909	-0.20069093728117776	0.27250791866388546	0.7425588614065681	-0.013282523259581552	0.9093327125830308	0.8452416733914647	0.9476255080489473
ACC	Myeloid dendritic cell	TIMER	77	-0.15794731584205268	-0.3806268053051325	0.08204602086333058	0.17008168955749672	-0.18617130702346735	0.10735047985012909	0.3142813828779831	0.22458019059069276
ACC	B cell naive	CIBERSORT	77	0.1021189122112836	-0.1381465123401804	0.3310328583695456	0.37683311825136084	0.1039945220959892	0.37131912570373526	0.5530846442803382	0.5465973028257681
ACC	B cell memory	CIBERSORT	77	0.058428923192436096	-0.18099974804996052	0.29131920782076015	0.6137293854859226	0.07645133915824383	0.511564765834313	0.7560434458884554	0.6755211869004268
ACC	B cell plasma	CIBERSORT	77	0.39212320286783575	0.1710954232808958	0.5755737227639561	0.0004203621238917571	0.4180217607922203	0.00017167175532868187	0.002467891748373529	0.0011205952643324644
ACC	T cell CD8+	CIBERSORT	77	-0.33762170802366476	-0.5319906429751659	-0.10945390328182286	0.0026745155252459693	-0.34359001527257343	0.0023752627222552044	0.011697265887820737	0.010517867773519648
ACC	T cell CD4+ naive	CIBERSORT	77	0.24443886057759473	0.007977818747466992	0.4550107909053	0.03215533456727745	0.2668334353055145	0.01980268929980193	0.0891051439816122	0.06037600892634313
ACC	T cell CD4+ memory resting	CIBERSORT	77	-0.10670228105524387	-0.33515260848214107	0.1335981745623221	0.35567661164937464	-0.09409011175504883	0.41882582781181726	0.5324255557232216	0.5927581856571045
ACC	T cell CD4+ memory activated	CIBERSORT	77	0.048739472984719076	-0.19038202734122484	0.2824015030247642	0.6737973925221953	0.04443284031631215	0.7031104284516562	0.7969523305681356	0.8166582972300791
ACC	T cell follicular helper	CIBERSORT	77	-0.04047071120046116	-0.27475926005821455	0.1983542605595025	0.7267412526969388	-0.027703435447587476	0.812225579310514	0.834758666305273	0.8835011962188134
ACC	T cell regulatory (Tregs)	CIBERSORT	77	-0.16396789046327206	-0.38589961209988066	0.07590386881135543	0.15417373243812368	-0.16777468613360486	0.14742807947382564	0.29277284790338204	0.28405795555944197
ACC	T cell gamma delta	CIBERSORT	77	-0.18781606394936082	-0.406644286781127	0.05139392352735822	0.10189931213186934	-0.18679123055087135	0.10616457014718879	0.21594921974829764	0.2228145299385444
ACC	NK cell resting	CIBERSORT	77	0.18898545344027853	-0.050184626717660316	0.4076557260931556	0.09974602734955537	0.19810965931627358	0.08625275741882898	0.2125378566412869	0.19150952953300474
ACC	NK cell activated	CIBERSORT	77	-0.030079142057841072	-0.2651128931491143	0.20832856232636507	0.7951067704957454	0.0023152982963453852	0.9841631876499466	0.875737316236159	0.9900486067885557
ACC	Monocyte	CIBERSORT	77	-0.05773212138066604	-0.2906792527869712	0.1816759175944562	0.6179713597064109	-0.07746575603699529	0.5059616272367508	0.7579885363084522	0.6712962207314881
ACC	Macrophage M0	CIBERSORT	77	0.29216181944251574	0.05934672966907872	0.49483263042191106	0.009928924741971842	0.29166139004107994	0.01057778191552184	0.03526075907457757	0.03645375536053972
ACC	Macrophage M1	CIBERSORT	77	-0.1089469817491047	-0.3371670704601875	0.13136693126239823	0.34558859251614904	-0.1408525066641836	0.2248874480748959	0.5237408514488926	0.3853242427575999
ACC	Macrophage M2	CIBERSORT	77	-0.25106472474893526	-0.4605904736229665	-0.015036051695273472	0.02763310691539284	-0.2826764052359221	0.013355004511597894	0.07938680972754299	0.044103097669212644
ACC	Myeloid dendritic cell resting	CIBERSORT	77	-0.07095437481779501	-0.3027873617670509	0.16880644729048833	0.5397362285504425	-0.08604672867362609	0.45985956095425873	0.6959430368777381	0.632003825423955
ACC	Myeloid dendritic cell activated	CIBERSORT	77	0.22527683826699665	-0.012302869060937046	0.4387807347734277	0.04885400312206546	0.28508477624413464	0.012554770200761529	0.12434184714380171	0.041813587295551596
ACC	Mast cell activated	CIBERSORT	77	-0.32337193524923025	-0.5204231581109398	-0.09362162475370182	0.00412203148196538	-0.3414706817817449	0.0025374947991751713	0.016883777096789638	0.011108276077683193
ACC	Mast cell resting	CIBERSORT	77	0.19996562974538284	-0.03879542331374384	0.41712670214770653	0.08122042424042691	0.2016094987249009	0.08073392176175365	0.18314409387547245	0.181942152212367
ACC	Eosinophil	CIBERSORT	77	0.12592573383519928	-0.11441074035872804	0.35233692648679593	0.27515364122997815	0.16110787382290953	0.16442881541296203	0.44367586814820675	0.3071747101121269
ACC	Neutrophil	CIBERSORT	77	0.12307508517382632	-0.11726741654200656	0.34979826631331523	0.28625397907990635	0.08844630844819987	0.44739275199615947	0.45565176013551295	0.6196619413053431
ACC	B cell naive	CIBERSORT-ABS	77	0.05941752068150714	-0.18004003434608376	0.29222679561570103	0.607732725346335	0.04195653156277034	0.7189480004907197	0.7524493211222831	0.8267902005643276
ACC	B cell memory	CIBERSORT-ABS	77	0.05438928987121991	-0.18491662286719035	0.2876062365905116	0.6384937864172867	0.07212890663649231	0.5357904082518986	0.7728115756404126	0.6909231491923075
ACC	B cell plasma	CIBERSORT-ABS	77	0.36184646839099865	0.1366372894031528	0.5514903853907616	0.0012225131586452358	0.36591531096454605	0.0011515040696246578	0.005901267222596138	0.005742832796214811
ACC	T cell CD8+	CIBERSORT-ABS	77	-0.27695787528792004	-0.4822376113432181	-0.04284628761049374	0.014750418952112654	-0.31349593966321493	0.005823046379266209	0.04806178175230039	0.022321677787187133
ACC	T cell CD4+ naive	CIBERSORT-ABS	77	0.2416993727293415	0.005066434979774031	0.45269900906839594	0.0341987596574417	0.26472823164104237	0.020833175292234024	0.09324766405899375	0.06285317545728013
ACC	T cell CD4+ memory resting	CIBERSORT-ABS	77	-0.14571115146198038	-0.36986559147806747	0.09447335185514448	0.20606581426758405	-0.18224022114602645	0.11511138892295712	0.36066129533852	0.2362653704402952
ACC	T cell CD4+ memory activated	CIBERSORT-ABS	77	0.05202067172702834	-0.18720973178278216	0.28542588993817625	0.6532025415874966	0.04768205227532229	0.6825205235621858	0.7824822112766887	0.8023617700325155
ACC	T cell follicular helper	CIBERSORT-ABS	77	-0.04044376665239162	-0.2747343086005397	0.1983801872881445	0.7269160468007022	-0.04016868354693122	0.7304568346492097	0.834758666305273	0.8334071267809775
ACC	T cell regulatory (Tregs)	CIBERSORT-ABS	77	-0.1508915304723711	-0.3744288793891776	0.0892211606591173	0.19022114277299032	-0.16128997384815613	0.16394602289513902	0.3422755031028036	0.3067124160382744
ACC	T cell gamma delta	CIBERSORT-ABS	77	-0.1936576189199008	-0.4116914717086581	0.045346007481229106	0.0914957248121366	-0.1930612869314059	0.09473441961000999	0.19885952418869043	0.20430864902103646
ACC	NK cell resting	CIBERSORT-ABS	77	0.19442388375510664	-0.04455137129833249	0.41235254436002994	0.09019546572218268	0.19577810117711586	0.0900921020326214	0.19685208808324262	0.19803877983123783
ACC	NK cell activated	CIBERSORT-ABS	77	-0.02503089443974187	-0.26040962506577814	0.2131562695573554	0.8289203690996045	-0.04213867374037465	0.7177789512934801	0.9000055495560744	0.8261747717272614
ACC	Monocyte	CIBERSORT-ABS	77	-0.13965074170040895	-0.3645133406844342	0.10060084930558176	0.2257678438818256	-0.19232492067251253	0.09602447756163617	0.38611622383480154	0.20618105835584702
ACC	Macrophage M0	CIBERSORT-ABS	77	0.30007093097294363	0.0679808821799614	0.5013510786116321	0.008014821432655604	0.29827631136675326	0.008868546064019838	0.029322665743577135	0.031352635723614436
ACC	Macrophage M1	CIBERSORT-ABS	77	-0.11620833412248288	-0.3436693433254056	0.12413239579915396	0.3141943769482949	-0.1543681976089178	0.183043048200772	0.4886634900031158	0.3319565484531626
ACC	Macrophage M2	CIBERSORT-ABS	77	-0.186524002313476	-0.40552612058824555	0.05272926362986564	0.10432045820887549	-0.25122304450730765	0.028593112186722842	0.21929730731005545	0.0804888903168368
ACC	Myeloid dendritic cell resting	CIBERSORT-ABS	77	-0.0707962298516335	-0.30264298339119833	0.16896085734457447	0.540642481733865	-0.0865332140399785	0.4573167843161436	0.6965114015088671	0.6295769733690927
ACC	Myeloid dendritic cell activated	CIBERSORT-ABS	77	0.21909183531563242	-0.018807484756472603	0.4335121871665523	0.05556821167661756	0.2750428596311943	0.016190018059082427	0.1373398910591496	0.051215995639977585
ACC	Mast cell activated	CIBERSORT-ABS	77	-0.3315839535520855	-0.5270982389282627	-0.10273146266365918	0.0032204414256287277	-0.3570173161981476	0.0015463023488090312	0.013761667731375217	0.007373222175418673
ACC	Mast cell resting	CIBERSORT-ABS	77	0.20132460480217393	-0.03738149724717915	0.4182956183805632	0.07913174750595355	0.19341328379096348	0.09412257286078385	0.17915757541880623	0.20366312113207793
ACC	Eosinophil	CIBERSORT-ABS	77	0.12277487423103986	-0.11756803094921725	0.3495307179359714	0.28744000129233677	0.15556737625328157	0.1796238290627085	0.45636198410183054	0.3274261872425129
ACC	Neutrophil	CIBERSORT-ABS	77	0.12934192526881824	-0.11098208196565724	0.35537485096710875	0.2622351934468126	0.09382486112958674	0.4201444181533779	0.43009211676889153	0.5932700162440259
ACC	B cell	QUANTISEQ	77	0.1974510231713906	-0.041409190674523616	0.41496187840879145	0.08520068352358154	0.2197987745213171	0.056416320843282464	0.1889589748027248	0.1369972409782866
ACC	Macrophage M1	QUANTISEQ	77	0.19886501948102994	-0.03993983715539087	0.4161794903779663	0.08294394092520789	0.1791005529750676	0.12161469500545805	0.1857233779579186	0.24587045370803567
ACC	Macrophage M2	QUANTISEQ	77	-0.263048968396077	-0.4706405952351492	-0.02786235334335898	0.020813119679307168	-0.2932438253836471	0.010144709678033673	0.06387699995768527	0.035258502080988144
ACC	Monocyte	QUANTISEQ	77	-0.2608833288563808	-0.4688284443903758	-0.0255388008070024	0.021926549756107083	-0.2684579982361979	0.019037568711241508	0.06656274033103936	0.058381877381140625
ACC	Neutrophil	QUANTISEQ	77	0.21394764147354162	-0.02420221039905029	0.42911903364304965	0.06171014811148424	0.20143771746443828	0.08099807905586325	0.14723204040179622	0.18225648887372703
ACC	NK cell	QUANTISEQ	77	-0.07532157815892784	-0.30677019830516467	0.16453772943476117	0.5150081912387576	-0.08354205085302652	0.4730730137119002	0.6746003443026942	0.642708646147856
ACC	T cell CD4+ (non-regulatory)	QUANTISEQ	77	-0.1510098987271403	-0.3745330211417318	0.08910099529398119	0.18986967965673124	-0.15627910788243887	0.1776165890989366	0.34190761390902896	0.325436205893553
ACC	T cell CD8+	QUANTISEQ	77	-0.2065546654502029	-0.42278753621407505	0.031931023948500455	0.07148970753790926	-0.2550097954806021	0.02620405167320063	0.16510617629842006	0.07506069014081646
ACC	T cell regulatory (Tregs)	QUANTISEQ	77	-0.09500634405489619	-0.32462241793550356	0.1451847096143701	0.4111322329412232	-0.13353710431379026	0.2501376923798572	0.5837667685581526	0.4163637195424614
ACC	Myeloid dendritic cell	QUANTISEQ	77	0.28898303900579597	0.055886331434156604	0.4922063353789074	0.010804041001170012	0.29194981787121593	0.010497666890324034	0.03788681642562758	0.036259609135306514
ACC	uncharacterized cell	QUANTISEQ	77	0.1810032073189968	-0.05842535896277875	0.40074096122464137	0.11517323068431168	0.2313547116928789	0.04434156176797557	0.23639230024968957	0.1151501630986631
ACC	T cell	MCPCOUNTER	77	0.0024975024975024975	-0.23456435584209215	0.2392789801815234	0.9828012825629443	-0.01540732823744691	0.8949054325808156	0.9898842461322311	0.9375884891187001
ACC	T cell CD8+	MCPCOUNTER	77	-0.27781339773776775	-0.4829485906614124	-0.04377138498299391	0.014433386136790396	-0.3225062021688299	0.004493158566571621	0.04718607006258399	0.01803721765430702
ACC	cytotoxicity score	MCPCOUNTER	77	-0.21652032178347966	-0.4313173818738966	0.02150596840143137	0.05857300158129098	-0.2539014991566624	0.026885115601413812	0.14295907377206474	0.07678656099454201
ACC	NK cell	MCPCOUNTER	77	-0.046979336453020666	-0.28077721185700205	0.19208168941156128	0.6849458703889196	-0.10661288292014308	0.35933026694355824	0.8078848727664181	0.5356390940714116
ACC	B cell	MCPCOUNTER	77	0.003075871496924128	-0.23401773060083322	0.23982416373265183	0.9788192523239881	-0.03891941409808382	0.7385343092753374	0.9880490637272747	0.8394387061821422
ACC	Monocyte	MCPCOUNTER	77	-0.2611073137388926	-0.4690159503114872	-0.025779000263281195	0.02180908534695764	-0.3379699924306139	0.0028272983192626357	0.0663091164126006	0.012161426213769973
ACC	Macrophage/Monocyte	MCPCOUNTER	77	-0.2611073137388926	-0.4690159503114872	-0.025779000263281195	0.02180908534695764	-0.3379699924306139	0.0028272983192626357	0.0663091164126006	0.012161426213769973
ACC	Myeloid dendritic cell	MCPCOUNTER	77	-0.15195330984804667	-0.375362843556321	0.08814301103326129	0.18708521567083258	-0.23001316184675452	0.045623156789554205	0.337876763636469	0.11743682886580445
ACC	Neutrophil	MCPCOUNTER	77	0.45210053104789943	0.24099071711090245	0.62236065102908	3.6655440440638897e-05	0.43293197632019365	9.381262915511225e-05	0.0002961214300059878	0.0006538455971416914
ACC	Endothelial cell	MCPCOUNTER	77	0.38800673011199327	0.16637846389626051	0.572317900189992	0.0004889883256639526	0.3547561664978067	0.0016643809974365774	0.0027952402826696707	0.0078500961398999
ACC	Cancer associated fibroblast	MCPCOUNTER	77	0.3147116041852884	0.08405595843510194	0.5133574820478372	0.005309626828521167	0.2995939428890005	0.008558560560156412	0.020781422321839604	0.030421792536555976
ACC	Myeloid dendritic cell activated	XCELL	77	-0.3657813619443976	-0.55463833490991	-0.14108501431374254	0.0010702581407045356	-0.3743383791037977	0.0008643329963490972	0.0052971004179173855	0.004500055946371465
ACC	B cell	XCELL	77	-0.19667199345578865	-0.4142907120087398	0.042218277822181134	0.0864646420646984	-0.1984689951815044	0.08567273273261802	0.19089596299998346	0.19061727924126154
ACC	T cell CD4+ memory	XCELL	77	-0.12545854955401067	-0.35192110122804643	0.11487918494720302	0.2769528350155879	-0.14843084770747905	0.2006695846087757	0.4450258212874162	0.35522125874928623
ACC	T cell CD4+ naive	XCELL	77	-0.20686812958358275	-0.4230564226200912	0.03160389820091236	0.07105120187222706	-0.2429347933730963	0.03446871214420973	0.16457950196706625	0.09320377903448138
ACC	T cell CD4+ (non-regulatory)	XCELL	77	-0.05043948141220233	-0.2839690358089139	0.1887390654634306	0.6630959652613208	-0.1001281733977888	0.3894605897917406	0.7899342241007252	0.5639966318835947
ACC	T cell CD4+ central memory	XCELL	77	-0.168928272814285	-0.3902330373483432	0.07082960354874321	0.1419218748578726	-0.13711553719830386	0.23755386157791628	0.27430278333874536	0.40070560775222286
ACC	T cell CD4+ effector memory	XCELL	77	-0.3422185113385115	-0.5357067604878558	-0.11458602092440173	0.0023160953244692984	-0.36346819667333385	0.001249795756206893	0.010469286379971047	0.006170077533799182
ACC	T cell CD8+ naive	XCELL	77	0.02750701015802725	-0.210789779210082	0.2627179284415636	0.8122922196939109	0.03881186374432855	0.7392310417797628	0.8889064033034401	0.839986449682904
ACC	T cell CD8+	XCELL	77	-0.26740379829740146	-0.47427930959472125	-0.03254243284715723	0.018719693989948747	-0.3238928783157877	0.004314436016484204	0.05883762339284533	0.017409127785813456
ACC	T cell CD8+ central memory	XCELL	77	-0.2534478757591721	-0.46259329947720385	-0.017580479303537577	0.026143801213613347	-0.32868883058528164	0.003743991269258565	0.07628576120921253	0.015474636218605696
ACC	T cell CD8+ effector memory	XCELL	77	-0.16642210689334103	-0.38804485776274544	0.0733948591484348	0.14801704032893667	-0.18926798588751675	0.10152782419805499	0.28425669336254533	0.21527862940043113
ACC	Class-switched memory B cell	XCELL	77	0.05310115781748166	-0.18616401383849732	0.2864207925044044	0.6464760656539067	0.044112282288310066	0.705153673584659	0.7775211986178945	0.8176603984922943
ACC	Common lymphoid progenitor	XCELL	77	0.26402046492555054	0.02890551538102184	0.4714529496221719	0.020329548592366017	0.28693758389606744	0.01196775925804199	0.06254015341947375	0.04037440785068523
ACC	Common myeloid progenitor	XCELL	77	-0.11817878783303772	-0.34543005766778906	0.12216480156964875	0.30600280586662854	-0.15491737250790563	0.18147136694572358	0.4787799003355413	0.3298712434950159
ACC	Myeloid dendritic cell	XCELL	77	-0.31000743344761417	-0.5095081846960641	-0.0788777786120022	0.006074065970315597	-0.37501833339971624	0.0008442633465708349	0.023215638263865086	0.00440730265032305
ACC	Endothelial cell	XCELL	77	-0.25254357607907324	-0.4618335675023589	-0.01661462252266886	0.026700720936471946	-0.3484348716615713	0.002038802474730819	0.07750543345330758	0.009316343437982913
ACC	Eosinophil	XCELL	77	0.10016767348692873	-0.14007976689501966	0.32927633972566467	0.3860659333175635	0.16337712382758143	0.1584869881441305	0.5623870661641305	0.29893107749327075
ACC	Cancer associated fibroblast	XCELL	77	-0.31986810292580903	-0.5175677442418246	-0.08974639238129206	0.0045706250387565405	-0.35177199678110693	0.0018326385760142213	0.018310598259772614	0.008530414390564704
ACC	Granulocyte-monocyte progenitor	XCELL	77	-0.0018489765912427462	-0.2386674875422506	0.2351771091864609	0.98726683295044	-0.012298837732949354	0.9160220905640057	0.9923875548535689	0.9513004977703221
ACC	Hematopoietic stem cell	XCELL	77	-0.09700889248390604	-0.32642941784587376	0.14320555589296372	0.4012963390234764	-0.16044587576205066	0.16619277574206037	0.5751622105869603	0.3089937009754903
ACC	Macrophage	XCELL	77	-0.25820007110692716	-0.46658073337202266	-0.02266340948745991	0.02337618176444028	-0.29600025136828284	0.009427192765755496	0.07003898137851455	0.033028963901526875
ACC	Macrophage M1	XCELL	77	-0.30389398942703416	-0.5044937567041726	-0.07216690742958548	0.007211715654153309	-0.33169287349188226	0.003421857801086606	0.026855055435942323	0.014294299147701526
ACC	Macrophage M2	XCELL	77	-0.38631352804155106	-0.5709770150185942	-0.1644412071806712	0.0005200746914678208	-0.4454843944646946	5.516558861774159e-05	0.0029258878325743587	0.00042046286841202656
ACC	Mast cell	XCELL	77	-0.15747408728343437	-0.38021173799880215	0.08252803407182865	0.17138135882473712	-0.22009262152375716	0.05607906271525444	0.31606433100865816	0.13653296863652167
ACC	B cell memory	XCELL	77	-0.1815641546828993	-0.40122771117291256	0.05784731065786615	0.11403233724539331	-0.17983502698936454	0.12006870013791583	0.234790120394675	0.2436266826877275
ACC	Monocyte	XCELL	77	-0.3374716531609747	-0.531869210283985	-0.10928657877270032	0.0026870099934010443	-0.42004502093834256	0.00015841592941064097	0.01172567977031036	0.0010410189646984978
ACC	B cell naive	XCELL	77	-0.05403239276692192	-0.28727786234088337	0.1852623092591886	0.6407013439446873	-0.047311269294304924	0.6848588112440095	0.774084612095957	0.8037747994515005
ACC	Neutrophil	XCELL	77	0.15066207836822454	-0.08945407648346865	0.37422698872529325	0.19090377652660043	0.1145081112987142	0.3246443385404646	0.3427152278324186	0.5001415932597386
ACC	NK cell	XCELL	77	0.06217524215310044	-0.1773604732981037	0.2947563236613626	0.5911419654591787	0.09215667317912696	0.42849174765768006	0.7365726848136994	0.6007180829478411
ACC	T cell NK	XCELL	77	-0.4029391660970608	-0.584100714657412	-0.18353762975629642	0.00027986945829322425	-0.39643707758438224	0.00039228089387360497	0.0017452784400741736	0.002306493676760595
ACC	Plasmacytoid dendritic cell	XCELL	77	-0.041808221173232386	-0.2759974378427077	0.19706685427884924	0.718082268959364	-0.09265497042366164	0.42598850715405046	0.8313638649013929	0.5984962497205667
ACC	B cell plasma	XCELL	77	0.018627663137874964	-0.21926307852165502	0.25442785370904764	0.8722529435704961	0.06219627858713759	0.5935176023658889	0.9245417808846218	0.7329923642610947
ACC	T cell gamma delta	XCELL	77	0.07201478372262546	-0.1677707779767638	0.30375518679549857	0.5336788504529186	0.09465880135564551	0.416006861494947	0.6908495741276588	0.5902727969358217
ACC	T cell CD4+ Th1	XCELL	77	0.06370835072496012	-0.17586927910256353	0.29616116363079825	0.5820077837840825	0.14873693740051572	0.19973223296761253	0.7291414401139898	0.3541737101602562
ACC	T cell CD4+ Th2	XCELL	77	0.3876378654637999	0.1659562860497963	0.572025871843704	0.0004956121300147968	0.38478118578042597	0.0005991473476022087	0.0028248446477519757	0.0033229306796094126
ACC	T cell regulatory (Tregs)	XCELL	77	-0.225769327285513	-0.43919961983016226	0.011784064743407121	0.0483493829140798	-0.25871537770542047	0.024032000438595182	0.12347882899676815	0.07042340941646474
ACC	immune score	XCELL	77	-0.2872653662127346	-0.49078565992795276	-0.05401881239185814	0.011304304056540034	-0.36724851314304746	0.0011009505014491548	0.03918460018639757	0.005540175625053018
ACC	stroma score	XCELL	77	-0.3259897996740102	-0.5225536887303532	-0.09652152900936019	0.003812869288715258	-0.40505006960118045	0.00028397892138502876	0.015826240890527237	0.00173493372283666
ACC	microenvironment score	XCELL	77	-0.39988958410011044	-0.581700553569946	-0.18002239468361805	0.0003143232893131974	-0.49647972905627624	5.083736969050521e-06	0.0019173230284159155	5.2446996171471077e-05
ACC	B cell	EPIC	77	-0.16344182133655816	-0.38543945925541584	0.07644128799522854	0.15551790384017894	-0.20731321702655825	0.07234536784394106	0.29454716559707184	0.16708233211447698
ACC	Cancer associated fibroblast	EPIC	77	0.23008570376991427	-0.00723157090294356	0.44286693431905705	0.04410766417862059	0.19328156796063442	0.09435115908689708	0.11479735329553196	0.20404481860053517
ACC	T cell CD4+	EPIC	77	0.2772753562227246	0.043189540679870575	0.48250148446393526	0.014632074593106422	0.22423997557667744	0.05149198478764077	0.04775576933142413	0.12823800033100347
ACC	T cell CD8+	EPIC	77	-0.2163888742836111	-0.43120512214455947	0.021643813097109367	0.05873008055644392	-0.20904565999245245	0.06994071530969631	0.14307452646460794	0.1628766904888935
ACC	Endothelial cell	EPIC	77	-0.11157263788842735	-0.33952076436270723	0.12875392306464442	0.33401773680874336	-0.20411696784816247	0.07695551460103571	0.5109354936054815	0.17534735553033193
ACC	Macrophage	EPIC	77	0.0034439244965560755	-0.2336698001122121	0.2401710209902024	0.9762854961837092	-0.07408288427514287	0.524769371555136	0.9868863211164175	0.6846338248485703
ACC	NK cell	EPIC	77	-0.019112466480887533	-0.25488137954224893	0.21880136927099111	0.868957279741438	-0.048836927284525745	0.6752566685810084	0.9238224810550375	0.7974879531805826
ACC	uncharacterized cell	EPIC	77	-0.17046111782953885	-0.3915701615363188	0.06925905293686543	0.1382881501934751	0.009199133571800017	0.9371370400033652	0.2698137062158122	0.9624916801715676
BLCA	B cell	TIMER	407	-0.02062811576296468	-0.12336204699722875	0.08254328481947795	0.6781998825061342	-0.020586625568133555	0.6791861835530478	0.8016207801085201	0.7992089340401825
BLCA	T cell CD4+	TIMER	407	0.03412474732343332	-0.06911419723867974	0.13664052300709095	0.49238306392780645	0.055536304236077236	0.2642350542661978	0.6566131873982544	0.4346483223310195
BLCA	T cell CD8+	TIMER	407	0.42086419387255897	0.3322712404324473	0.5020957083152271	6.666662520826459e-19	0.4491688688879939	1.4917848106662012e-21	6.206345346769395e-17	2.0113374516223608e-19
BLCA	Neutrophil	TIMER	407	0.39398851301360577	0.30330017943248444	0.4776037385610506	1.4510942178878821e-16	0.4470645508150427	2.4139076404236657e-21	1.050699702211411e-14	3.146126291352177e-19
BLCA	Macrophage	TIMER	407	0.140556509939374	0.03811222357313565	0.24007700025508302	0.0044970033390963286	0.17231115278026798	0.0004877630004150378	0.0181458029472308	0.002752025009556707
BLCA	Myeloid dendritic cell	TIMER	407	0.3686205466323952	0.2761073345679407	0.4543659129153694	1.5169046242175468e-14	0.42608024578602466	2.4508170230892667e-19	8.237634834292512e-13	2.457101169302316e-17
BLCA	B cell naive	CIBERSORT	407	0.022114340987581443	-0.08106633089038297	0.12482605398710392	0.6564481786800317	0.02643093457198849	0.5954053738936731	0.7856481110005888	0.7334703881298871
BLCA	B cell memory	CIBERSORT	407	-0.16806617102315136	-0.26644991157068004	-0.06621635801893332	0.00066303278966309	-0.16355426496910927	0.0009407690271260946	0.00355618409819298	0.004820978893922713
BLCA	B cell plasma	CIBERSORT	407	-0.12280950713261594	-0.22298502176645674	-0.02006730837263259	0.013161822414307012	-0.13320837132746122	0.007192727990333164	0.04407929570613398	0.02633292738033958
BLCA	T cell CD8+	CIBERSORT	407	-0.09975951312657905	-0.20069344929461513	0.003270114722965505	0.04428295179275975	-0.10322878034675523	0.03760387340523094	0.11504740299647218	0.1000211870846619
BLCA	T cell CD4+ naive	CIBERSORT	407	-0.06339197148756691	-0.16530867904034666	0.03986433555846681	0.20187228655256906	-0.07081029615665897	0.15439521116004032	0.35587044202910056	0.29347850055214275
BLCA	T cell CD4+ memory resting	CIBERSORT	407	0.0023363664035037594	-0.10068388977615467	0.10530705365186072	0.9625215831083088	0.012978821395258088	0.7943079141859445	0.9787930793117002	0.8753506044157393
BLCA	T cell CD4+ memory activated	CIBERSORT	407	0.23075703189544025	0.13087143282715905	0.32600488299245245	2.5427183840495536e-06	0.2345659973207042	1.7649011565917637e-06	2.7848820396733205e-05	2.059929409633969e-05
BLCA	T cell follicular helper	CIBERSORT	407	-0.054606150807973194	-0.1567207473385375	0.04866357162601806	0.2717376915784712	-0.06842613143225179	0.16878735556533064	0.43982352917732365	0.31322190804956945
BLCA	T cell regulatory (Tregs)	CIBERSORT	407	-0.2537503548737437	-0.3476601869776275	-0.15480006986940512	2.1183333082559493e-07	-0.2528410253358749	2.42990675450986e-07	3.1021285525396114e-06	3.4548856036849283e-06
BLCA	T cell gamma delta	CIBERSORT	407	-0.03492462163820307	-0.13742631377990744	0.06831714976212307	0.48228941239327433	-0.027368708246360656	0.5824106446328992	0.6482473710751814	0.7254621282302122
BLCA	NK cell resting	CIBERSORT	407	0.04698331747396626	-0.056285079341477744	0.14925707625543974	0.34442420817944747	0.04012733743625605	0.4200264385431773	0.5221786172864055	0.5932700162440259
BLCA	NK cell activated	CIBERSORT	407	0.03886834886131262	-0.06438543237440303	0.14129871771189112	0.43420088823888986	0.03732594327012188	0.4532309370707385	0.6039578345834434	0.6259742013234149
BLCA	Monocyte	CIBERSORT	407	-0.11438400001278334	-0.21484887242859116	-0.011523734286971862	0.02099394981752388	-0.12089713082231125	0.014791438799989058	0.06433099042830594	0.04752220682658769
BLCA	Macrophage M0	CIBERSORT	407	0.16000311084507415	0.05796228303953629	0.2587352632052492	0.0011998974525075825	0.1666426713452623	0.000748946360394495	0.005828073340751115	0.003989618895289476
BLCA	Macrophage M1	CIBERSORT	407	0.18423518432886543	0.0828105268704452	0.2818823558497949	0.00018592236723326426	0.19536261888165704	7.415105467968954e-05	0.001221775556104308	0.000542875533673361
BLCA	Macrophage M2	CIBERSORT	407	-0.0007606492226106238	-0.1037485491268859	0.10224338888286963	0.9877941778132262	0.012451708210691113	0.8024859585140746	0.9923875548535689	0.8796523963526862
BLCA	Myeloid dendritic cell resting	CIBERSORT	407	0.09204009649299544	-0.011060785108283245	0.19320459046847552	0.06358658866730166	0.08985271262603618	0.0705194374136835	0.1506809464782724	0.16393044012336652
BLCA	Myeloid dendritic cell activated	CIBERSORT	407	-0.06330500953618631	-0.16522375145691007	0.03995150883967116	0.20249292765967591	-0.07875621795718979	0.11308839080710016	0.35664294916636613	0.23321498315177303
BLCA	Mast cell activated	CIBERSORT	407	-0.22004857033561334	-0.31588533246973843	-0.11976695607773533	7.439947018222124e-06	-0.21627657530588928	1.0998030652070484e-05	7.383297675443784e-05	0.0001026307872305384
BLCA	Mast cell resting	CIBERSORT	407	0.2473659436679443	0.14814429298628773	0.3416573254935817	4.330473608895679e-07	0.244113561808995	6.38765683104989e-07	5.818608869684572e-06	8.46635193539155e-06
BLCA	Eosinophil	CIBERSORT	407	0.0026289827200460243	-0.10039422947002731	0.10559641783837523	0.9578317431799683	-0.004065872892464645	0.9349068959359008	0.9750383014406864	0.9614639566305556
BLCA	Neutrophil	CIBERSORT	407	0.17137834253995146	0.06961103911346102	0.26961531281788725	0.0005155985869851406	0.177495110542504	0.00032566773995103146	0.0029132810333986994	0.001954155210741554
BLCA	B cell naive	CIBERSORT-ABS	407	0.04526431162151051	-0.05800212481911495	0.1475723507489411	0.3623841679315178	0.053831752199561766	0.27919909367635753	0.5393688985962065	0.45184952660370775
BLCA	B cell memory	CIBERSORT-ABS	407	-0.13477830412981345	-0.23451882849393324	-0.03222967661002718	0.006466807308094811	-0.12871056650089133	0.009424546468165622	0.024453787789797593	0.033028963901526875
BLCA	B cell plasma	CIBERSORT-ABS	407	-0.021653040298240635	-0.12437169734634895	0.08152480241768806	0.663169643935894	-0.014399502516050081	0.7723806048320434	0.7899342241007252	0.8623970618108795
BLCA	T cell CD8+	CIBERSORT-ABS	407	0.052622946269077195	-0.05064758932272858	0.15478007328768378	0.28955569532048225	0.07050606286190472	0.15617824573250755	0.4581799954282014	0.29595193136548176
BLCA	T cell CD4+ naive	CIBERSORT-ABS	407	-0.05980370681076338	-0.1618031014112642	0.04346001504027867	0.2286431374926585	-0.06679480990063907	0.17919782972024895	0.3890316221045669	0.32725993190386427
BLCA	T cell CD4+ memory resting	CIBERSORT-ABS	407	0.08565364060527597	-0.01749674336297657	0.18699995779184128	0.08437341885166362	0.11286489606282657	0.022940461398807156	0.1878701980125312	0.06783296004555174
BLCA	T cell CD4+ memory activated	CIBERSORT-ABS	407	0.22847137331418715	0.12849914139307747	0.32384675475030633	3.2116954072379024e-06	0.23434601612099173	1.8058136287009683e-06	3.459429488236969e-05	2.098779223559257e-05
BLCA	T cell follicular helper	CIBERSORT-ABS	407	0.13482952075592836	0.03228178690187823	0.23456812345323108	0.006446392847869424	0.15148646382006636	0.002208657482362817	0.02442383336741226	0.009903498573438778
BLCA	T cell regulatory (Tregs)	CIBERSORT-ABS	407	-0.1418367270604989	-0.24130758434165403	-0.03941652003913078	0.004141784401006706	-0.13553619821309293	0.0062344168565159	0.01692202404173064	0.023643617758464762
BLCA	T cell gamma delta	CIBERSORT-ABS	407	-0.030985557868926407	-0.13355535867985643	0.07224101931817191	0.5330629494786239	-0.022881520043482085	0.6457397961572724	0.6903862644787743	0.7740167391094223
BLCA	NK cell resting	CIBERSORT-ABS	407	0.08799317015157414	-0.015140071478923144	0.1892738195191019	0.07619947250342714	0.08335183742382916	0.09349663927132378	0.17362467219603736	0.2035478059860111
BLCA	NK cell activated	CIBERSORT-ABS	407	0.12646402195031492	0.023777705541791257	0.22650969501016263	0.01065760111700682	0.14670275123059495	0.0030474471141889005	0.03747411903551858	0.012965743434688358
BLCA	Monocyte	CIBERSORT-ABS	407	-0.055164365252356594	-0.15726684851179146	0.04810498129014095	0.26686029820121066	-0.05126745368896754	0.3027737606757369	0.43475990248613905	0.47807372846224305
BLCA	Macrophage M0	CIBERSORT-ABS	407	0.2005537272298906	0.09961537815470671	0.2974064568481097	4.6004139169341994e-05	0.22024234947804622	7.492466753050899e-06	0.0003619239117749038	7.379230479705042e-05
BLCA	Macrophage M1	CIBERSORT-ABS	407	0.18166946458791028	0.08017358323990564	0.27943688383922693	0.0002291736117609321	0.20826815234254203	2.336682946256942e-05	0.0014689652819430239	0.0001990507694959617
BLCA	Macrophage M2	CIBERSORT-ABS	407	0.136114115716578	0.03358897880908154	0.23580435217858495	0.005952899221088411	0.20340003952589653	3.6433978981301476e-05	0.02287396345077013	0.0002955536469230058
BLCA	Myeloid dendritic cell resting	CIBERSORT-ABS	407	0.10839790859145892	0.005462871146603836	0.20905987627332534	0.028774204190892154	0.1089533971047229	0.02815499298150006	0.08164523830652273	0.07959943785803704
BLCA	Myeloid dendritic cell activated	CIBERSORT-ABS	407	-0.013241969958657594	-0.11607968029422308	0.08987663808432486	0.789979884319946	-0.019643473106263548	0.6931213183763384	0.872301990310926	0.8099534832192119
BLCA	Mast cell activated	CIBERSORT-ABS	407	-0.17937109696318576	-0.2772451563704033	-0.07781261904738002	0.00027573938875401807	-0.1755284300055619	0.0003801090321882677	0.0017222699840706243	0.0022416686513667067
BLCA	Mast cell resting	CIBERSORT-ABS	407	0.28717813417882965	0.1897959295317172	0.37896505524143603	3.623429044734573e-09	0.28471312007987226	5.206529390511643e-09	7.456635560480095e-08	1.1004070225351636e-07
BLCA	Eosinophil	CIBERSORT-ABS	407	0.00984849061651074	-0.09324211799568051	0.11273017012291921	0.8429828256072847	0.003407308792215756	0.9454322837659558	0.9080062942491689	0.9672004786825974
BLCA	Neutrophil	CIBERSORT-ABS	407	0.19102922067242634	0.0898000308502246	0.2883518535554317	0.00010541172495041694	0.20132478612349836	4.388987239982906e-05	0.0007338254712989282	0.00034529054543929903
BLCA	B cell	QUANTISEQ	407	0.08974495726367997	-0.013374698039045382	0.1909757251516308	0.07051021862056053	0.1084152539881326	0.028946578080038556	0.16361718386136007	0.08119343059912801
BLCA	Macrophage M1	QUANTISEQ	407	0.2665084945325873	0.16812745013451633	0.35963284671605594	4.7851440321283796e-08	0.2943793345158058	1.4682041191696671e-09	7.861308052782338e-07	3.546129147220235e-08
BLCA	Macrophage M2	QUANTISEQ	407	0.007420885765547843	-0.09564824823657886	0.11033258413579584	0.8813545192676899	0.03626799599028133	0.46614448974151895	0.9286492901754244	0.6383975323605391
BLCA	Monocyte	QUANTISEQ	407	0.08662174911302374	-0.016521680262138426	0.1879410243748546	0.08090911626134327	0.08528286400066794	0.08611961830139085	0.18254740022034172	0.19132256111274898
BLCA	Neutrophil	QUANTISEQ	407	-0.05414821442069375	-0.156272701558047	0.04912176815072417	0.2757840488764425	-0.046363687741270414	0.35142786304006285	0.443751288521354	0.5273965835469648
BLCA	NK cell	QUANTISEQ	407	-0.11024109844917732	-0.21084313017646197	-0.007328278656710998	0.02615027440239745	-0.1104918042545255	0.02599378547288726	0.07628576120921253	0.0746370791392871
BLCA	T cell CD4+ (non-regulatory)	QUANTISEQ	407	0.017425657256474346	-0.08572422627652072	0.12020594278287837	0.7259673936661462	0.011222752864889083	0.8216353662865183	0.834758666305273	0.8904086147949797
BLCA	T cell CD8+	QUANTISEQ	407	0.09893951979419825	-0.0040982711005090825	0.19989850650660404	0.046066061313477014	0.11070813016698447	0.025701648725474473	0.11873322329314115	0.0740010651815944
BLCA	T cell regulatory (Tregs)	QUANTISEQ	407	0.14943354906361367	0.04716341616089437	0.24860330810056858	0.00250758971745545	0.1840891699256857	0.00019164571175546189	0.011078729712147807	0.001240620418814331
BLCA	Myeloid dendritic cell	QUANTISEQ	407	-0.11518550886216344	-0.21562345564085555	-0.012335828851887961	0.020105425173383793	-0.12127863854503586	0.014477403966333922	0.062154946265037946	0.04670515636003765
BLCA	uncharacterized cell	QUANTISEQ	407	-0.142810083020406	-0.24224299002068994	-0.04040841726466718	0.0038889021570622574	-0.19095154346340304	0.00010821894737238002	0.016090589877368704	0.0007423440074140454
BLCA	T cell	MCPCOUNTER	407	-0.21208745160673426	-0.30834787762556776	-0.11152765208686524	1.5980060411710004e-05	-0.20903407863465537	2.1768799056731436e-05	0.00014168262179089822	0.00018830974405269893
BLCA	T cell CD8+	MCPCOUNTER	407	0.132187360735072	0.029594251793488822	0.2320244287482412	0.007578236697857205	0.14806695652516724	0.002782753085156568	0.0279800807257995	0.012022723273991358
BLCA	cytotoxicity score	MCPCOUNTER	407	0.26802226627625525	0.16971115354027916	0.36105138805360654	3.989763995740646e-08	0.2863549583671387	4.213370896698871e-09	6.610159840400817e-07	9.152377892273659e-08
BLCA	NK cell	MCPCOUNTER	407	0.21481963016003147	0.11435374380234103	0.31093602183266417	1.2331927123764902e-05	0.2374134734183734	1.3092238010797553e-06	0.00011239588590657521	1.6148470227829156e-05
BLCA	B cell	MCPCOUNTER	407	-0.03444164705156805	-0.13695185845205127	0.06879843323104072	0.48837064485129633	-0.01639522023273021	0.7418850129600598	0.6531034570109756	0.8412907194529681
BLCA	Monocyte	MCPCOUNTER	407	0.33211383537396366	0.2372326849162933	0.4207185924075168	6.17027941331645e-12	0.38109529657049135	1.7560803619175553e-15	2.2976945243873638e-10	1.1256187237864985e-13
BLCA	Macrophage/Monocyte	MCPCOUNTER	407	0.33211383537396366	0.2372326849162933	0.4207185924075168	6.17027941331645e-12	0.38109529657049135	1.7560803619175553e-15	2.2976945243873638e-10	1.1256187237864985e-13
BLCA	Myeloid dendritic cell	MCPCOUNTER	407	0.13069193667806986	0.028073803169425413	0.23058412924115204	0.008294693692486043	0.1689207130155713	0.000631397274119022	0.030225771050904404	0.0034625011806527013
BLCA	Neutrophil	MCPCOUNTER	407	0.19550036891085348	0.09440526279856257	0.2926045808329769	7.177688366230491e-05	0.19854458995149907	5.61571095626593e-05	0.0005275331111270906	0.00042497634614925914
BLCA	Endothelial cell	MCPCOUNTER	407	0.031411687734774624	-0.07181668725516153	0.13397427154325345	0.5274431524365005	0.06227842106619592	0.21048889419832972	0.6865188834975756	0.3672519305289912
BLCA	Cancer associated fibroblast	MCPCOUNTER	407	0.10505867308945278	0.002085208384680218	0.20582751845021705	0.034105089995054176	0.19954120355843966	5.1428374603925905e-05	0.09311919424331774	0.0003981880093096046
BLCA	Myeloid dendritic cell activated	XCELL	407	0.08303409928132356	-0.020134119344912358	0.18445265449864462	0.0943493962216727	0.11537747457515343	0.0200508656526342	0.20381554653411063	0.060774329226201344
BLCA	B cell	XCELL	407	0.11370409439979946	0.01083495535646246	0.21419170825734596	0.021774198545628752	0.12306114481904426	0.013086497886140505	0.0663091164126006	0.04332616997020269
BLCA	T cell CD4+ memory	XCELL	407	0.25462399795918594	0.1557115458332822	0.34848102041426804	1.9179686286013132e-07	0.26218789492233946	8.289256073751112e-08	2.819269675876366e-06	1.3604604419490012e-06
BLCA	T cell CD4+ naive	XCELL	407	-0.16355003074420457	-0.26213047001373235	-0.06159151201728044	0.0009273909728522718	-0.15814231460147907	0.001389641758540305	0.004727638466561124	0.006774936752983283
BLCA	T cell CD4+ (non-regulatory)	XCELL	407	0.014106450229075154	-0.08901891405868226	0.11693258586448925	0.7766205453538272	0.01861436157037566	0.7084452459463553	0.8646316436029227	0.8197753511838559
BLCA	T cell CD4+ central memory	XCELL	407	-0.22231336479080802	-0.31802739435170235	-0.1221134157627703	5.9545542018753e-06	-0.23233677192391272	2.2239603160387884e-06	6.09484474589854e-05	2.5059610477555225e-05
BLCA	T cell CD4+ effector memory	XCELL	407	-0.17889969644008033	-0.27679550207118186	-0.07732852055780894	0.0002863222728593636	-0.17416339783147922	0.00042275483457771066	0.0017741998207291788	0.002454325544692264
BLCA	T cell CD8+ naive	XCELL	407	-0.04550442822569759	-0.14780771463532316	0.05776231875158373	0.3598409294382429	-0.05103720718249219	0.3049532149983282	0.5369445068543593	0.48001894953440555
BLCA	T cell CD8+	XCELL	407	-0.07402003032100926	-0.1756767393863208	0.029198601036614626	0.1360269397349413	-0.0674216872137202	0.17514243985314445	0.2667328657791477	0.32208885727414355
BLCA	T cell CD8+ central memory	XCELL	407	0.15136065681855326	0.04913055187383363	0.2504522478342217	0.002199708404194027	0.1695000252493275	0.0006043620061462137	0.010036009171993753	0.0033423697935384663
BLCA	T cell CD8+ effector memory	XCELL	407	-0.03401107455064419	-0.13652884122215733	0.06922745758484879	0.49382660928962024	-0.029838302791996937	0.5488362090213462	0.6572589573014009	0.7019500287478841
BLCA	Class-switched memory B cell	XCELL	407	-0.03329174318689544	-0.13582204857803806	0.06994411737295758	0.5030135740695969	-0.029890747903261933	0.5481336604695968	0.6653139393778296	0.7015393166730354
BLCA	Common lymphoid progenitor	XCELL	407	0.359246115307145	0.26609588051128286	0.44574901819974444	7.646621066186278e-14	0.3604777769293712	6.656178335714487e-14	3.737286046098543e-12	3.336622729826108e-12
BLCA	Common myeloid progenitor	XCELL	407	-0.08065546766153561	-0.1821384365174871	0.022527702269522047	0.10420382178442403	-0.07315085812160067	0.14118937232642587	0.21916995329591066	0.2764398827222459
BLCA	Myeloid dendritic cell	XCELL	407	0.022024910731410198	-0.08115521608185854	0.12473797330797953	0.6577490969575045	0.043835049486717695	0.37834377053683466	0.7865190917803098	0.5526052083672109
BLCA	Endothelial cell	XCELL	407	-0.23830616275194105	-0.33312575621083174	-0.13871483324672995	1.1556296963804458e-06	-0.24420562910589272	6.324048402662038e-07	1.3903114193377057e-05	8.410554168166179e-06
BLCA	Eosinophil	XCELL	407	-0.29634662645980314	-0.3875147263370701	-0.19943794834417813	1.0761490962579486e-09	-0.29507158288625496	1.3384920896821176e-09	2.646379224131182e-08	3.29151199412395e-08
BLCA	Cancer associated fibroblast	XCELL	407	-0.0852300584718562	-0.1865881489625469	0.01792330668646645	0.0859263199753781	-0.07550728677362413	0.1287856976098428	0.18992193957248635	0.25796725289676503
BLCA	Granulocyte-monocyte progenitor	XCELL	407	0.10845372517285103	0.005519350019539119	0.20911388766962705	0.02869154667081019	0.12713911318963	0.010338483574205658	0.08146982388007833	0.035836410261652595
BLCA	Hematopoietic stem cell	XCELL	407	-0.3197139902437065	-0.4092342332081178	-0.22409732380258338	3.9945481833839944e-11	-0.34879782274061394	4.659769295601404e-13	1.2595712416960821e-09	2.0244108828668322e-11
BLCA	Macrophage	XCELL	407	0.12433545917723518	0.02161625017512408	0.22445707670275322	0.012059202554845027	0.15637332592680533	0.0015745244928152236	0.0412163304103532	0.007489526480422779
BLCA	Macrophage M1	XCELL	407	0.08855211382249231	-0.01457686265132757	0.18981691359150338	0.07434501795531695	0.12144028924014105	0.0143461192168857	0.1702934470422679	0.04643487263081381
BLCA	Macrophage M2	XCELL	407	-0.04272314719634846	-0.14508077413247533	0.060539272605400714	0.3899826958155077	-0.030349640266765232	0.5420053431291082	0.5639172857391402	0.6964314464787424
BLCA	Mast cell	XCELL	407	0.33073064919084066	0.23576573171801707	0.41943893316356334	7.631742149731352e-12	0.33532484721688793	3.986693044480256e-12	2.771533507243655e-10	1.484568552754076e-10
BLCA	B cell memory	XCELL	407	0.07987933807936982	-0.023308454473385944	0.18138308126569494	0.1075899247914477	0.08960959519253835	0.07128675891259648	0.22460043029074242	0.16512513468498355
BLCA	Monocyte	XCELL	407	0.08298043640778713	-0.020188132568310955	0.18440045721867954	0.09456320340149017	0.11844674978674415	0.016954715293074782	0.20405194552970563	0.05299195587204029
BLCA	B cell naive	XCELL	407	0.003400406268027838	-0.09963051512670695	0.10635918423248975	0.9454753213214551	0.009049224758823856	0.8557566600750741	0.9672445071603583	0.9127137318312983
BLCA	Neutrophil	XCELL	407	0.018063415113384874	-0.08509092110729363	0.1208346350721335	0.7163624654762735	0.015757429739323724	0.7515895249156728	0.8296733530841911	0.8471360744941714
BLCA	NK cell	XCELL	407	0.03803013538765231	-0.06522136157783337	0.14047592576943085	0.44418445942866097	0.035123826455518856	0.48033663241149477	0.6132631484343448	0.648757401588239
BLCA	T cell NK	XCELL	407	-0.25678534712546297	-0.3505111027335752	-0.15796721567021868	1.4976102195529867e-07	-0.2539379792671211	2.1464369163272857e-07	2.226485155305011e-06	3.0855030672204735e-06
BLCA	Plasmacytoid dendritic cell	XCELL	407	0.13132942758749894	0.028721903852754922	0.2311981743938446	0.007982199298712661	0.14612848614108748	0.0031655587862246047	0.029250608489190727	0.013395384041275113
BLCA	B cell plasma	XCELL	407	-0.1527931401859616	-0.2518261581078254	-0.05059330341522211	0.001993662843521063	-0.15366179689758488	0.0019020547079593086	0.009214210068755741	0.008801223559906386
BLCA	T cell gamma delta	XCELL	407	-0.01782364726555694	-0.12059828513495954	0.08532902472551414	0.7199683332940136	-0.016187496922932445	0.7450412930292394	0.831878304722102	0.8432575660307727
BLCA	T cell CD4+ Th1	XCELL	407	0.09038196132498667	-0.012732594142538675	0.19159443990284306	0.0685295115444716	0.08118828351289616	0.10235285802721532	0.1602574103701459	0.21644114380011462
BLCA	T cell CD4+ Th2	XCELL	407	0.5199060693390881	0.4404979395982668	0.591242110988275	1.4643179574735704e-29	0.5196291120425564	1.8596325343282722e-29	4.089630866944043e-27	5.593202468633495e-27
BLCA	T cell regulatory (Tregs)	XCELL	407	0.011028731547049397	-0.09207188230001438	0.11389538397503562	0.8244550023930836	0.016428501083200504	0.7413797227419914	0.8961965691845862	0.8409616234178086
BLCA	immune score	XCELL	407	0.08296175630845194	-0.020206934483477296	0.18438228715967783	0.09463772060301695	0.11505444239691381	0.020403690099366725	0.20410010345162508	0.061700253896770224
BLCA	stroma score	XCELL	407	-0.26146693401684784	-0.35490534138842295	-0.16285664455237198	8.695861225665221e-08	-0.31872994932041226	4.8758037401264636e-11	1.3492387854107546e-06	1.5527680745596196e-09
BLCA	microenvironment score	XCELL	407	-0.03553336152431388	-0.13802424901935284	0.06771047289732882	0.4746834364359719	-0.011639223427939705	0.815133500739542	0.641243646510151	0.8860639388077868
BLCA	B cell	EPIC	407	0.028254909055165294	-0.07495926110895995	0.13087008630174007	0.5697758303284672	0.03973681543160578	0.4245679544859505	0.7196879297633246	0.5967148461682482
BLCA	Cancer associated fibroblast	EPIC	407	0.0861571592711926	-0.016989632058355686	0.18748943501581403	0.08255698037626488	0.1882253114834598	0.0001361302426941117	0.18523317140850762	0.0009098619639897039
BLCA	T cell CD4+	EPIC	407	0.0015377626456815317	-0.10147433717426511	0.10451723681061113	0.9753271213454269	-0.0021247495176757317	0.9659561718708307	0.9865705844051866	0.9789757988633873
BLCA	T cell CD8+	EPIC	407	-0.14954948645055388	-0.24871456322984623	-0.04728173926153263	0.002488010989224383	-0.14506809323167275	0.003394635234121551	0.011042137307454413	0.014195747342690124
BLCA	Endothelial cell	EPIC	407	-0.237562836213151	-0.3324250778907819	-0.13794197646272538	1.2504073743136893e-06	-0.2546461057567552	1.9806565371870037e-07	1.4997217280878911e-05	2.88729537437852e-06
BLCA	Macrophage	EPIC	407	0.1301527986430251	0.02752575957638652	0.2300647576212709	0.008567438445934855	0.16866925754864198	0.0006434774570140688	0.031127501792769626	0.0035090611672594267
BLCA	NK cell	EPIC	407	0.03177781746012527	-0.07145207234987387	0.13433417116373583	0.5226387988762182	0.05002515570921672	0.314655751021475	0.681626985859244	0.48996574531818693
BLCA	uncharacterized cell	EPIC	407	0.042316284020017546	-0.06094536879926707	0.14468172980666538	0.39451680651959636	0.01337142464721334	0.7882313114919476	0.5685811697352089	0.8728361449825871
BRCA	B cell	TIMER	1090	-0.011520565158283437	-0.07439766309373015	0.05144777085576558	0.7039978547876162	-0.007519422372790305	0.8042431435714679	0.820701136618837	0.8798671037518219
BRCA	T cell CD4+	TIMER	1090	0.0034860548037758577	-0.059458025483136605	0.06640252367233314	0.9084761073874613	0.01911568201799886	0.5285960425029104	0.9483269245309589	0.6875032741135549
BRCA	T cell CD8+	TIMER	1090	0.0945562473077837	0.03181452402975281	0.15655569542206213	0.0017767758810275803	0.12426288948373208	3.9239497401382386e-05	0.008349992421656056	0.00031375549046913116
BRCA	Neutrophil	TIMER	1090	0.20100375323943265	0.13984162601368563	0.2606378833681585	2.1271464812928778e-11	0.24738916436666064	1.195491645714771e-16	7.048426052419621e-10	9.165435950479911e-15
BRCA	Macrophage	TIMER	1090	0.12441070362503366	0.061964808032949945	0.18588638072848526	3.809559607424513e-05	0.17058584693436057	1.4751016268621816e-08	0.00030648926059732195	2.869476299020463e-07
BRCA	Myeloid dendritic cell	TIMER	1090	0.120934890023229	0.058448680772389	0.18247717324381904	6.25967784593587e-05	0.15997979306997265	1.1114562857268378e-07	0.00047118815670698364	1.7245214592031492e-06
BRCA	B cell naive	CIBERSORT	1090	0.05863430519925412	-0.0043126444266339044	0.12111842451747651	0.052957874987641027	0.060521452826576165	0.04585291359754229	0.13247939296332464	0.11775488474669833
BRCA	B cell memory	CIBERSORT	1090	-0.17050895360186544	-0.23096170040135836	-0.10874478197282675	1.4749847718212486e-08	-0.17035082984783217	1.544779544167418e-08	2.68241416642841e-07	2.960827459654218e-07
BRCA	B cell plasma	CIBERSORT	1090	-0.013817080224491674	-0.07668144025826132	0.0491566989879648	0.6486263703307438	-0.015374466836447345	0.6122918688398244	0.7784660867004776	0.7455811918915334
BRCA	T cell CD8+	CIBERSORT	1090	-0.16167575345263227	-0.22234456221207743	-0.09975971463572016	8.007027797133409e-08	-0.1610909252438992	9.049733363244292e-08	1.2522991474716653e-06	1.4561505123574146e-06
BRCA	T cell CD4+ naive	CIBERSORT	1090	-0.02535724979995489	-0.08814762384665344	0.037633841026600966	0.40295957095169715	-0.025394091460666856	0.40249273881183156	0.5764990568683264	0.5768656055415559
BRCA	T cell CD4+ memory resting	CIBERSORT	1090	0.12864591237064993	0.0662512341524759	0.19003843164727904	2.0433208933979193e-05	0.13869607777359694	4.3496695143131474e-06	0.00017833447975861306	4.5595731369877766e-05
BRCA	T cell CD4+ memory activated	CIBERSORT	1090	0.15073631169567017	0.08864617228057295	0.21165954718283936	5.749020194070639e-07	0.15031146794228564	6.263276624713572e-07	7.492889652938734e-06	8.358160956529033e-06
BRCA	T cell follicular helper	CIBERSORT	1090	-0.07848072838495565	-0.14071678231148566	-0.015626871202742476	0.00953979441990368	-0.08586177492494347	0.0045765181442895915	0.034002366619711386	0.018334206910012606
BRCA	T cell regulatory (Tregs)	CIBERSORT	1090	-0.11185765913029512	-0.17356690275972858	-0.04927347448297918	0.0002152784084398462	-0.111899426032548	0.0002155431818493873	0.0013890075528049481	0.0013725958322982157
BRCA	T cell gamma delta	CIBERSORT	1090	-0.03502215952651556	-0.09773778365192594	0.027970523292957794	0.24797189329393837	-0.03297312009346947	0.2769665758161577	0.41170705001244123	0.44953894206773626
BRCA	NK cell resting	CIBERSORT	1090	0.09691015349022764	0.03418761568772224	0.15887228235371084	0.001358272536373153	0.09552494028404543	0.0015999163098755857	0.006500423032091833	0.007601060475836622
BRCA	NK cell activated	CIBERSORT	1090	-0.18222377614875754	-0.24237536543695912	-0.12067660251486076	1.3608028712048842e-09	-0.18748184649684177	4.513079211476644e-10	3.2246904402491495e-08	1.2426858955544845e-08
BRCA	Monocyte	CIBERSORT	1090	-0.002903397783084318	-0.0658224074421895	0.06003860842444727	0.9237220481336924	-0.0023393496791305575	0.9385360486943288	0.9572629759349953	0.963358916130647
BRCA	Macrophage M0	CIBERSORT	1090	0.061103127840599285	-0.0018349644406165538	0.12355904465059182	0.04370606413635369	0.059547900072535104	0.04946432682572187	0.11400314261050229	0.12466914988591392
BRCA	Macrophage M1	CIBERSORT	1090	0.14509766988670939	0.08292382316037977	0.20614635360659062	1.5062666492309468e-06	0.14624818011187293	1.2551371389381666e-06	1.7528281543133935e-05	1.562925545620456e-05
BRCA	Macrophage M2	CIBERSORT	1090	0.05417857576391679	-0.008782404289109778	0.11671168198300291	0.07378010049174123	0.05453058059107501	0.07205333212838956	0.16939529825173708	0.1666882820542441
BRCA	Myeloid dendritic cell resting	CIBERSORT	1090	0.06872132352379665	0.0058154372457791615	0.13108545404569247	0.0232729399856877	0.07226346823786584	0.01707566446063168	0.06989031900463819	0.05324230306305412
BRCA	Myeloid dendritic cell activated	CIBERSORT	1090	0.03550628698877286	-0.02748616572712455	0.09821786066517824	0.24149042227351553	0.03217383445698448	0.2887845240010333	0.40490032207952215	0.4609488199855435
BRCA	Mast cell activated	CIBERSORT	1090	-0.08644376890028513	-0.14856660350071987	-0.023641341378529763	0.004289790118297424	-0.08355930515015195	0.005795784542227046	0.017417527894644784	0.022238976997161677
BRCA	Mast cell resting	CIBERSORT	1090	0.03708838283961536	-0.02590311161480564	0.09978651639914515	0.22114300475052764	0.03454306419244868	0.2547232260709261	0.37924085463796625	0.4223782077766417
BRCA	Eosinophil	CIBERSORT	1090	0.017774461326044735	-0.045207142136523125	0.08061532414747329	0.5577414858608102	0.0158192546123257	0.6020404433439749	0.7089626819622132	0.7386188056087047
BRCA	Neutrophil	CIBERSORT	1090	0.12000068558616571	0.057503905386829965	0.1815606183320965	7.13752333053136e-05	0.11958176192167512	7.625703907060985e-05	0.000525569043735925	0.0005478194725076829
BRCA	B cell naive	CIBERSORT-ABS	1090	0.07686250270958915	0.013999180941715336	0.13912060751390642	0.011133795411780143	0.08649082131505556	0.0042864636668919175	0.038765040124719825	0.01733202992507487
BRCA	B cell memory	CIBERSORT-ABS	1090	-0.1612371352286681	-0.22191642552413757	-0.09931381834493484	8.688353508197755e-08	-0.16055685857977	9.991104638827112e-08	1.3492387854107546e-06	1.5752104491054036e-06
BRCA	B cell plasma	CIBERSORT-ABS	1090	0.012175838489797171	-0.050794118223940095	0.07504936912457863	0.6880220376912548	0.01486398546595682	0.6241514052766294	0.8101565754129815	0.7562541043172051
BRCA	T cell CD8+	CIBERSORT-ABS	1090	-0.07675258174851739	-0.13901217266457036	-0.013888629163850317	0.011250183700381979	-0.07347769337662079	0.015297508381214579	0.039135425505777165	0.048867040662213236
BRCA	T cell CD4+ naive	CIBERSORT-ABS	1090	-0.025223797334172862	-0.088015121999328	0.037767189103385695	0.40544041102973927	-0.025253508778272832	0.4051033733026119	0.5789475425985015	0.5793541293391413
BRCA	T cell CD4+ memory resting	CIBERSORT-ABS	1090	0.11038579077486584	0.04778671404565512	0.1721211544158669	0.0002608295287737502	0.13300762689618967	1.063755684401021e-05	0.0016369878932670355	9.97430389929974e-05
BRCA	T cell CD4+ memory activated	CIBERSORT-ABS	1090	0.1489640772594214	0.08684718674055085	0.20992715903878337	7.811663527936932e-07	0.14870447117334373	8.263432601054626e-07	9.949056805939219e-06	1.0628296536224865e-05
BRCA	T cell follicular helper	CIBERSORT-ABS	1090	-0.00939622500872831	-0.0722845184715124	0.05356648593719345	0.7566608379895614	-0.005844619962395034	0.847231047636251	0.8516246046457067	0.9070847196762709
BRCA	T cell regulatory (Tregs)	CIBERSORT-ABS	1090	-0.07931166918798552	-0.1415362745359925	-0.01646280143173597	0.008803050046809542	-0.07689441775413594	0.011137318387220936	0.03184081931824728	0.037932852695151446
BRCA	T cell gamma delta	CIBERSORT-ABS	1090	-0.02853196797468272	-0.0912990725848809	0.034460944570640833	0.3466546883189011	-0.02598988105176712	0.3915411539445715	0.5245432783772846	0.5663802855801977
BRCA	NK cell resting	CIBERSORT-ABS	1090	0.10577660949659609	0.043132691613572596	0.1675920472929192	0.000468689152690869	0.10471357217566081	0.000537976350431087	0.0026987017313680347	0.0030006954781534242
BRCA	NK cell activated	CIBERSORT-ABS	1090	-0.14856636991765218	-0.20953834101144178	-0.08644353183005357	8.363969116826978e-07	-0.14760415412404124	9.973388216432583e-07	1.05154724266217e-05	1.2702263168160064e-05
BRCA	Monocyte	CIBERSORT-ABS	1090	0.01662658826316994	-0.04635294846798039	0.0794744681910062	0.5834602951214631	0.020320844059546345	0.5029298995052858	0.7300255212559748	0.6688625534236964
BRCA	Macrophage M0	CIBERSORT-ABS	1090	0.08077739496852235	0.017937542441271107	0.14298159789693343	0.00762636610924747	0.08282453795815305	0.006242375426597432	0.028087658921461495	0.023648995053285344
BRCA	Macrophage M1	CIBERSORT-ABS	1090	0.11435935934816158	0.05180112291136726	0.17602359731995432	0.00015452749865651095	0.12651079486407435	2.8279708526281873e-05	0.0010345933557310923	0.00023882000072950784
BRCA	Macrophage M2	CIBERSORT-ABS	1090	0.11054159568450557	0.04794408223368135	0.1722742069740221	0.0002556117110406902	0.14519305160911394	1.4988801408682807e-06	0.0016094070695154567	1.8200687424829122e-05
BRCA	Myeloid dendritic cell resting	CIBERSORT-ABS	1090	0.0717067060578433	0.008815450134861272	0.13403290851761418	0.017897126571362623	0.0773196212533709	0.01069716476972054	0.05666215780892944	0.03672161040351827
BRCA	Myeloid dendritic cell activated	CIBERSORT-ABS	1090	0.038342538369040266	-0.024647971925087556	0.10102979629270215	0.20590816552339639	0.035221342623111	0.24550781020829976	0.36054676542609937	0.4107554719360086
BRCA	Mast cell activated	CIBERSORT-ABS	1090	-0.06825355728685248	-0.13062353065742957	-0.005345481233130896	0.024231169263323117	-0.0654696847663705	0.030746636722657286	0.0721583182175121	0.08478092354413962
BRCA	Mast cell resting	CIBERSORT-ABS	1090	0.04285955287530732	-0.020125766586770868	0.10550601877852572	0.1573499590081449	0.04086007454964168	0.1778525304256186	0.2966084532124159	0.3255674191542836
BRCA	Eosinophil	CIBERSORT-ABS	1090	0.01808019827069672	-0.04490192771810268	0.08091916431460826	0.5509853455950333	0.016137504644898437	0.5947532152481787	0.7035769762496996	0.7334703881298871
BRCA	Neutrophil	CIBERSORT-ABS	1090	0.12486190966699755	0.06242136100866463	0.18632883190805147	3.568270943182612e-05	0.12481684759103798	3.621521344066101e-05	0.00028945932339925333	0.0002950030928187178
BRCA	B cell	QUANTISEQ	1090	0.19759178072791708	0.1363562878736431	0.257323093029491	4.672194442324701e-11	0.21162157862031444	1.7192094604435543e-12	1.4614624215591665e-09	6.859294888096222e-11
BRCA	Macrophage M1	QUANTISEQ	1090	0.22236353707998177	0.16169519341327138	0.2813573798245826	1.1184151453783821e-13	0.24841681036441557	8.864549214083191e-17	5.144709668740558e-12	6.932077485413055e-15
BRCA	Macrophage M2	QUANTISEQ	1090	-0.0752643789885852	-0.13754394318845445	-0.012392037119884803	0.012935520416988408	-0.07457505940835725	0.013832694345007852	0.04360162485381437	0.04514677369697888
BRCA	Monocyte	QUANTISEQ	1090	-0.06571101222890881	-0.1281122707348817	-0.00279151957062591	0.030058819086716742	-0.0727887500854548	0.01628532687863363	0.08432311422611499	0.05143427148259895
BRCA	Neutrophil	QUANTISEQ	1090	0.11366473961465545	0.051099218034579966	0.17534155083622752	0.00016954309343264237	0.11821805855107073	9.212991606065974e-05	0.0011235821954603926	0.0006444149763813588
BRCA	NK cell	QUANTISEQ	1090	-0.0051272800390764	-0.06803636340608003	0.05782241355603294	0.8657299466525866	-0.004319373670652241	0.8867827845629045	0.9219785985818341	0.9331226237549272
BRCA	T cell CD4+ (non-regulatory)	QUANTISEQ	1090	-0.02291157855009847	-0.08571902095606812	0.0400772431214845	0.4498528162465947	-0.018424748142693587	0.5436054142721074	0.618251146405689	0.697570452840151
BRCA	T cell CD8+	QUANTISEQ	1090	-0.029950961385170664	-0.09270725889154112	0.033042354656432946	0.3231906193073075	-0.025204526964057932	0.4060153397086021	0.49927906815154977	0.5804460615212557
BRCA	T cell regulatory (Tregs)	QUANTISEQ	1090	0.1589254843601784	0.09696422070231635	0.21965962885852083	1.3312999806647652e-07	0.18371277104509995	1.011320970626641e-09	2.0098003569109003e-06	2.584486924934749e-08
BRCA	Myeloid dendritic cell	QUANTISEQ	1090	0.15315287525422372	0.09109986573690898	0.2140211608287413	3.763157340749344e-07	0.15897731409312574	1.336274365561855e-07	5.150423161615507e-06	2.0251289803669973e-06
BRCA	uncharacterized cell	QUANTISEQ	1090	-0.10616882482914912	-0.16797755036472212	-0.04352861687056476	0.0004462813216070908	-0.13937914313513847	3.897371221509466e-06	0.002600536464208234	4.1409569228538074e-05
BRCA	T cell	MCPCOUNTER	1090	-0.08182220076301829	-0.14401169840157096	-0.018988941459388464	0.0068756971622624076	-0.07897195925425195	0.00912981901558413	0.025775624069459265	0.032102151394724776
BRCA	T cell CD8+	MCPCOUNTER	1090	-0.05084973660438617	-0.11341783284331677	0.01212008431142011	0.09335277897688317	-0.046737669388844875	0.12321602007278311	0.20210928338849013	0.24846551752686022
BRCA	cytotoxicity score	MCPCOUNTER	1090	0.009697158317695206	-0.05326638393483373	0.07258390015467839	0.7491250313578088	0.015428658629618796	0.6110387437240349	0.8472892313014269	0.7442870679006157
BRCA	NK cell	MCPCOUNTER	1090	0.028834513682088513	-0.034158506182489785	0.09159933515003828	0.34156315829895223	0.037644660490199384	0.21449971307394083	0.5196544548439312	0.37236723119282306
BRCA	B cell	MCPCOUNTER	1090	-0.05540701576314612	-0.11792686223604516	0.00755034726903412	0.06746304540884455	-0.05128057904291135	0.09075498113981192	0.15798499611116495	0.19913129980733144
BRCA	Monocyte	MCPCOUNTER	1090	0.18215639890633076	0.12060792633415426	0.24230976785921154	1.3802170746574719e-09	0.20657232266737435	5.842765842813312e-12	3.231526204736955e-08	2.115297633833338e-10
BRCA	Macrophage/Monocyte	MCPCOUNTER	1090	0.18215639890633076	0.12060792633415426	0.24230976785921154	1.3802170746574719e-09	0.20657232266737435	5.842765842813312e-12	3.231526204736955e-08	2.115297633833338e-10
BRCA	Myeloid dendritic cell	MCPCOUNTER	1090	-0.0035795323106107687	-0.06649558959289516	0.059364876763222135	0.906033135641659	0.008500743541682176	0.7793183654825212	0.9469632612560509	0.8670676000091143
BRCA	Neutrophil	MCPCOUNTER	1090	0.13091472062028064	0.06854842730421028	0.19226178915236466	1.4517640654657883e-05	0.14014048165007825	3.446335895682344e-06	0.00013019260311860625	3.691828315648758e-05
BRCA	Endothelial cell	MCPCOUNTER	1090	-0.0670242578977884	-0.1294094572936945	-0.004110559528162235	0.026913827113596345	-0.0678809195442976	0.025085607215707843	0.07789271947754382	0.0727092099432303
BRCA	Cancer associated fibroblast	MCPCOUNTER	1090	-0.052125656192745964	-0.11468050358730232	0.010840941906112062	0.08540861096291835	-0.06925019084199573	0.022290802836078087	0.18924469544326938	0.06638007546768113
BRCA	Myeloid dendritic cell activated	XCELL	1090	-0.056455728969900795	-0.11896410752654173	0.006498394965008309	0.06242825745674422	-0.0525765907769217	0.08287649267773899	0.14847596511914227	0.1854947827702488
BRCA	B cell	XCELL	1090	0.06955854589353122	0.006656648325160133	0.13191215110396304	0.021639722428614023	0.06902556109884482	0.022729863559299394	0.0661025896061569	0.06753325723165701
BRCA	T cell CD4+ memory	XCELL	1090	0.2878887482834624	0.2291085021443961	0.34457703515892546	3.018907011889823e-22	0.2896200855571997	1.7330384149983994e-22	3.807718198867486e-20	2.823408417768226e-20
BRCA	T cell CD4+ naive	XCELL	1090	-0.09925049584013426	-0.16117484431104623	-0.03654773434687618	0.0010339782965667623	-0.09681099029431318	0.0013809209783357931	0.005169891482833811	0.006740825250053622
BRCA	T cell CD4+ (non-regulatory)	XCELL	1090	0.04428400713968278	-0.018699140668092147	0.10691708282439637	0.14399285739199918	0.044973671723067765	0.13802733748281582	0.27789342171901127	0.2721567773866918
BRCA	T cell CD4+ central memory	XCELL	1090	-0.23458813971157774	-0.2931908364412797	-0.17422922765231047	4.301627963993717e-15	-0.23593507028151325	3.05738936595155e-15	2.4027664770307766e-13	1.8112715789197818e-13
BRCA	T cell CD4+ effector memory	XCELL	1090	-0.23810237901032985	-0.29658931233942665	-0.17783604319768337	1.6281536521550713e-15	-0.24097808838593274	7.490631650936106e-16	9.645576939282317e-14	5.138310483361434e-14
BRCA	T cell CD8+ naive	XCELL	1090	0.036317714768584294	-0.02667428594010396	0.09902243418704994	0.23089591841612278	0.038468583620992175	0.20462842042818535	0.390993088352984	0.3605665272078435
BRCA	T cell CD8+	XCELL	1090	-0.008413192830060773	-0.07130647587248397	0.05454672330742128	0.7814353510013557	-0.004741295995586439	0.8758092015886317	0.8662920959499011	0.925517291408527
BRCA	T cell CD8+ central memory	XCELL	1090	-0.0030353326288433922	-0.06595377068532605	0.05990714695571388	0.9202671550615497	0.002914561838796215	0.9234647502216374	0.9549481359582429	0.9559828364751397
BRCA	T cell CD8+ effector memory	XCELL	1090	-0.017451149048739	-0.08029400497870015	0.045529889059055424	0.5649295124455203	-0.018630809065893407	0.5391070138011814	0.7155407818794896	0.6932420014246075
BRCA	Class-switched memory B cell	XCELL	1090	0.005807422036517498	-0.05714449872033257	0.06871334589350471	0.8481225058568741	0.006587544381263959	0.8280979480518423	0.9120349279153954	0.895037030168143
BRCA	Common lymphoid progenitor	XCELL	1090	0.3785938321320527	0.323367115046777	0.43125020206662806	1.7892507924956368e-38	0.38029746113587637	8.473077920456582e-39	1.1659950997763233e-35	4.141216833623154e-36
BRCA	Common myeloid progenitor	XCELL	1090	-0.08750510647459865	-0.1496122599447601	-0.024710143649901463	0.0038374119826885818	-0.08466868472339273	0.005175870717808385	0.01589436530965292	0.020278210928487757
BRCA	Myeloid dendritic cell	XCELL	1090	0.0068698472665042675	-0.0560854362832722	0.06977071985122027	0.8207725414446514	0.012555403241236648	0.6789702057997097	0.8939333250831718	0.7992089340401825
BRCA	Endothelial cell	XCELL	1090	-0.3053006687841757	-0.3612902756941585	-0.24711747265651976	6.012466170354674e-25	-0.329815932598443	4.7800886959610167e-29	1.1194639393374653e-22	1.335010485800541e-26
BRCA	Eosinophil	XCELL	1090	-0.028181621876204467	-0.09095135609050602	0.03481115197888679	0.35261061272838407	-0.029973469622103545	0.3230495334284121	0.5306803293949122	0.4986670650237234
BRCA	Cancer associated fibroblast	XCELL	1090	-0.27771027608053045	-0.33479031745793625	-0.21859961683072515	9.408713699245285e-21	-0.3337823517960027	9.46640510260606e-30	9.942721774067315e-19	3.364876722835427e-27
BRCA	Granulocyte-monocyte progenitor	XCELL	1090	0.04557279907063828	-0.017408162879839092	0.10819354243009004	0.1326721270598188	0.05083206647538623	0.09361766037801836	0.261202425379603	0.20360415027556927
BRCA	Hematopoietic stem cell	XCELL	1090	-0.2816568849825021	-0.33858648943927716	-0.22267271352363519	2.521829156860744e-21	-0.31580225872150736	1.2081117423921919e-26	2.9001035303898556e-19	2.952323070470919e-24
BRCA	Macrophage	XCELL	1090	0.013838407276013147	-0.049135419379620786	0.07670264592577627	0.6481205566905239	0.01812786592479487	0.5501191087321311	0.7783148498671223	0.7027003316375801
BRCA	Macrophage M1	XCELL	1090	-0.0204872046153774	-0.08331082986720878	0.04249862437767348	0.49924198004304127	-0.019349326275936583	0.5235686170511635	0.6619233750200014	0.6838324546451021
BRCA	Macrophage M2	XCELL	1090	-0.12412450675645374	-0.18560572408603235	-0.061675233185611314	3.970538797701759e-05	-0.12390019143176972	4.134765445884011e-05	0.00031683278977579345	0.00032726584804466566
BRCA	Mast cell	XCELL	1090	0.22510866779269897	0.1645081062326447	0.2840162386965795	5.4695453169594506e-14	0.23737566308381522	2.052562407675752e-15	2.741784896065571e-12	1.273891906986062e-13
BRCA	B cell memory	XCELL	1090	-0.04300202460839901	-0.10564716259782027	0.019983089191022513	0.1559732231340987	-0.04237944779331109	0.1622501870138829	0.2947584835448651	0.30455988056854644
BRCA	Monocyte	XCELL	1090	0.010384535374573163	-0.05258086304613417	0.073267690560768	0.7320026153565143	0.015757350426068656	0.6034625700051628	0.8390883101858608	0.7389723296962688
BRCA	B cell naive	XCELL	1090	0.08811350225972374	0.025322883197877552	0.15021160412087717	0.003598052592183334	0.08858093324705142	0.0034382996940127606	0.01496636769727323	0.014332357999562787
BRCA	Neutrophil	XCELL	1090	0.02970761715491345	-0.033285647723186464	0.0924657858128404	0.3271392923662787	0.029901703552548453	0.3242099569383375	0.5038643183989191	0.4997209495680577
BRCA	NK cell	XCELL	1090	0.005911505710230535	-0.05704075075239985	0.06881694094924024	0.8454344367003607	0.007514449614307225	0.8043699786119974	0.9101455527253333	0.8798671037518219
BRCA	T cell NK	XCELL	1090	-0.39252640688662593	-0.444477908328799	-0.3379432770132879	1.8008399021742224e-41	-0.4009594251193175	2.560495964933595e-43	1.7603210043753023e-38	3.337179740963452e-40
BRCA	Plasmacytoid dendritic cell	XCELL	1090	0.03831027557611832	-0.024680262524045763	0.10099781572582643	0.2062902857725307	0.03755604199800987	0.21558151786448188	0.3608003243545541	0.37363640729172165
BRCA	B cell plasma	XCELL	1090	-0.10473522854304439	-0.16656839649594785	-0.04208155581373769	0.0005333734076330003	-0.11659026805751581	0.00011515469151308478	0.0029835336535694295	0.0007857850677419921
BRCA	T cell gamma delta	XCELL	1090	-0.021580636346391208	-0.08439705372231755	0.0414066339874559	0.47661756399632677	-0.021958241394150865	0.46914122028932675	0.6428336237411651	0.6400276634307239
BRCA	T cell CD4+ Th1	XCELL	1090	-0.17871335012345496	-0.23895692954132325	-0.11709928452544877	2.826486935978524e-09	-0.22116658979178824	1.5626489694506848e-13	6.006284738954364e-08	7.637446838190221e-12
BRCA	T cell CD4+ Th2	XCELL	1090	0.3709706813018475	0.31540290540178784	0.4240031232764961	6.792200303514583e-37	0.3741307041989603	1.6420593367508278e-37	3.3196878983427526e-34	7.133835562995263e-35
BRCA	T cell regulatory (Tregs)	XCELL	1090	0.1418108101626443	0.07959005950646095	0.20293083062155778	2.5977195211876255e-06	0.14456675734269755	1.6644114298701535e-06	2.82927112196201e-05	1.9718992134616958e-05
BRCA	immune score	XCELL	1090	0.03837257580626798	-0.02461790848161827	0.10105957085422976	0.2055528641994957	0.044359795415659396	0.14349140235847704	0.360247287772312	0.27899123979196677
BRCA	stroma score	XCELL	1090	-0.30039262368350766	-0.3565828117190129	-0.2420370605792236	3.6242438316734725e-24	-0.35921546861393555	1.6439819697779975e-34	5.904497242434698e-22	6.42796950183197e-32
BRCA	microenvironment score	XCELL	1090	-0.18086719110156976	-0.2410545065177606	-0.11929397789455484	1.8080801096483166e-09	-0.19945513730787176	3.1092769629179994e-11	4.134265046037964e-08	1.0480407693973602e-09
BRCA	B cell	EPIC	1090	-0.031574291073484376	-0.09431791742531666	0.0314191752408863	0.2976465745712074	-0.02904325894856293	0.3383004034209879	0.4685177562694931	0.5149325230328226
BRCA	Cancer associated fibroblast	EPIC	1090	-0.02710025444155686	-0.08987800857613698	0.035891993778382404	0.37139868439933416	-0.01631650755940989	0.5906722020885272	0.5477815375335332	0.7310947483906748
BRCA	T cell CD4+	EPIC	1090	0.2554557991159052	0.19567037901517811	0.31334939972674997	1.0643373392113839e-17	0.260622746572664	2.2863543319662322e-18	9.247908880703358e-16	2.1284870090447543e-16
BRCA	T cell CD8+	EPIC	1090	0.15358060707514953	0.09153424804747799	0.21443909240903064	3.4888159022800214e-07	0.15387233194836397	3.354247722743132e-07	4.803264147153128e-06	4.68396735568773e-06
BRCA	Endothelial cell	EPIC	1090	-0.14593778605876337	-0.2069680247078287	-0.08377615125865272	1.3078594750832198e-06	-0.15610349779727564	2.2515723976014158e-07	1.5543253943998144e-05	3.2130102462122394e-06
BRCA	Macrophage	EPIC	1090	-0.05170522507708781	-0.11426446045494351	0.01126245774529226	0.0879637113364006	-0.04718490436908178	0.11966520117464288	0.1933747180882094	0.2435663386740519
BRCA	NK cell	EPIC	1090	-0.19180150428904968	-0.25169452043921253	-0.13044497368337885	1.720098816833928e-10	-0.19485335002716073	8.871287274850555e-11	4.8385513480724165e-09	2.7312388381626515e-09
BRCA	uncharacterized cell	EPIC	1090	0.022246446823686497	-0.040741627450258694	0.08505840206860213	0.46312074232977407	-0.0021525836820422742	0.9434345541913747	0.631323140479964	0.9664210392686076
CESC	B cell	TIMER	304	-0.10728821654979777	-0.2236085802380547	0.012045350547945876	0.061716960158195396	-0.15417385921743848	0.007173306105919387	0.14723204040179622	0.026286435683359703
CESC	T cell CD4+	TIMER	304	-0.06704333573703639	-0.18474672198416123	0.05255614658108883	0.24384232269845924	-0.13964203572713216	0.014990113753912673	0.4077944746582445	0.04808149694651235
CESC	T cell CD8+	TIMER	304	0.006342958648501641	-0.11292195329482979	0.12542768995311393	0.9122993243002641	-0.06406471073228863	0.2662668210235304	0.9504637244908161	0.4370374720196089
CESC	Neutrophil	TIMER	304	0.0004074868663971681	-0.11877782995781559	0.11958122799730447	0.9943546089764257	-0.06877300304389211	0.23263834785943827	0.9975407949025287	0.3947985851260432
CESC	Macrophage	TIMER	304	-1.0706773306845666e-06	-0.11918060395525874	0.1191784930158953	0.9999851665345018	-0.07107514337657339	0.21733535499690707	0.9999851665345018	0.37567693989297374
CESC	Myeloid dendritic cell	TIMER	304	-0.06956791762785447	-0.18719541525815311	0.05002640342114869	0.2264988704106772	-0.16217189951590297	0.00465482322583105	0.38656070855772495	0.018590764875382436
CESC	B cell naive	CIBERSORT	304	0.1570347549991327	0.038577191427653534	0.2711398317331616	0.006074026870251184	0.1574137794666096	0.006034529729909796	0.023215638263865086	0.022963669403186948
CESC	B cell memory	CIBERSORT	304	-0.09145773490518935	-0.20836611533078267	0.028027308200387773	0.1115223506194462	-0.0976993514298877	0.08956878405461433	0.23108234813038403	0.19748678427999164
CESC	B cell plasma	CIBERSORT	304	0.04935119202248393	-0.07024149253323078	0.16754529724446773	0.39119887980850393	0.03604757568719569	0.531914589346924	0.5652578048969883	0.6890636555273076
CESC	T cell CD8+	CIBERSORT	304	-0.12203980074558214	-0.23776119624066364	-0.0029024676309096936	0.033417805596626	-0.13004540692321037	0.02357703403668286	0.09175816003006157	0.06941732159896835
CESC	T cell CD4+ naive	CIBERSORT	304	-0.07155918045012599	-0.18912579028291004	0.04802998653161713	0.21345080309969644	-0.052378187158993644	0.36356289501187783	0.36912544896939986	0.5394804248563349
CESC	T cell CD4+ memory resting	CIBERSORT	304	0.0909911783850452	-0.0284974041458266	0.2079160257005362	0.11336778387777695	0.07068997770002095	0.21984419542541783	0.23379115768043665	0.37900829105528383
CESC	T cell CD4+ memory activated	CIBERSORT	304	0.01745879458165842	-0.10193284876843231	0.13635462573579055	0.76175759947721	0.0012840354425339776	0.9822415960707007	0.8555327728390272	0.9889808359867456
CESC	T cell follicular helper	CIBERSORT	304	0.05946467801116116	-0.060141088775533647	0.17738708890279517	0.30139541316561036	0.08991319753301777	0.11833381603772604	0.4730855341138243	0.2418636804534808
CESC	T cell regulatory (Tregs)	CIBERSORT	304	-0.1090004560316754	-0.22525381662546953	0.010313065623540165	0.05765416363535392	-0.10245673053721305	0.07494984833437617	0.14133403123149454	0.17157687258780424
CESC	T cell gamma delta	CIBERSORT	304	-0.17244800975320934	-0.28575464982468685	-0.054386221907454506	0.0025530576876847517	-0.1803516511902421	0.0016200393844221206	0.01122885889634126	0.007668709434734251
CESC	NK cell resting	CIBERSORT	304	0.1370844798796589	0.018202314740179595	0.25214457441978083	0.016774922018264526	0.1415780307392731	0.0136370249018849	0.05345553797181279	0.044657259100812356
CESC	NK cell activated	CIBERSORT	304	-0.1607709480921473	-0.27468732023665615	-0.04240388384500869	0.00495584027654935	-0.15846894993617397	0.0057002986144565095	0.019632558744992867	0.02198044140288457
CESC	Monocyte	CIBERSORT	304	0.03112862717016231	-0.08837879743888945	0.14975260909068439	0.5887548587305764	0.025677507202660724	0.6561812499838345	0.7347362666948862	0.7821725620633739
CESC	Macrophage M0	CIBERSORT	304	0.11044456788399283	-0.008851490413168612	0.2266409025168427	0.05440191900297096	0.11658726420181074	0.04256485420237678	0.1353987926808507	0.11117473609304825
CESC	Macrophage M1	CIBERSORT	304	0.02438295829695996	-0.09507286718339533	0.1431465301290862	0.6719720926592563	-0.005487388933603468	0.9242160833783756	0.7959439207202944	0.9562542699151755
CESC	Macrophage M2	CIBERSORT	304	-0.04976492061848533	-0.16794837388732992	0.06982877961974981	0.387235110544719	-0.05379121633482047	0.35074577974847937	0.562401917721603	0.5270114417827497
CESC	Myeloid dendritic cell resting	CIBERSORT	304	-0.028402692286181006	-0.147084357274588	0.09108518136401769	0.6218166842022749	-0.04919089421904427	0.3935271973755475	0.7604952252833578	0.568412021329291
CESC	Myeloid dendritic cell activated	CIBERSORT	304	-0.10825197547286426	-0.2245347070481988	0.011070396869694812	0.05940208788926457	-0.08273605599855575	0.1508062540410655	0.14390468627448852	0.28890370078420685
CESC	Mast cell activated	CIBERSORT	304	-0.05105962653375546	-0.1692094907263438	0.06853698756268739	0.37498937155554374	-0.08144466204296474	0.1573063189703385	0.5514134797977345	0.29742152184430537
CESC	Mast cell resting	CIBERSORT	304	0.09583994801771155	-0.023609269361007566	0.21259124492120152	0.09531887128703796	0.12357177980558451	0.03152686923603695	0.20534258222166307	0.08668780500204254
CESC	Eosinophil	CIBERSORT	304	0.04990581791532503	-0.06968821887251546	0.168085634589542	0.38589081212634707	0.07662326692662308	0.1834468842386158	0.5623870661641305	0.3325146989277818
CESC	Neutrophil	CIBERSORT	304	0.014405980153808302	-0.10495376326020121	0.13335656898490808	0.8024674295566212	0.026428946853224188	0.646791181812875	0.8810176323817783	0.7748019365466732
CESC	B cell naive	CIBERSORT-ABS	304	0.1573821199460598	0.03893282392667965	0.2714697830100786	0.005961270781671295	0.14713340905690964	0.010331807360214556	0.02287396345077013	0.035836410261652595
CESC	B cell memory	CIBERSORT-ABS	304	-0.08365808992936194	-0.20083524407618455	0.03587918600237438	0.14562176221377182	-0.10044346951531456	0.08088059643742977	0.28075990643779475	0.18216770280550137
CESC	B cell plasma	CIBERSORT-ABS	304	0.0508122674832594	-0.0687838209023642	0.16896857890505063	0.3773103840094174	0.0033562278079667593	0.9536050938559372	0.5535773363890514	0.9709885200460193
CESC	T cell CD8+	CIBERSORT-ABS	304	-0.06392987110437102	-0.18172483387991606	0.05567386396514485	0.26648207657487755	-0.13276618731281464	0.020792136340362127	0.4345058045903967	0.06277780161452966
CESC	T cell CD4+ naive	CIBERSORT-ABS	304	-0.07155918045012599	-0.18912579028291004	0.04802998653161713	0.21345080309969644	-0.052378187158993644	0.36356289501187783	0.36912544896939986	0.5394804248563349
CESC	T cell CD4+ memory resting	CIBERSORT-ABS	304	0.08950880355654026	-0.02999067400683241	0.20648564192786228	0.11939037669744468	0.040863387762689565	0.47853502470568515	0.24137351235109034	0.6474297393076917
CESC	T cell CD4+ memory activated	CIBERSORT-ABS	304	0.016766891217588335	-0.10261771522377953	0.13567532370299873	0.7709313486720438	-0.005423420460623982	0.9250969217215574	0.860502875623092	0.9563580652808258
CESC	T cell follicular helper	CIBERSORT-ABS	304	0.028556115778807834	-0.09093290511618851	0.14723458008415122	0.6199346936313955	-0.026740716017910005	0.6429115390830357	0.759857257711209	0.7708629616113676
CESC	T cell regulatory (Tregs)	CIBERSORT-ABS	304	-0.09207194111890887	-0.20895856793698736	0.02740836185314851	0.10912896012837751	-0.13270343709925095	0.020853000566879446	0.22696501813933834	0.06286448127717705
CESC	T cell gamma delta	CIBERSORT-ABS	304	-0.17372098731892047	-0.2869593329796246	-0.0556945379243512	0.0023689620279554115	-0.18434006508898726	0.0012677075407607605	0.010643815098021035	0.006234888659590658
CESC	NK cell resting	CIBERSORT-ABS	304	0.1380311319668178	0.0191668881442283	0.253047918706279	0.01602792553318533	0.13855469146810648	0.015800548737101572	0.05158089807035802	0.05022776061956679
CESC	NK cell activated	CIBERSORT-ABS	304	-0.11815231909514466	-0.23403632254090861	0.0010419007493083722	0.03951474426600271	-0.17983904330377615	0.0016713123184521877	0.10510384359188475	0.007863816083210655
CESC	Monocyte	CIBERSORT-ABS	304	0.04630240814492085	-0.07328152981383515	0.16457378907449927	0.4211568915933369	0.011589759607147226	0.8407653302082368	0.5918025643443927	0.903617576286335
CESC	Macrophage M0	CIBERSORT-ABS	304	0.07419074321052399	-0.045390145819539394	0.19167549328951677	0.1970474330628376	0.04886856837131535	0.39663813033252837	0.3502070287616796	0.5720601584655794
CESC	Macrophage M1	CIBERSORT-ABS	304	0.015535322134172257	-0.10383647883175702	0.1344659079758891	0.7873387419973129	-0.05258382094164542	0.36167974607161213	0.8701228041858377	0.5379081045695936
CESC	Macrophage M2	CIBERSORT-ABS	304	-0.04357914378334537	-0.16191773322742703	0.07599510371596845	0.4490152047788253	-0.13741242259496592	0.016692970197917854	0.6174850342824186	0.0523412297304401
CESC	Myeloid dendritic cell resting	CIBERSORT-ABS	304	-0.024674186135038332	-0.14343195025673108	0.09478408997752867	0.6682856228269143	-0.06158785630468765	0.28523325494038176	0.7937414292992816	0.45707460115446424
CESC	Myeloid dendritic cell activated	CIBERSORT-ABS	304	-0.08570317429995396	-0.2028111959226774	0.03382183260324981	0.1359945126986303	-0.08686324956299413	0.13139522937559248	0.2667328657791477	0.26225387792678234
CESC	Mast cell activated	CIBERSORT-ABS	304	-0.05880879317785424	-0.1767495385402292	0.060796868730810916	0.3067681213611908	-0.10576093741925971	0.06598585156622265	0.4794018203526203	0.15499271780410326
CESC	Mast cell resting	CIBERSORT-ABS	304	0.09317037576865635	-0.026301221568576953	0.21001788496324283	0.10494962853949692	0.10618775579869696	0.0648948743128757	0.22038294714792317	0.15294693102070162
CESC	Eosinophil	CIBERSORT-ABS	304	0.049767938152397564	-0.069825769343331	0.16795131358595464	0.3872062905669836	0.07618982523523707	0.18594516883620485	0.562401917721603	0.3356627932361777
CESC	Neutrophil	CIBERSORT-ABS	304	0.015807482280025556	-0.10356717937702174	0.1347332030310657	0.7837045550276835	0.020433267058059174	0.723154076300824	0.8676659480439597	0.8289453058740023
CESC	B cell	QUANTISEQ	304	0.02226677653257076	-0.09717063798695695	0.14107195610851722	0.6989908464012821	-0.027080985357525046	0.6386882759809883	0.817865390946995	0.7679185606044479
CESC	Macrophage M1	QUANTISEQ	304	-0.0831384262571044	-0.20033299527180373	0.03640180588580045	0.14814890432843272	-0.12549382000844891	0.028957096147724022	0.2842643058118721	0.08119343059912801
CESC	Macrophage M2	QUANTISEQ	304	-0.043584354229471406	-0.1619228167205909	0.07598991350131444	0.44896092870049226	-0.13383063956361815	0.019782906711132357	0.6174850342824186	0.06037600892634313
CESC	Monocyte	QUANTISEQ	304	0.018545725265675828	-0.10085674397288398	0.1374215348955635	0.7474137857168589	0.03541275065580217	0.539168523358627	0.846883313808592	0.6932420014246075
CESC	Neutrophil	QUANTISEQ	304	-0.06797022611892851	-0.18564591996706947	0.05162753955572553	0.23736996044308936	-0.10751064576354723	0.06160719066873886	0.39901829120055005	0.14652318461968913
CESC	NK cell	QUANTISEQ	304	-0.051920942680699154	-0.17004824715120553	0.06767738769402812	0.3669762273014231	-0.07130860694600555	0.21582466067892797	0.5438791551478241	0.37389207942162533
CESC	T cell CD4+ (non-regulatory)	QUANTISEQ	304	-0.017817042234344705	-0.1367063048545812	0.10157820014913616	0.7570206638350628	0.00824316097648378	0.886371375020307	0.8517844016100995	0.9331226237549272
CESC	T cell CD8+	QUANTISEQ	304	-0.003860351573449105	-0.12298331851411978	0.11537227680761382	0.9465574253432512	-0.052328628720407666	0.3640176513346891	0.9680982299482375	0.539745550519012
CESC	T cell regulatory (Tregs)	QUANTISEQ	304	0.010543703095996268	-0.10877252827156159	0.12956044673094408	0.8547325045033893	-0.08393246034435631	0.14496798726677187	0.9169798047601455	0.28074533442945915
CESC	Myeloid dendritic cell	QUANTISEQ	304	0.12346571748719105	0.004350180111563497	0.23912661622446937	0.0313918059716551	0.10533718521912383	0.06708382353037198	0.08736082658304016	0.15697052663300687
CESC	uncharacterized cell	QUANTISEQ	304	-0.009492650019717675	-0.12852679232246622	0.10981113106471106	0.8690763103752545	0.10257823136223027	0.07460354344854976	0.9238224810550375	0.17098467460951322
CESC	T cell	MCPCOUNTER	304	-0.1906786525041499	-0.30297313773421	-0.07316170341477089	0.0008329382141527424	-0.25910175613619746	4.882082011503791e-06	0.004296554640286574	5.076845921537187e-05
CESC	T cell CD8+	MCPCOUNTER	304	0.009164823845755595	-0.11013502067004252	0.12820433991455082	0.8735591957585386	-0.032501102155826536	0.5730578221120356	0.9249374349217485	0.7209318161061966
CESC	cytotoxicity score	MCPCOUNTER	304	-0.2082849469375441	-0.31953263897070305	-0.0913735931076859	0.0002553868448504669	-0.26078782903026776	4.212791251362811e-06	0.0016094070695154567	4.427960696996933e-05
CESC	NK cell	MCPCOUNTER	304	-0.195252201374116	-0.3072812929097651	-0.07788504323415547	0.0006186110217387172	-0.25377437972270533	7.727506683375965e-06	0.003374131862414437	7.572569206015044e-05
CESC	B cell	MCPCOUNTER	304	-0.06295223594002163	-0.18077549475402474	0.05665235357314676	0.27387885682854785	-0.13878174906159066	0.015628216377966176	0.4421413419486466	0.04972036292745952
CESC	Monocyte	MCPCOUNTER	304	-0.04152350967498354	-0.1599116946604839	0.0780422506432306	0.4707152841046209	-0.1071723689321357	0.06243454395152475	0.6377696299345457	0.14786133667502227
CESC	Macrophage/Monocyte	MCPCOUNTER	304	-0.04152350967498354	-0.1599116946604839	0.0780422506432306	0.4707152841046209	-0.1071723689321357	0.06243454395152475	0.6377696299345457	0.14786133667502227
CESC	Myeloid dendritic cell	MCPCOUNTER	304	-0.07134949804687185	-0.188922562235147	0.04824025668392869	0.214798791188877	-0.14131291498715925	0.013815733914028752	0.3708005622730724	0.04512908905919166
CESC	Neutrophil	MCPCOUNTER	304	0.19336511859031863	0.07593551681071985	0.30550426999396435	0.0006999654722931725	0.15431872703924518	0.007118551101160231	0.0037286989055399246	0.026159337223248594
CESC	Endothelial cell	MCPCOUNTER	304	0.2562479450798271	0.14138626445262228	0.3643018907294783	6.033548219057132e-06	0.1919931998727855	0.0007808384815209921	6.143534775133695e-05	0.004109123099255827
CESC	Cancer associated fibroblast	MCPCOUNTER	304	0.1942345520458233	0.0768336083334062	0.3063230927454217	0.0006613265271916265	0.10901854509298824	0.05802831175418351	0.003551904836977005	0.14005598701164046
CESC	Myeloid dendritic cell activated	XCELL	304	-0.19207582534886639	-0.3042897225649547	-0.07460407684473867	0.0007611196321795351	-0.24116428836221282	2.201908600461331e-05	0.003983905972987928	0.00019004157201012913
CESC	B cell	XCELL	304	-0.1875916491930098	-0.3000626701416917	-0.06997657311387823	0.0010143285267395245	-0.2058334810123357	0.00030998534708905236	0.0050911739917221316	0.001870436276416967
CESC	T cell CD4+ memory	XCELL	304	0.11480295279384177	-0.004437307663388494	0.2308243249916404	0.04549712692382551	0.08286113242078473	0.1501876807191122	0.11773247271486283	0.2881422137447148
CESC	T cell CD4+ naive	XCELL	304	-0.16779681175223696	-0.2813499387199183	-0.0496093484501414	0.003341738708006073	-0.19364240214987455	0.0007017019927621507	0.014156227896320418	0.0037687565820055074
CESC	T cell CD4+ (non-regulatory)	XCELL	304	-0.051752777503078905	-0.16988450002645047	0.06784523173225368	0.36853232962944305	-0.06306357925724997	0.2738263067529128	0.5449929685518617	0.4456358949377768
CESC	T cell CD4+ central memory	XCELL	304	-0.008449946977042136	-0.1275010941005828	0.11084122536901746	0.8833486644291173	0.015861423375757727	0.7833360234601451	0.930006291044141	0.8693851409960737
CESC	T cell CD4+ effector memory	XCELL	304	-0.2230265848263841	-0.3333457344609098	-0.10668268424372171	8.778253962955443e-05	-0.24005158712263122	2.4086392368412534e-05	0.0006297793210120327	0.00020473433513150654
CESC	T cell CD8+ naive	XCELL	304	-0.04715564408904823	-0.1654056149422721	0.07243096558093481	0.41264066296766655	-0.028997759069632135	0.6151186831198533	0.5847861515779544	0.7484489767949914
CESC	T cell CD8+	XCELL	304	-0.07145828986268479	-0.18902800652422178	0.04813116124289807	0.21409863961010306	-0.11065380791016452	0.05434323234560296	0.3700285006375619	0.13388912317032614
CESC	T cell CD8+ central memory	XCELL	304	-0.12705273395292285	-0.24255942638846434	-0.007994234870852419	0.026753318669915607	-0.17483991100114604	0.0022551016619686225	0.07760050148321218	0.010065579335955838
CESC	T cell CD8+ effector memory	XCELL	304	-0.19219794410922345	-0.3044047772253832	-0.07473016968797311	0.0007551223696437759	-0.21752438355413242	0.000135318088646492	0.003963125456788139	0.0009067500444551818
CESC	Class-switched memory B cell	XCELL	304	-0.10208242445343044	-0.21860242582237963	0.017307691786112914	0.07553849440144163	-0.11555257802815741	0.04444864199382487	0.17233766503179107	0.11529402960532853
CESC	Common lymphoid progenitor	XCELL	304	0.18599091854957456	0.06832590347376907	0.29855265522503877	0.0011220988198150884	0.18933516588173727	0.0009259080332698857	0.005516848342492858	0.004758816226027835
CESC	Common myeloid progenitor	XCELL	304	-0.0010853801965711055	-0.12024937380989174	0.11810944635095465	0.9849637225330004	-0.03181952484543906	0.5811336700481814	0.9910468747051033	0.7253913801869367
CESC	Myeloid dendritic cell	XCELL	304	-0.16762220916357873	-0.28118449583392713	-0.04943013333233383	0.003375242842567217	-0.2061453411504351	0.00030338278374084364	0.014267242718311155	0.0018362642173787905
CESC	Endothelial cell	XCELL	304	0.025014848224821463	-0.09444626898580177	0.14376579374225723	0.6639834817015935	-0.02624647357228574	0.649066320404254	0.790552805558231	0.7761007072723649
CESC	Eosinophil	XCELL	304	0.13570156392806873	0.01679361609519329	0.2508245640822039	0.017920788842135892	0.13634198595940933	0.017568925184895046	0.056691168586368405	0.05456274620567087
CESC	Cancer associated fibroblast	XCELL	304	-0.00036071356733968725	-0.11953512327634244	0.11882394312167363	0.9950026050861615	-0.07559540269189102	0.1894118882819342	0.9975407949025287	0.34050596927924726
CESC	Granulocyte-monocyte progenitor	XCELL	304	0.035953041364240275	-0.08358465627662343	0.15447070339398333	0.5323109694692374	-0.007501787443140843	0.8965308841882697	0.6902723551073173	0.937730537029753
CESC	Hematopoietic stem cell	XCELL	304	0.12781128149116452	0.008765249589353251	0.24328499354616287	0.025851695606882635	0.0865645872911562	0.1327318027896365	0.07582905463084104	0.26451648772042746
CESC	Macrophage	XCELL	304	-0.19406582057002678	-0.3061641962899587	-0.07665930026948505	0.0006686672854716223	-0.21203545702962012	0.00020081727009423013	0.003576592457173794	0.0012942380867172014
CESC	Macrophage M1	XCELL	304	-0.19850846939314284	-0.3103458102253687	-0.08125117333375712	0.0004984918621722745	-0.22525137666739808	7.631907889998493e-05	0.0028288870552882345	0.0005478194725076829
CESC	Macrophage M2	XCELL	304	-0.1994785701816859	-0.311258335848169	-0.08225452143499302	0.0004671308022981504	-0.1885392231115373	0.0009739569003425261	0.0026987017313680347	0.004971503238040831
CESC	Mast cell	XCELL	304	0.15406858457562014	0.03554164554230829	0.26832126512296683	0.007117449789625219	0.14666185914799315	0.010581844586755138	0.026579970083509652	0.03645375536053972
CESC	B cell memory	XCELL	304	-0.18482200876397556	-0.2974496331235273	-0.06712093331498876	0.0012073452932548088	-0.1868999365271115	0.001080234332331749	0.005842475367111761	0.005442933298217961
CESC	Monocyte	XCELL	304	-0.23826737173280146	-0.3475769182720376	-0.1225683473063518	2.694815279308526e-05	-0.2641545753140383	3.128808050510256e-06	0.00022806770004537522	3.407699018800864e-05
CESC	B cell naive	XCELL	304	-0.12739529268065664	-0.24288710723643273	-0.008342406226741123	0.026342855036355237	-0.14662327722739654	0.010602537532421748	0.07663732380368227	0.03649288886599387
CESC	Neutrophil	XCELL	304	0.048365632160972345	-0.07122446799025269	0.16658495262840792	0.40073937802735166	0.0650917170351015	0.2586617584306855	0.5751622105869603	0.4281826737781458
CESC	NK cell	XCELL	304	-0.02998739792748026	-0.14863573944113026	0.08951205631290242	0.6024981980423019	-0.03171785889141791	0.5823428123810708	0.7478628426493333	0.7254621282302122
CESC	T cell NK	XCELL	304	-0.08537636310316661	-0.20249549634191114	0.034150672450067275	0.13749926808910393	-0.08603287485466189	0.1351372155119532	0.2692148914513752	0.26740208130148635
CESC	Plasmacytoid dendritic cell	XCELL	304	-0.25073258043158286	-0.3591790696569459	-0.13560521347650917	9.66476369431441e-06	-0.2615765972392094	3.930624214530149e-06	9.194458891671373e-05	4.1649703736620275e-05
CESC	B cell plasma	XCELL	304	-0.13803060215051646	-0.2530474131843014	-0.0191663482359464	0.01602833533388363	-0.1284664046340578	0.025336559776988236	0.05158089807035802	0.07332786730423686
CESC	T cell gamma delta	XCELL	304	-0.00902209263807938	-0.12806394050917086	0.11027603003059683	0.875512256689767	-0.026763322512986604	0.6426305995615296	0.9253643421814632	0.770762467572264
CESC	T cell CD4+ Th1	XCELL	304	-0.1556913185762178	-0.2698634903449683	-0.03720206258533227	0.0065283200341894965	-0.11699567115201229	0.041840013823960714	0.024614977178091545	0.1097212971506951
CESC	T cell CD4+ Th2	XCELL	304	0.19105719317447084	0.07355244188247753	0.30332988676691003	0.0008128862350782661	0.17595040805273915	0.0021113245410961583	0.004204213199941826	0.009565792532660463
CESC	T cell regulatory (Tregs)	XCELL	304	0.010651145822856293	-0.10866634358357001	0.12966609632796885	0.8532688299372616	-0.025074319420597874	0.6637581431595455	0.9163090153954114	0.7887006973710592
CESC	immune score	XCELL	304	-0.1781674388735006	-0.2911644266950964	-0.06026760764085467	0.0018168332226264608	-0.21736443777447068	0.00013690300333985767	0.008490785698641916	0.0009134654318410299
CESC	stroma score	XCELL	304	0.016632639583667792	-0.10275058835971089	0.1355435041828639	0.7727150963758643	-0.06068716071248792	0.29235034645725666	0.8620017194949015	0.46561704873640475
CESC	microenvironment score	XCELL	304	-0.12694774931314082	-0.24245899612480454	-0.007887535896851053	0.02688020940580557	-0.20350922576093966	0.00036357557884145116	0.07785305094570354	0.0021506513060061635
CESC	B cell	EPIC	304	0.0024558131429250714	-0.11675790836283231	0.12159977147901375	0.965986729631545	-0.05159263959644007	0.3708128066756017	0.9812959503401769	0.5462991989832715
CESC	Cancer associated fibroblast	EPIC	304	0.23348378098691613	0.11757595893447531	0.34311562540556373	3.9374328745163436e-05	0.15667098114241296	0.006280242109853141	0.00031483358976194077	0.023702458155912914
CESC	T cell CD4+	EPIC	304	0.0675456465912115	-0.05205293109544822	0.18523404992343598	0.24031959949319184	-0.022989868215614676	0.6902020709440974	0.4031100961039812	0.8073487073009235
CESC	T cell CD8+	EPIC	304	0.13324329325845302	0.01429067897611103	0.24847705700700867	0.020126717706307893	0.08717403326868953	0.13001545726256233	0.06216071582279926	0.2597651701055793
CESC	Endothelial cell	EPIC	304	0.15924257844789666	0.04083807365226227	0.27323651897055773	0.005388700717644566	0.06227057806051482	0.27991685020818863	0.021006799407766952	0.4524493114154682
CESC	Macrophage	EPIC	304	-0.14723367567142245	-0.261819022156368	-0.028555192079714294	0.010153563249357804	-0.2042169815148847	0.0003464073487181644	0.035967660372627386	0.0020615718926758337
CESC	NK cell	EPIC	304	-0.2544926334682347	-0.3626722185441236	-0.1395455456385664	7.017838638312744e-06	-0.2799192076990443	7.355851495804248e-07	6.999935988725211e-05	9.523635545892255e-06
CESC	uncharacterized cell	EPIC	304	-0.17967906992190685	-0.29259301106267654	-0.06182341234204008	0.001657782267319461	0.0015813878051547763	0.9781300965660435	0.0078095526086977025	0.9864556816025871
CHOL	B cell	TIMER	36	0.22290862290862293	-0.13412920402762743	0.5287235988352801	0.191292859836366	0.22691340407365285	0.1899049521984843	0.3430472378386029	0.3410378377396088
CHOL	T cell CD4+	TIMER	36	-0.267953667953668	-0.562385246813755	0.08678036604647718	0.11409970850990937	-0.3449459690690781	0.042419782131922254	0.23480518961776087	0.111027161224919
CHOL	T cell CD8+	TIMER	36	0.380952380952381	0.03949558825365162	0.6427410584037763	0.021891374677553654	0.3789701153132267	0.024763215604543216	0.0665075951742306	0.07198823272398808
CHOL	Neutrophil	TIMER	36	0.36113256113256115	0.016529109964995525	0.6290513842317018	0.03046847008879863	0.3595448112041517	0.033891273383113665	0.08533790691060361	0.09196036011656795
CHOL	Macrophage	TIMER	36	-0.002574002574002574	-0.3489354451116551	0.3444061341048708	0.9881127808591806	-0.02395106980195509	0.8913708328732003	0.9924276838323649	0.9351225818034069
CHOL	Myeloid dendritic cell	TIMER	36	0.5361647361647363	0.2327549596273517	0.7444616739937183	0.0007502548937894439	0.5749776101433552	0.0003028247118021048	0.003943968310661491	0.0018357280979011314
CHOL	B cell naive	CIBERSORT	36	0.018599966646027213	-0.3302020203401117	0.3629325507251611	0.9142571353261567	0.0057105178008218845	0.9740277397234662	0.9512809186696357	0.9843495637939398
CHOL	B cell memory	CIBERSORT	36	0.05429644794837771	-0.29798537160106425	0.3935612154093691	0.7531310749796769	0.041899273363009915	0.8111195838545595	0.8495633830607878	0.8834199367329603
CHOL	B cell plasma	CIBERSORT	36	0.15911049626606152	-0.19851209921967086	0.47934308582671525	0.35398116702202725	0.14619845151679425	0.4020158391132962	0.5309038600138576	0.576625800048785
CHOL	T cell CD8+	CIBERSORT	36	-0.32537486392107734	-0.6039256907565691	0.024005763479500748	0.05281758354389022	-0.37930574686390683	0.02462545838441641	0.1322977268780338	0.07169437251159208
CHOL	T cell CD4+ naive	CIBERSORT	36	-0.21966227901700694	-0.526259903339379	0.13747974303680477	0.19800733718926597	-0.2499113541913572	0.14764768379871868	0.35048393685035373	0.28405795555944197
CHOL	T cell CD4+ memory resting	CIBERSORT	36	0.11096807782834273	-0.24513498106013923	0.44068779816060416	0.5193773276197284	0.12977947020681635	0.45744966274721033	0.6789908856407382	0.6295769733690927
CHOL	T cell CD4+ memory activated	CIBERSORT	36	0.1837826481909045	-0.17397450362161226	0.4986831357018664	0.2832927275538778	0.17545131795053304	0.31338974400869996	0.45229667812807767	0.48877299524292656
CHOL	T cell follicular helper	CIBERSORT	36	-0.04311731780599719	-0.38404950913746894	0.308161772078824	0.8028272377134402	-0.05148223190822428	0.7689821899402256	0.8810176323817783	0.8605656646886668
CHOL	T cell regulatory (Tregs)	CIBERSORT	36	-0.14774774774774774	-0.4703301863392774	0.20966408367827102	0.38982518055102283	-0.16254594031242414	0.35085321064147906	0.5639172857391402	0.5270114417827497
CHOL	T cell gamma delta	CIBERSORT	36	0.12412644697235081	-0.23255343163356484	0.45137597842466903	0.47074249411537056	0.1108572064897676	0.5260935354290404	0.6377696299345457	0.6849902509249243
CHOL	NK cell resting	CIBERSORT	36	0.2195754044717792	-0.1375692937745536	0.5261939022438409	0.1981892543161463	0.23057143881208278	0.1826706838987217	0.35048393685035373	0.33174285835764133
CHOL	NK cell activated	CIBERSORT	36	-0.5741503794830727	-0.7679655423423336	-0.28400697855925877	0.0002507436063167745	-0.5728671563252502	0.0003224424578819755	0.0015889910870317476	0.001939615400490037
CHOL	Monocyte	CIBERSORT	36	-0.1126289594977268	-0.4420420617403625	0.2435534940368021	0.5131050442008952	-0.11668985723078203	0.5044136809519332	0.6727949243978923	0.6703798411019914
CHOL	Macrophage M0	CIBERSORT	36	0.3867149485049562	0.046241428494183674	0.6466901733592334	0.01981308188812356	0.39102938524253184	0.02019598332777549	0.06148345252584375	0.06111942322879425
CHOL	Macrophage M1	CIBERSORT	36	0.09272377968649036	-0.2623832927140383	0.4257121524697895	0.5906671800531935	0.07729741523442332	0.6589587453705348	0.7362157073662693	0.7840927250148481
CHOL	Macrophage M2	CIBERSORT	36	0.0398970398970399	-0.31107836350250617	0.3812960610357746	0.8172947014747399	0.0724653399191474	0.6791042668341855	0.8911383945248837	0.7992089340401825
CHOL	Myeloid dendritic cell resting	CIBERSORT	36	0.12449111142506453	-0.23220304451507093	0.45167085411279817	0.46942979380136407	0.11458259227535818	0.5121941378025281	0.6368738701468888	0.6756677054007709
CHOL	Myeloid dendritic cell activated	CIBERSORT	36	-0.052122312180253476	-0.39171703534940483	0.2999707869361465	0.7627266151455734	-0.047676047880948445	0.785647848259079	0.8562334381909825	0.8707151606272673
CHOL	Mast cell activated	CIBERSORT	36	-0.21165382994029813	-0.5201600874333191	0.14571042903937712	0.21527060732118036	-0.21995666249970475	0.20421325808847984	0.3712871965707169	0.3599972223291056
CHOL	Mast cell resting	CIBERSORT	36	0.12691195436578384	-0.2298746328034444	0.4536265902399903	0.46076458452744395	0.126519385686593	0.46892241896169895	0.629046622032928	0.6399604391414461
CHOL	Eosinophil	CIBERSORT	36	0.13830587938107844	-0.21886061650919983	0.4627893793298082	0.42115106401223573	0.1466524993276591	0.40053975298071287	0.5918025643443927	0.5755642903912486
CHOL	Neutrophil	CIBERSORT	36	0.23122097372715145	-0.12551268568785837	0.5350085551418006	0.17483374577284394	0.230522094525039	0.18276695363205053	0.3207157749300986	0.33176359735437216
CHOL	B cell naive	CIBERSORT-ABS	36	0.05605823280816536	-0.2963742753258968	0.39505362440141684	0.7453819978993486	0.03337330250294637	0.8490572106289835	0.8466746747887115	0.9080823538439442
CHOL	B cell memory	CIBERSORT-ABS	36	0.06507489915401099	-0.2880972994103821	0.4026637372182165	0.7061216884376035	0.04713352516016649	0.7880311603379544	0.8221325928717527	0.8728361449825871
CHOL	B cell plasma	CIBERSORT-ABS	36	0.14852170667217302	-0.20890742042354687	0.4709462315249348	0.3873189287043508	0.13301410477524941	0.446216721361147	0.562401917721603	0.6184712444247021
CHOL	T cell CD8+	CIBERSORT-ABS	36	-0.18997361516911004	-0.5034874060860668	0.16774677782390046	0.26710315426628667	-0.2658459939892847	0.12269173797709274	0.43497431619374466	0.24754734009486376
CHOL	T cell CD4+ naive	CIBERSORT-ABS	36	-0.21966227901700694	-0.526259903339379	0.13747974303680477	0.19800733718926597	-0.2499113541913572	0.14764768379871868	0.35048393685035373	0.28405795555944197
CHOL	T cell CD4+ memory resting	CIBERSORT-ABS	36	0.17636457845107836	-0.1813991200506906	0.4929010239605705	0.30350993314794017	0.16405264494625174	0.34634514654508153	0.4758315311180618	0.5226590208380042
CHOL	T cell CD4+ memory activated	CIBERSORT-ABS	36	0.1837826481909045	-0.17397450362161226	0.4986831357018664	0.2832927275538778	0.17545131795053304	0.31338974400869996	0.45229667812807767	0.48877299524292656
CHOL	T cell follicular helper	CIBERSORT-ABS	36	0.06782933278734483	-0.28555826179783794	0.40497922465614095	0.6942704844817726	0.03490439836710291	0.8422171715314388	0.8144607243695562	0.9046893243648149
CHOL	T cell regulatory (Tregs)	CIBERSORT-ABS	36	-0.03835263835263836	-0.37997339213766057	0.31247477955368064	0.8242545635746613	-0.0947325488320955	0.5882930062122683	0.8961965691845862	0.7304622592219654
CHOL	T cell gamma delta	CIBERSORT-ABS	36	0.11299786896793317	-0.24320196217897347	0.44234266253913573	0.5117169993659305	0.09888870790628165	0.571954785777506	0.672633397960934	0.7202393598679705
CHOL	NK cell resting	CIBERSORT-ABS	36	0.24183256048061455	-0.1144340297872384	0.5429833950722562	0.1553228112421213	0.2528023166698768	0.14286553386431286	0.29442625094068864	0.2780508897010768
CHOL	NK cell activated	CIBERSORT-ABS	36	-0.29145212088557765	-0.5795663969453886	0.06142720366361516	0.0845879824416389	-0.37715432949194166	0.02551956885448062	0.1879198928106864	0.07374834753955596
CHOL	Monocyte	CIBERSORT-ABS	36	-0.022680431203203566	-0.3664717880135701	0.3265600190535427	0.8955405844017418	-0.0483716135158295	0.7825950196041948	0.9380025944309698	0.8690388799707678
CHOL	Macrophage M0	CIBERSORT-ABS	36	0.38490907482948267	0.04412407051968878	0.645454097242382	0.020445892373859714	0.38316155492086035	0.023087779407712786	0.06284861570895556	0.06813073017672226
CHOL	Macrophage M1	CIBERSORT-ABS	36	0.14578238695153764	-0.2115836027141589	0.46876441134542757	0.39623163106265336	0.13108098212405808	0.4529117917898831	0.5702118798141239	0.6257544543810752
CHOL	Macrophage M2	CIBERSORT-ABS	36	0.30090090090090094	-0.05110263839014213	0.5864035201446194	0.07454146342994789	0.3061544744782505	0.07366587889380173	0.1704631064735862	0.16925711660672352
CHOL	Myeloid dendritic cell resting	CIBERSORT-ABS	36	0.12368272758464202	-0.23297965369604676	0.45101708076127867	0.4723423784435578	0.11279973893992107	0.5188230862409865	0.6392726547990001	0.6800490131293285
CHOL	Myeloid dendritic cell activated	CIBERSORT-ABS	36	-0.06329137907602209	-0.40116213064150535	0.28973870424853193	0.7138321229303412	-0.06163889543693214	0.7250243450819527	0.8286470556274834	0.8301157216018844
CHOL	Mast cell activated	CIBERSORT-ABS	36	-0.11907167136666091	-0.44728120094371293	0.23740078493944497	0.4891361103309856	-0.1532594508638444	0.3794145436887642	0.653406966653281	0.5537554557010332
CHOL	Mast cell resting	CIBERSORT-ABS	36	0.15893926360431893	-0.19868084578667325	0.4792077640107058	0.35450608052238936	0.15434116179483165	0.3760192847164035	0.5314872602923858	0.5504706752278301
CHOL	Eosinophil	CIBERSORT-ABS	36	0.13830587938107844	-0.21886061650919983	0.4627893793298082	0.42115106401223573	0.1466524993276591	0.40053975298071287	0.5918025643443927	0.5755642903912486
CHOL	Neutrophil	CIBERSORT-ABS	36	0.26444086276890866	-0.0905313610485292	0.559794789776593	0.11910514276981327	0.25766110146556737	0.13508519912977657	0.24104612227224112	0.26740208130148635
CHOL	B cell	QUANTISEQ	36	0.12303732303732305	-0.23359936329934036	0.4504948631827143	0.47467455971904454	0.10300892455466386	0.5559640041564514	0.641243646510151	0.7076234558111084
CHOL	Macrophage M1	QUANTISEQ	36	0.4195624195624196	0.08529598554531292	0.668937657022289	0.010856245749201215	0.4379200349187158	0.008512294686318382	0.03796772887243001	0.030312451933975294
CHOL	Macrophage M2	QUANTISEQ	36	0.0010296672908894852	-0.3457665671751029	0.34757840696181025	0.995244665195592	-0.04453445889184273	0.7994748209903243	0.9975407949025287	0.8785684513974615
CHOL	Monocyte	QUANTISEQ	36	0.1325358996451611	-0.22444960542626316	0.45815791492671265	0.44096807662501325	0.1556701955370529	0.37187231614865834	0.6103310370278945	0.5470356494135644
CHOL	Neutrophil	QUANTISEQ	36	-0.03668189723793791	-0.3785409476554262	0.31398372377917416	0.8317986513228808	-0.07297529099542029	0.6769675685708332	0.9011237347645468	0.798233773556079
CHOL	NK cell	QUANTISEQ	36	0.11068211068211067	-0.24540708708988118	0.44045447231985174	0.5204610769082598	0.11891547975637502	0.49626127244421053	0.6794153521157197	0.6629250342524302
CHOL	T cell CD4+ (non-regulatory)	QUANTISEQ	36	0.1271684157290638	-0.22962772399551235	0.4538335945315775	0.45985163446840144	0.13390386072204158	0.4431533505118978	0.6284585427373119	0.6161911808326886
CHOL	T cell CD8+	QUANTISEQ	36	0.08016284252731518	-0.2741280629696074	0.41529450330850703	0.6421092672262948	0.05727047642130738	0.7438341713591384	0.7746520317355177	0.8428220852984556
CHOL	T cell regulatory (Tregs)	QUANTISEQ	36	0.1720831459899052	-0.18566584799889976	0.4895510318751858	0.31558492263746296	0.1590431791719221	0.3614697498221282	0.48985194422885275	0.5378031665922837
CHOL	Myeloid dendritic cell	QUANTISEQ	36	0.13439898051489022	-0.22264752874331542	0.4596553134985696	0.43451420425188836	0.1416488975333766	0.4169771434832635	0.6041787121710112	0.5911459865915737
CHOL	uncharacterized cell	QUANTISEQ	36	-0.296010296010296	-0.5828697573102519	0.056455952037575544	0.07961831979082704	-0.30689640082792247	0.07293462333612856	0.17994660715730273	0.16834378821975363
CHOL	T cell	MCPCOUNTER	36	0.027027027027027032	-0.3226690424376848	0.37023094551391594	0.875664467025937	-0.030552624477250146	0.8616864127586579	0.9253643421814632	0.9164935704900383
CHOL	T cell CD8+	MCPCOUNTER	36	-0.015186615186615189	-0.3599642904687393	0.33324063608159094	0.9299491110104222	-0.044840127757349454	0.7981267818118559	0.9597813637152773	0.8779523961077932
CHOL	cytotoxicity score	MCPCOUNTER	36	-0.2731016731016731	-0.5661711411331635	0.08126506364077059	0.10705220198915734	-0.29963413744890793	0.08034084825045026	0.22383642234096535	0.18135204783311643
CHOL	NK cell	MCPCOUNTER	36	-0.20205920205920208	-0.5128104451843893	0.15550660193022173	0.23728223538128762	-0.23443754898409347	0.1752390391148083	0.39901829120055005	0.32208885727414355
CHOL	B cell	MCPCOUNTER	36	0.014671814671814673	-0.3336982918091887	0.35951601191165955	0.9323181736646404	-0.023033873717017952	0.8955075231140969	0.9605702395332659	0.9377167689812852
CHOL	Monocyte	MCPCOUNTER	36	0.4658944658944659	0.14218663791907873	0.6995766001852746	0.004187359782000049	0.46270583377354646	0.005129264309185649	0.017037020549032455	0.02015620447127225
CHOL	Macrophage/Monocyte	MCPCOUNTER	36	0.4658944658944659	0.14218663791907873	0.6995766001852746	0.004187359782000049	0.46270583377354646	0.005129264309185649	0.017037020549032455	0.02015620447127225
CHOL	Myeloid dendritic cell	MCPCOUNTER	36	-0.031660231660231665	-0.37422563823987154	0.31850844513915744	0.8545602013724712	-0.08301248565128323	0.635433972836959	0.9169798047601455	0.7658898994428206
CHOL	Neutrophil	MCPCOUNTER	36	0.05817245817245818	-0.29443823202495595	0.3968422269967395	0.736115178625752	0.030625558503628924	0.8613594216163724	0.8408574685388436	0.9164935704900383
CHOL	Endothelial cell	MCPCOUNTER	36	0.2823680823680824	-0.07128252740052925	0.5729547339495242	0.09520331354575147	0.34046681693507375	0.045358222654826114	0.20520670119288215	0.11706313569661393
CHOL	Cancer associated fibroblast	MCPCOUNTER	36	0.2965250965250965	-0.05589339810359759	0.5832422440223626	0.07907160491074472	0.3262594170700098	0.05577520287960471	0.17912513047567316	0.1363806323011914
CHOL	Myeloid dendritic cell activated	XCELL	36	-0.06001289074153404	-0.3983971139699282	0.29275054726473004	0.7280781075410657	-0.11468868007249423	0.5118010181518401	0.8358148562787925	0.6756049902004371
CHOL	B cell	XCELL	36	0.015607908195163339	-0.33286598597415035	0.36033102604684686	0.9280108010732085	-0.011190706812528033	0.9491273920117009	0.9591652741729436	0.9692055635324499
CHOL	T cell CD4+ memory	XCELL	36	0.17594367040492706	-0.18181918034331837	0.4925721013363161	0.3046838495884909	0.17214395858273415	0.3227421420561353	0.4772892034819709	0.49858624078999964
CHOL	T cell CD4+ naive	XCELL	36	0.16752733348293855	-0.19019124661255923	0.48597603063819855	0.32875984100704664	0.15363298731864078	0.37824006565776874	0.5054860315916447	0.5526052083672109
CHOL	T cell CD4+ (non-regulatory)	XCELL	36	-0.13304881235157348	-0.4585703384600754	0.2239537308317506	0.4391860895994604	-0.14631359650972312	0.40164121444460144	0.6087265545316874	0.5764824591062657
CHOL	T cell CD4+ central memory	XCELL	36	-0.08733879093017399	-0.4212567948324502	0.26743130017108757	0.6124997795230236	-0.09753671450672483	0.5772469726785265	0.7560434458884554	0.723408866401615
CHOL	T cell CD4+ effector memory	XCELL	36	0.06101164352398294	-0.2918337656392225	0.39924009559272244	0.72372846980197	0.053846808714324484	0.7586792379316208	0.8340048089966704	0.8529142669099016
CHOL	T cell CD8+ naive	XCELL	36	-0.20942107218014025	-0.5184538279655764	0.1479963616850361	0.22026273434709748	-0.24835309931678276	0.15027317981689967	0.3780629022375554	0.2881648519294152
CHOL	T cell CD8+	XCELL	36	-0.27024116085556465	-0.5640690172220227	0.08433234774298083	0.11092632838626794	-0.32903209909447567	0.05360567562017513	0.2303356048806732	0.1324056801483795
CHOL	T cell CD8+ central memory	XCELL	36	-0.07268047271935688	-0.4090467993986473	0.2810743845339217	0.6735720857206144	-0.14299454903530368	0.4125196704399919	0.7969523305681356	0.5870534050798615
CHOL	T cell CD8+ effector memory	XCELL	36	0.23040630681852775	-0.12635954863133297	0.5343940693088589	0.17640067358404551	0.22201939226567255	0.1998949679032179	0.3232083569417141	0.3543015976888404
CHOL	Class-switched memory B cell	XCELL	36	0.17529873749774363	-0.18246256107773737	0.4920679367843256	0.30648814953563247	0.1661758775141179	0.34005246581924875	0.47934374472161484	0.5161510641899311
CHOL	Common lymphoid progenitor	XCELL	36	0.2818532818532819	-0.07183897753896241	0.5725789092963531	0.09583405885881348	0.2771944619786673	0.10693636820610761	0.20622518994934547	0.22383361867552504
CHOL	Common myeloid progenitor	XCELL	36	-0.22555718903773903	-0.5307298226709084	0.13138956891764564	0.18593456732589828	-0.24620931279551703	0.15394048491797077	0.3364514637530269	0.29318426499233596
CHOL	Myeloid dendritic cell	XCELL	36	-0.014049589553497135	-0.3589739775025518	0.3342512284987054	0.9351823567476	-0.05856461203947578	0.73824602509707	0.962506716210349	0.8393550328960581
CHOL	Endothelial cell	XCELL	36	-0.27000173146417084	-0.5638928932273397	0.08458877986695675	0.11125532981342358	-0.30661996384922857	0.07320641951977139	0.230773654944555	0.16857308617332514
CHOL	Eosinophil	XCELL	36	-0.1752558530851267	-0.4920344051400634	0.1825053314186458	0.3066083645904754	-0.17047391603400225	0.3275298593697439	0.47934374472161484	0.5037929780234849
CHOL	Cancer associated fibroblast	XCELL	36	-0.09635816054122433	-0.42871001815211485	0.2589653228919091	0.5761285103419034	-0.12191022821196101	0.48539832503484026	0.7233983543470913	0.6542252502193124
CHOL	Granulocyte-monocyte progenitor	XCELL	36	-0.1916681370370428	-0.5047990062120085	0.1660372032898419	0.26278008894865945	-0.19897674860084524	0.2518305512286503	0.4304441339712017	0.4188249490872066
CHOL	Hematopoietic stem cell	XCELL	36	-0.15213334222892144	-0.4738168198535066	0.20537082693938724	0.3757482942793072	-0.2245618248281118	0.19466045919609876	0.5519067733403799	0.34722737019012145
CHOL	Macrophage	XCELL	36	0.1489156319448918	-0.2085221337900773	0.4712596620318855	0.3860469229723927	0.13523032678792216	0.43860777673577145	0.5623870661641305	0.6118289001201807
CHOL	Macrophage M1	XCELL	36	0.08664334997739521	-0.26808180513452395	0.42068023300446444	0.6153439963818454	0.0634014985551479	0.717478694704879	0.7563845630088182	0.8260723487326492
CHOL	Macrophage M2	XCELL	36	-0.27986612668076233	-0.571127060752158	0.07398483909655547	0.09829876593729112	-0.2990009249163599	0.08101324236893544	0.21025611313720363	0.18225648887372703
CHOL	Mast cell	XCELL	36	0.25849640403632507	-0.09685603130653272	0.5553979620788445	0.12794716827742753	0.2564776156530206	0.13695088185296597	0.2542039776243606	0.27030688947253756
CHOL	B cell memory	XCELL	36	0.021724828291055757	-0.32741386935166894	0.3656438261602981	0.8999192050675223	-0.010395737690111557	0.9527371085698829	0.9415799014755184	0.9703574093535405
CHOL	Monocyte	XCELL	36	-0.06642220555471516	-0.40379687710210077	0.2868559721500931	0.7003160686948794	-0.08317946333236143	0.634751754222253	0.8183609768669989	0.7653497355080668
CHOL	B cell naive	XCELL	36	0.1194334106025081	-0.23705447840104454	0.4475746968142881	0.48780763339770383	0.10888501806030486	0.5335254169398976	0.6529708478551941	0.6894998039529631
CHOL	Neutrophil	XCELL	36	0.01953594281021034	-0.32936753568354377	0.36374525931311896	0.9099595549756537	0.010436818746398898	0.952550548533026	0.9487683396776748	0.9703574093535405
CHOL	NK cell	XCELL	36	-0.02976791784166523	-0.37259564269572126	0.32020936607931794	0.8631685449193437	-0.02964943041699441	0.8657376344151225	0.921121454867531	0.9195963462545854
CHOL	T cell NK	XCELL	36	-0.33162688487378816	-0.6083590715737719	0.017000393183855385	0.04817146276259921	-0.325420680611462	0.05644504477783177	0.12310484928219798	0.1369972409782866
CHOL	Plasmacytoid dendritic cell	XCELL	36	-0.004787855388723122	-0.3508782713112984	0.3424533657549887	0.9778907215885084	-0.0455590229089395	0.7949586295799832	0.9878724531689888	0.8758087858383407
CHOL	B cell plasma	XCELL	36	-0.31645776585254637	-0.5975725080466202	0.033938326906760255	0.060055494495335114	-0.34197368957754865	0.04435195540321909	0.14511993644662927	0.1151501630986631
CHOL	T cell gamma delta	XCELL	36	-0.03894745197786156	-0.38048297271090614	0.3119371408019949	0.8215724360473794	-0.06865531172253636	0.6951452161989409	0.8943062987041351	0.8115524128185397
CHOL	T cell CD4+ Th1	XCELL	36	-0.556900121444792	-0.7573561418032333	-0.2605247800096358	0.0004192386548925451	-0.5828496724713753	0.00023870145314879078	0.0024649972039546635	0.0014887625837319426
CHOL	T cell CD4+ Th2	XCELL	36	0.15844005438561953	-0.1991726860916706	0.4788131618303192	0.3560390832634305	0.1545357018082995	0.375410568962355	0.5327641850593238	0.5503035341148486
CHOL	T cell regulatory (Tregs)	XCELL	36	0.0949139686907349	-0.2603245859506886	0.4275196336583787	0.5818864023653135	0.09672162163504022	0.5804481276795206	0.7291414401139898	0.7253282771578541
CHOL	immune score	XCELL	36	0.06666666666666667	-0.28663061312422383	0.40400236802033357	0.6992644506229678	0.03545595512026437	0.8397558915438662	0.817865390946995	0.9032862547280652
CHOL	stroma score	XCELL	36	-0.20283140283140283	-0.5134036539363086	0.15472077405580603	0.23545653338841935	-0.26833143944959853	0.11910151080546955	0.39682545066755154	0.2430516217376753
CHOL	microenvironment score	XCELL	36	-0.05122265122265123	-0.3909531116078229	0.30079146377653593	0.7667075666859641	-0.10967131756358858	0.5305563162775825	0.8585111837624247	0.688444727479351
CHOL	B cell	EPIC	36	0.08005148005148006	-0.2742317189914353	0.4152017479507205	0.6425732382359323	0.05064757732323226	0.772628365095527	0.7749726593160071	0.8623970618108795
CHOL	Cancer associated fibroblast	EPIC	36	0.2893178893178894	-0.06374884383351381	0.5780164341637951	0.086995706554047	0.30237812966447547	0.07747689408590733	0.19174363733163685	0.17622725763577524
CHOL	T cell CD4+	EPIC	36	0.16782496782496784	-0.189896062624409	0.48620991372988825	0.32788886607393614	0.17188229115285208	0.32348940590003605	0.504742309586256	0.4991490043682482
CHOL	T cell CD8+	EPIC	36	0.2743886743886744	-0.07988283874633989	0.5671156866806273	0.10534292506648785	0.26766989087049214	0.12004935530773823	0.22097147908260056	0.2436266826877275
CHOL	Endothelial cell	EPIC	36	0.019305019305019308	-0.32957346992353476	0.3635447969976028	0.9110196224571777	-0.017927019004050092	0.9185868071129379	0.9493834551725919	0.9532044627950073
CHOL	Macrophage	EPIC	36	-0.2731016731016731	-0.5661711411331635	0.08126506364077059	0.10705220198915734	-0.34180102052077643	0.04446634185289909	0.22383642234096535	0.11529402960532853
CHOL	NK cell	EPIC	36	-0.7052767052767053	-0.8452786645330719	-0.4746578651031457	1.5621907857021335e-06	-0.7078658632436873	1.974314957843576e-06	1.7932793015023227e-05	2.2704622015201124e-05
CHOL	uncharacterized cell	EPIC	36	-0.06795366795366796	-0.40508364387572465	0.28544353246890486	0.6937371763828445	0.03381007757259415	0.8471048278626877	0.8142946842807951	0.9070847196762709
COAD	B cell	TIMER	288	0.04963043773772027	-0.07326139978542622	0.17103765052062528	0.4014071647732888	0.033130626242388	0.576180543158683	0.5751622105869603	0.722535575288791
COAD	T cell CD4+	TIMER	288	0.19783666694798438	0.07726166468479267	0.31270811283020633	0.0007348668471977081	0.21475213107302535	0.0002472350553916865	0.0038828775304635657	0.0015344270898118959
COAD	T cell CD8+	TIMER	288	-0.08170822130860954	-0.20213252861701256	0.041150103359115266	0.1666901900598024	-0.13738374307089804	0.01989503164812376	0.30947703852508424	0.06053663326394078
COAD	Neutrophil	TIMER	288	0.028982755225476133	-0.09379673660560037	0.1508938790947977	0.6242630290802591	-0.031990090056294246	0.5893904775105087	0.761600459524615	0.7310947483906748
COAD	Macrophage	TIMER	288	0.1065508547846855	-0.016105897692077157	0.22604827211351572	0.07099536212972238	0.0850023079028727	0.1509037145840307	0.16454763836823622	0.28890479910094513
COAD	Myeloid dendritic cell	TIMER	288	0.02896517286972178	-0.09381417888868247	0.1508766825891196	0.62447342026494	-0.04502806206954903	0.44732621359727825	0.761600459524615	0.6196619413053431
COAD	B cell naive	CIBERSORT	288	0.12500287230493487	0.0025959847378078014	0.24371908640218512	0.033966659518174035	0.12955264323806687	0.02820388825380722	0.09287387322801433	0.0796225292941417
COAD	B cell memory	CIBERSORT	288	-0.05527328020416309	-0.17652517532259582	0.06763107084813078	0.3499666556962675	-0.07065560050856463	0.23277155086232842	0.528328040066566	0.39485325981418834
COAD	B cell plasma	CIBERSORT	288	-0.020817750444924295	-0.14290011120229784	0.10188859219374861	0.7249952889719082	-0.014949717708522787	0.8009072781991602	0.834758666305273	0.8793785983392842
COAD	T cell CD8+	CIBERSORT	288	-0.01277371621146218	-0.13500917075856683	0.10984471390554569	0.8291099717393811	-0.010555454569249008	0.8586874001317537	0.9000055495560744	0.9153401675341214
COAD	T cell CD4+ naive	CIBERSORT	288	0.023066976868834955	-0.09966113553307115	0.14510375734122408	0.6966777831541563	0.024964414004799117	0.6736499817129269	0.816252161168049	0.7964836493793602
COAD	T cell CD4+ memory resting	CIBERSORT	288	-0.06746391284597077	-0.1883545889480874	0.055440689801733306	0.2537775248189569	-0.06558017256184649	0.2681458954896449	0.41938720289185183	0.4385803243229307
COAD	T cell CD4+ memory activated	CIBERSORT	288	0.12945718148455254	0.0071234777911212575	0.24797303563014683	0.028044857323756743	0.14011254820718305	0.017547746957255892	0.0802748112268586	0.05454029459687642
COAD	T cell follicular helper	CIBERSORT	288	0.07852486012075942	-0.04434817435795883	0.19905752352964862	0.18389140029860881	0.08758249619777521	0.13884339240647103	0.33380472384752113	0.2730772959302323
COAD	T cell regulatory (Tregs)	CIBERSORT	288	-0.07407318753009524	-0.19475339416003537	0.04881619812897664	0.2100895671435826	-0.07608259636870993	0.19873659908486763	0.36492679143998574	0.352613856983892
COAD	T cell gamma delta	CIBERSORT	288	-0.04526938519160073	-0.16679146836339495	0.07760742138564139	0.4440939423612422	-0.0480293199040733	0.4176039064008031	0.6132631484343448	0.5916055340678044
COAD	NK cell resting	CIBERSORT	288	0.004818296088968779	-0.11769776589468806	0.12718987826100495	0.9351126706370028	0.01739264303035118	0.7692268537306625	0.962506716210349	0.8605656646886668
COAD	NK cell activated	CIBERSORT	288	0.010095447780402885	-0.11249022958381061	0.13237842989903928	0.8645503387074398	0.011258098547374681	0.8493890968144507	0.9216282061864047	0.9081518645185952
COAD	Monocyte	CIBERSORT	288	-0.0066878967187060335	-0.1290288558270275	0.11585359916964673	0.9100265612457167	0.0004200189686725739	0.9943474186317091	0.9487683396776748	0.9971527075788619
COAD	Macrophage M0	CIBERSORT	288	0.07580126305999652	-0.04708235914586381	0.1964247476052118	0.19961763012632225	0.0647916244319896	0.27395526828837174	0.35253158707945803	0.4456358949377768
COAD	Macrophage M1	CIBERSORT	288	0.009023533262884414	-0.11354854883680544	0.13132505423249932	0.8788150165243797	-0.006726212988395423	0.9096712127055615	0.9271929108614523	0.947625613784259
COAD	Macrophage M2	CIBERSORT	288	-0.032535412138165326	-0.15436705890263314	0.09027083562470216	0.5823957831289931	-0.059105222282530394	0.3183721328815186	0.7291602664215059	0.4943779926237299
COAD	Myeloid dendritic cell resting	CIBERSORT	288	-0.07595006454231334	-0.19656863208070713	0.046933026749650254	0.19873397148638536	-0.0694620109837561	0.240778599914186	0.35128834923678426	0.40465010450464545
COAD	Myeloid dendritic cell activated	CIBERSORT	288	0.04488089088412056	-0.07799435029543346	0.16641298823795742	0.44801769439490535	0.051388915821944825	0.3857462575604284	0.6168321216352304	0.5602778109440101
COAD	Mast cell activated	CIBERSORT	288	0.0541582001963943	-0.06874429901961372	0.17544138481493143	0.3597873846385893	0.03270780940035156	0.5810614705644915	0.5369445068543593	0.7253913801869367
COAD	Mast cell resting	CIBERSORT	288	0.008427305297660547	-0.11413709438251976	0.1307390185247246	0.8867666933648626	0.03241910250823188	0.5844052737836256	0.9311153102031294	0.727251629692545
COAD	Eosinophil	CIBERSORT	288	0.02791546200120461	-0.09485539050943236	0.14984987422538956	0.6370889895624833	0.034772653799527285	0.5574101041441711	0.7714518269400154	0.7085414522768886
COAD	Neutrophil	CIBERSORT	288	0.0642660637428234	-0.05864202202894172	0.18525488513694494	0.2770314191850565	0.048967381079220024	0.40855702899117524	0.4450258212874162	0.5836528985588217
COAD	B cell naive	CIBERSORT-ABS	288	0.0923189205831209	-0.03047216319077436	0.21236493975101237	0.11799837936648296	0.08048490933529691	0.17390677487410225	0.24033518343354404	0.32022550131858957
COAD	B cell memory	CIBERSORT-ABS	288	-0.05679719347236251	-0.1780058517916171	0.06610919331792384	0.336821742787498	-0.0744212130860513	0.20874751103777983	0.5142417080433881	0.3650280716268869
COAD	B cell plasma	CIBERSORT-ABS	288	-0.0137155384093177	-0.13593387034078283	0.1089139962567002	0.816725172767962	-0.02972212196457333	0.6160628872591365	0.8910996220228344	0.7492397789061349
COAD	T cell CD8+	CIBERSORT-ABS	288	0.01081250932562801	-0.11178210735705187	0.1330829356505057	0.8550320839007383	-0.02172921634155725	0.7139524433366743	0.9169798047601455	0.8241966499694114
COAD	T cell CD4+ naive	CIBERSORT-ABS	288	0.022609922218802314	-0.10011386605612874	0.14465606283974575	0.7023996219812602	0.02446278274580512	0.6798418347168907	0.8202624919471546	0.7996936142427927
COAD	T cell CD4+ memory resting	CIBERSORT-ABS	288	-0.028973748869831322	-0.1508850703955491	0.09380567122007633	0.6243707956927389	-0.08449026877505372	0.15338881877926352	0.761600459524615	0.2925611128911807
COAD	T cell CD4+ memory activated	CIBERSORT-ABS	288	0.12336758748966789	0.0009350907429751027	0.24215621140578394	0.03639273571335917	0.1280611958583288	0.030085392307718613	0.09832228876884495	0.0833691594069311
COAD	T cell follicular helper	CIBERSORT-ABS	288	0.08758084173071463	-0.035243733475515585	0.2077990316134203	0.13815872823592307	0.06651495835617323	0.2613689427471961	0.2698137062158122	0.4317501335621194
COAD	T cell regulatory (Tregs)	CIBERSORT-ABS	288	-0.039957739962715816	-0.16161363666759257	0.08289445912784536	0.4994051039153463	-0.07710573687023903	0.19274784658736904	0.6619233750200014	0.3447594145272703
COAD	T cell gamma delta	CIBERSORT-ABS	288	-0.04579771134967957	-0.16730611844701998	0.0770811646583845	0.43878935066794467	-0.04865813570757683	0.41152655740943195	0.6086081451265214	0.586395349661399
COAD	NK cell resting	CIBERSORT-ABS	288	0.029305099545165247	-0.09347694693597021	0.15120913639606534	0.6204112585278864	0.03169692599345357	0.5928082785268957	0.7599648809378934	0.7324772850074595
COAD	NK cell activated	CIBERSORT-ABS	288	0.014298702000770352	-0.1083376006535076	0.13650632511258545	0.8090792231446843	-0.0039949380811581114	0.9462764425521139	0.8863826737169278	0.9675577642203884
COAD	Monocyte	CIBERSORT-ABS	288	-0.0003727680138295166	-0.12281378445427676	0.12207942637742963	0.9949745005010876	-0.004643440453932172	0.9375719286219233	0.9975407949025287	0.9626854624242962
COAD	Macrophage M0	CIBERSORT-ABS	288	0.05890501699176756	-0.06400324267521186	0.18005296746294083	0.3191679976148824	0.021512264624950164	0.7166852647537011	0.4940407247324585	0.8256450751876756
COAD	Macrophage M1	CIBERSORT-ABS	288	0.025274534346038033	-0.09747374776685973	0.14726540229980292	0.6692875998139113	-0.016682764840153713	0.778395848357159	0.7939667825462358	0.8666081341333974
COAD	Macrophage M2	CIBERSORT-ABS	288	0.012134343331337174	-0.11047642575079665	0.13438130051357447	0.8375419552002836	-0.060262992020847464	0.30896826130577887	0.9043880267420903	0.48341972857366766
COAD	Myeloid dendritic cell resting	CIBERSORT-ABS	288	-0.06637536529040647	-0.18729972036229003	0.05653070677151938	0.2615364246393478	-0.06478667595029182	0.27399199269320085	0.42930622180514266	0.4456358949377768
COAD	Myeloid dendritic cell activated	CIBERSORT-ABS	288	0.049532136963925784	-0.0733594131967646	0.17094198865155905	0.40234151686669684	0.05372026515159915	0.36453255299214155	0.5762371051701035	0.5400130091674321
COAD	Mast cell activated	CIBERSORT-ABS	288	0.04870719780676083	-0.07418184726826234	0.1701391049418964	0.41023359045839486	0.026047885993206985	0.6603514889994105	0.5830655538685292	0.7855108980796152
COAD	Mast cell resting	CIBERSORT-ABS	288	0.016911648619787206	-0.10575396614546788	0.13907028762482593	0.775052388627341	0.005958317277872698	0.9199468518894938	0.8634131192628465	0.954095150000331
COAD	Eosinophil	CIBERSORT-ABS	288	0.028927882879099285	-0.09385117155314528	0.15084021069435224	0.6249197345923485	0.035483479921387714	0.549377340970021	0.7619071288606432	0.7022116388338614
COAD	Neutrophil	CIBERSORT-ABS	288	0.0512084533197435	-0.07168767221993075	0.17257299070299256	0.3865860994953053	0.03226758887605088	0.5861636603808971	0.562401917721603	0.7285123687505746
COAD	B cell	QUANTISEQ	288	0.09587343350346725	-0.026888847013437883	0.21578685223392877	0.10444145294684998	0.0730996746554333	0.21696641227007119	0.21943368136603086	0.37553174419568774
COAD	Macrophage M1	QUANTISEQ	288	9.64517801381672e-05	-0.12235161539169995	0.12254162671511103	0.9986996702253279	-0.023588419546694887	0.6906857866807133	0.9992107754813286	0.8073487073009235
COAD	Macrophage M2	QUANTISEQ	288	-0.07396422505863427	-0.19464798476329057	0.048925499194121175	0.21076287982712713	-0.12822487797417859	0.029873792897674795	0.3657713538056223	0.08301814515274232
COAD	Neutrophil	QUANTISEQ	288	0.1279226898793951	0.0055632081343024295	0.2465080830795244	0.029976302949406057	0.11394342099167155	0.05383225801266222	0.08426121102241386	0.1327138265003211
COAD	NK cell	QUANTISEQ	288	0.15692455422757248	0.035153400480251645	0.27410429483135174	0.007628924239026115	0.15673987138284756	0.0078090651895626586	0.028087658921461495	0.028310490282331076
COAD	T cell CD4+ (non-regulatory)	QUANTISEQ	288	-0.11041143986281175	-0.22975192902774455	0.012200121957333103	0.06130064934131175	-0.10198153304438358	0.08459308633267379	0.14696434140514447	0.18889718307296088
COAD	T cell CD8+	QUANTISEQ	288	0.012712736811997923	-0.10990496691687075	0.13494929264315025	0.8299133336036665	-0.012175550135962207	0.8372796724549991	0.9001279152261682	0.9011185024219781
COAD	T cell regulatory (Tregs)	QUANTISEQ	288	0.0418451070945299	-0.08101662742988536	0.16345422382259198	0.47934492943167234	0.00019476632050592245	0.9973788334633176	0.6458434151145211	0.9978892627537287
COAD	Myeloid dendritic cell	QUANTISEQ	288	0.04366323267972193	-0.07920686228042784	0.16522648543639076	0.46044202610915796	0.03566501744959004	0.5473349985064092	0.6288258197997931	0.7012057156487745
COAD	uncharacterized cell	QUANTISEQ	288	-0.022300957685800288	-0.14435339736785197	0.10041987873681511	0.7062770791448126	0.01981211383561623	0.7382237220829639	0.8221325928717527	0.8393550328960581
COAD	T cell	MCPCOUNTER	288	0.047169441664757734	-0.07571448761465376	0.1686420315151703	0.42518703456806634	0.012991024740213963	0.8265482427221843	0.5950183626203075	0.8942456084791757
COAD	T cell CD8+	MCPCOUNTER	288	0.054181787492615416	-0.06872075406351663	0.1754643132878902	0.35957788060005547	0.03852771833030823	0.5156315866326473	0.5369445068543593	0.67837130004497
COAD	cytotoxicity score	MCPCOUNTER	288	-0.04847505716777385	-0.16991314170820793	0.07441325283281502	0.4124708373075968	-0.0901292862819835	0.12767735657729748	0.5847574234491311	0.25594981202393674
COAD	NK cell	MCPCOUNTER	288	-0.017806907554987563	-0.13994838687205988	0.10486836915969489	0.7634885590608322	-0.05635821998993796	0.341422473873011	0.8565969199219093	0.5178284999392836
COAD	B cell	MCPCOUNTER	288	-0.04589999557929341	-0.16740574733068414	0.07697927316017618	0.43776657952076453	-0.1049402473668267	0.07590683992222484	0.6078364083544706	0.17336200005601585
COAD	Monocyte	MCPCOUNTER	288	0.03469350437449011	-0.0881274924149309	0.15647540301140145	0.5576172809563534	-0.03316991356901754	0.5757279957845847	0.7089626819622132	0.7224314709620431
COAD	Macrophage/Monocyte	MCPCOUNTER	288	0.03469350437449011	-0.0881274924149309	0.15647540301140145	0.5576172809563534	-0.03316991356901754	0.5757279957845847	0.7089626819622132	0.7224314709620431
COAD	Myeloid dendritic cell	MCPCOUNTER	288	-0.05863665408774702	-0.17979239201831018	0.06427142795712587	0.32138154579075773	-0.1604425530578871	0.006452089557119266	0.49687696482477767	0.024210815900514715
COAD	Neutrophil	MCPCOUNTER	288	0.15323676098847	0.03137891148904098	0.27060591673251844	0.00919802178332213	0.1408312133065449	0.016971257206113248	0.03308580052694529	0.05300129047596071
COAD	Endothelial cell	MCPCOUNTER	288	0.10337320006912377	-0.019317942815091048	0.22299719088614228	0.07988275021548094	0.08768650516613388	0.13837318845617436	0.18043994993791476	0.2727011929756259
COAD	Cancer associated fibroblast	MCPCOUNTER	288	0.056046019555598424	-0.06685943524101667	0.17727605893313625	0.34326122523775265	-0.0033787550745754957	0.9545530811183669	0.5211839301788029	0.9717007412582178
COAD	Myeloid dendritic cell activated	XCELL	288	-0.08444832267780832	-0.20477746156100585	0.03839532295044859	0.1528727800187841	-0.18166691270049118	0.002001881065148869	0.29100904083419954	0.009197831920954263
COAD	B cell	XCELL	288	-0.004605736462189902	-0.12698074697270978	0.11790738039073198	0.9379693054383492	-0.019150081585347516	0.7466674095256088	0.9633464629009576	0.8440212695129028
COAD	T cell CD4+ memory	XCELL	288	0.038099960213640705	-0.0847420013152063	0.15980107657958817	0.5195756342294344	0.03072692611307587	0.6041807355646248	0.6789908856407382	0.7393886310039697
COAD	T cell CD4+ naive	XCELL	288	-0.03337913144745213	-0.15519146099678413	0.08943301795128314	0.5726477305101547	-0.06277435223953315	0.2892039806283606	0.7208797895346765	0.46135763535572827
COAD	T cell CD4+ (non-regulatory)	XCELL	288	0.009653076665367837	-0.11292702374244624	0.13194374310038365	0.8704322174757118	0.0051834237381841	0.9303296243289323	0.924308207520147	0.9594171058191656
COAD	T cell CD4+ central memory	XCELL	288	0.04078787162723375	-0.08206862894703523	0.16242329710299622	0.49052767999184266	0.04529421582081571	0.44464302305153003	0.6550420863279046	0.6173843111262367
COAD	T cell CD4+ effector memory	XCELL	288	-0.1458068364059439	-0.26354818663938057	-0.02378485850058674	0.013252387990995863	-0.15047585073858338	0.010690744289567932	0.044250074333726575	0.03672161040351827
COAD	T cell CD8+ naive	XCELL	288	0.025006128706862953	-0.09773976441647883	0.14700264114424755	0.6725954428937179	0.04062434535747136	0.4930287133901316	0.7964409999135181	0.6600100601084814
COAD	T cell CD8+	XCELL	288	0.009592395187330316	-0.11298693651629874	0.13188411203633693	0.8712396177183039	8.514669796280683e-05	0.9988540934704	0.9245417808846218	0.9991096202274914
COAD	T cell CD8+ central memory	XCELL	288	-0.07151704586473878	-0.19227986924613175	0.051379507723085964	0.22629572523678518	-0.09928967230381906	0.09317468184813507	0.3863826575003625	0.20307302454080722
COAD	T cell CD8+ effector memory	XCELL	288	-0.11301710120128422	-0.23224972114380485	0.009561843136002928	0.05539503727495319	-0.1141556611599123	0.0533843049926029	0.1372310215213126	0.13207014060203365
COAD	Class-switched memory B cell	XCELL	288	-0.07922252661574664	-0.19973164581238512	0.043647499471979954	0.18001397612158287	-0.08679803993015764	0.1424292839880224	0.3282904135426255	0.2779365897948787
COAD	Common lymphoid progenitor	XCELL	288	0.09772474269478237	-0.025021285804115053	0.21756793292001866	0.09788486816660422	0.15107800960435336	0.010377752598307371	0.20960012843999043	0.03589655702853726
COAD	Common myeloid progenitor	XCELL	288	-0.0644886599434477	-0.1854707276195096	0.05841926520309664	0.2753674587476765	-0.07174396127937246	0.2256358599474843	0.44367586814820675	0.3862680439556321
COAD	Myeloid dendritic cell	XCELL	288	-0.10922836807004174	-0.22861731488301637	0.01339744010693202	0.06414830548164006	-0.20619153733110127	0.00043857217558522483	0.15169543870469085	0.0025217900096150426
COAD	Endothelial cell	XCELL	288	0.005942887088591143	-0.11658857501310782	0.12829614989417093	0.9200137398841779	-0.05498284787859706	0.35335274055241617	0.9549386044457487	0.5293521898697116
COAD	Eosinophil	XCELL	288	-0.11041748514154638	-0.2297577258639328	0.012194002979320308	0.061286370246078754	-0.12951938141051025	0.028244722884872103	0.14696434140514447	0.07968027884549056
COAD	Cancer associated fibroblast	XCELL	288	-0.09019438189554765	-0.21031824986581177	0.03261241166965599	0.12673447234015484	-0.09902870513832052	0.09404232612757422	0.2526934150178508	0.20366312113207793
COAD	Granulocyte-monocyte progenitor	XCELL	288	0.01960057881458955	-0.10309347023257384	0.14170710045323676	0.7404797751212621	-0.01446431741657361	0.8072428673320263	0.8441037669749664	0.881161253843725
COAD	Hematopoietic stem cell	XCELL	288	-0.04651398780398944	-0.1680037478774612	0.076367584474205	0.4316558308589155	-0.09463417862170319	0.10964289815059795	0.6006314230100924	0.2279126697335662
COAD	Macrophage	XCELL	288	-0.11834758079015935	-0.2373546348808388	0.004159315108218813	0.04477648722290173	-0.2030754293619282	0.0005372967897405593	0.11617522564137077	0.0030006954781534242
COAD	Macrophage M1	XCELL	288	-0.08156061325222981	-0.2019899973600026	0.0412984491672062	0.16746020551460172	-0.1840073004715299	0.001745389216385848	0.3104916041915848	0.008177943611981797
COAD	Macrophage M2	XCELL	288	-0.19312483099699757	-0.30828137454281457	-0.07239005134559674	0.000986846184430378	-0.236117666184597	5.3474382790472805e-05	0.00499814583046992	0.00040916797790753164
COAD	Mast cell	XCELL	288	0.23812823477758974	0.11915596190009983	0.350359087386155	4.455880653814386e-05	0.2298968802395518	8.477768469282047e-05	0.0003519695627558434	0.000601598452175913
COAD	B cell memory	XCELL	288	-0.0009055478599423257	-0.1233384941056944	0.12155455243945783	0.9877921832132881	-0.011535733449033823	0.845720731101172	0.9923875548535689	0.9067090920223697
COAD	Monocyte	XCELL	288	-0.09889435080429976	-0.21869276127267326	0.023840968313037985	0.09391411453798755	-0.16005668657322342	0.006582919218864638	0.20298738963158172	0.024567519750622123
COAD	B cell naive	XCELL	288	-0.06793830889088963	-0.1888142202270001	0.054965561702879036	0.2504465207388101	-0.07958349269461819	0.17879342172462803	0.4154628324517384	0.32667396212303534
COAD	Neutrophil	XCELL	288	-0.1563790789036786	-0.27358703197066697	-0.034594882654522985	0.007844840503041087	-0.17038209497194423	0.0037909014088988993	0.0288012454149208	0.015635468891133646
COAD	NK cell	XCELL	288	0.11066462743957241	-0.011943839855165476	0.22999470411733905	0.06070495567264473	0.11916354013490241	0.043680798204986424	0.14624545698092475	0.1137854237051945
COAD	T cell NK	XCELL	288	-0.012191103127047092	-0.13443704314283003	0.11042035006373699	0.836792646708275	0.001063242381759564	0.9856916137513952	0.9040405064548868	0.9907594369583433
COAD	Plasmacytoid dendritic cell	XCELL	288	0.04189340080694204	-0.0809685662617216	0.1635013094291857	0.47883743666750905	0.04596341547438576	0.43793709105730577	0.6453824120544503	0.6111113583276465
COAD	B cell plasma	XCELL	288	-0.11653988267355021	-0.23562416800384847	0.0059922483767788715	0.04816793452044823	-0.11326591718781039	0.055283125670485746	0.12310484928219798	0.1354367301827063
COAD	T cell gamma delta	XCELL	288	0.06833404971334905	-0.05456916761585539	0.18919760377974987	0.2476911288214621	0.07308495078012978	0.21705926902359443	0.4114155963007293	0.37553174419568774
COAD	T cell CD4+ Th1	XCELL	288	0.20327088790369593	0.08288731726335324	0.3178073383084716	0.0005186681164991756	0.2566052884354696	1.0719423487114517e-05	0.0029258878325743587	0.00010027020534597551
COAD	T cell CD4+ Th2	XCELL	288	0.14096665454033602	0.01884531936238672	0.2589436781921951	0.016672792201737823	0.14956282178458064	0.011181254055983051	0.05322878288696645	0.03804935018180482
COAD	T cell regulatory (Tregs)	XCELL	288	0.023130134846492942	-0.09959857108746055	0.14516561795965835	0.6958884518052443	0.008079745504394217	0.8915964319977677	0.8158692193578725	0.9351225818034069
COAD	immune score	XCELL	288	-0.10837713851681276	-0.22780075030491034	0.01425870255219017	0.0662637119091031	-0.17803842653464466	0.0024681352538440627	0.15570379420949104	0.010843156002843019
COAD	stroma score	XCELL	288	-0.013370393636797298	-0.13559502512355423	0.10925509656205325	0.8212586574516572	-0.08400534927823147	0.15577072648601417	0.8942136871723697	0.29543329469288626
COAD	microenvironment score	XCELL	288	-0.11915813671236071	-0.23813031581330385	0.003337176575769667	0.04332215483792217	-0.2244494105310922	0.00012563515472852177	0.11330409726841184	0.000850954954076702
COAD	B cell	EPIC	288	-0.019297891322956732	-0.14141036623207384	0.10339304464747948	0.7443470503416547	-0.05875430903771471	0.3212588359959839	0.8464571120618095	0.4975068306983052
COAD	Cancer associated fibroblast	EPIC	288	0.07702026291147737	-0.04585884814653588	0.19760331371961906	0.19246227466460272	0.04278322110959061	0.47031829663393016	0.3444061757156049	0.6403050380826193
COAD	T cell CD4+	EPIC	288	0.058197597546909736	-0.06471015561920228	0.17936603952470864	0.3250244854174141	0.03878443032096834	0.5128356290642484	0.5015176550836974	0.6762857705366648
COAD	T cell CD8+	EPIC	288	0.1053559874451933	-0.01731399364185459	0.22490127415446276	0.07423764521846316	0.13596391560130897	0.02122085727516616	0.17024586088222343	0.06377675015057624
COAD	Endothelial cell	EPIC	288	0.16267145308625605	0.041042335542424674	0.27954984217449574	0.005656182896722716	0.17695431307966158	0.0026254933165296515	0.021875049580797053	0.01143171366105895
COAD	Macrophage	EPIC	288	-0.0654204292907981	-0.18637409976674238	0.05748669062858785	0.2684759925979171	-0.18661214982908858	0.0014955058325130948	0.43648279877665525	0.007178089620844695
COAD	NK cell	EPIC	288	-0.0869492703824715	-0.20719001414189814	0.03587934643791342	0.1410344285428456	-0.13010149678585034	0.02753734769202009	0.272857306087346	0.07819246875511877
COAD	uncharacterized cell	EPIC	288	-0.06496328804118492	-0.1859309162015256	0.05794425373945603	0.2718421944806411	-0.00030105940399691167	0.9959483504558577	0.43982352917732365	0.9976854588842843
DLBC	B cell	TIMER	47	0.20981357463660355	-0.09989362649610883	0.48245608086761266	0.15692555310123577	0.20403839139743074	0.17378898083604344	0.296128818834861	0.32022380540477374
DLBC	T cell CD4+	TIMER	47	-0.23034227567067528	-0.49883582958274436	0.07849154728846058	0.11931557836537403	-0.2527327575165494	0.09015576166230263	0.2413470829842796	0.19803877983123783
DLBC	T cell CD8+	TIMER	47	0.20952821461609622	-0.10018912105226839	0.4822270418344075	0.15750330836919788	0.21947297256702847	0.14278236850814233	0.2966464044911193	0.2780508897010768
DLBC	Neutrophil	TIMER	47	0.2987974098057354	-0.005005588161563592	0.5521040040408705	0.041334412987570256	0.311877387658027	0.03485954003474218	0.10927488490966848	0.09406542549057414
DLBC	Macrophage	TIMER	47	-0.03553855851974518	-0.3352734027742116	0.2707293569956492	0.8125371012652144	-0.060505786932535714	0.6895668695687189	0.8889255920388888	0.807325574977516
DLBC	Myeloid dendritic cell	TIMER	47	-0.011679000925069382	-0.31391614512090726	0.29270729891254765	0.9378966429816542	0.0018101405959931656	0.9904742017955152	0.9633464629009576	0.9942886082209151
DLBC	B cell naive	CIBERSORT	47	0.13005282165880733	-0.18041406289500725	0.4169527311677279	0.3835917932359488	0.08330237715310627	0.5820493968438848	0.5611088333529965	0.7254621282302122
DLBC	B cell memory	CIBERSORT	47	-0.06070767807585569	-0.3574738628210718	0.24719384411997392	0.6852143182933335	-0.063856539160561	0.6733112848805699	0.8079577757921995	0.7963239939150115
DLBC	B cell plasma	CIBERSORT	47	0.15856402434830286	-0.15210138718407817	0.44071480825336873	0.2870836852143704	0.09695882981944451	0.5215083070894444	0.4562996785317838	0.6819724015785043
DLBC	T cell CD8+	CIBERSORT	47	0.05180388529139686	-0.25556147091850295	0.34965840964939404	0.7294790827489529	0.036614036010153624	0.8091092812133353	0.8369316941163163	0.8824594949913922
DLBC	T cell CD4+ naive	CIBERSORT	47	-0.2082763101867708	-0.48122178277173533	0.10148484145340408	0.16005639006834727	-0.1899728587451371	0.2060318696145258	0.30040107014229983	0.3618978482447421
DLBC	T cell CD4+ memory resting	CIBERSORT	47	0.10767936232898014	-0.202277204521918	0.3980273074940255	0.47125846356521117	0.1014722964724303	0.502211811331272	0.6382475207966664	0.6684928702499736
DLBC	T cell CD4+ memory activated	CIBERSORT	47	0.22585158252541074	-0.0831977461424351	0.49526904227781926	0.12689383392207815	0.2813996588718923	0.058158387286118135	0.25288220725551763	0.140283340091747
DLBC	T cell follicular helper	CIBERSORT	47	-0.3216928769657724	-0.5694702406355294	-0.020327223781649913	0.02745353795068911	-0.3259474231261548	0.027063354654505954	0.07898700028491128	0.07718287140708846
DLBC	T cell regulatory (Tregs)	CIBERSORT	47	-0.4568373003506501	-0.6676612473621898	-0.1781804872744202	0.0012469622350511182	-0.49363932061293186	0.0004900419659482844	0.006004461008682109	0.0027608992606020064
DLBC	T cell gamma delta	CIBERSORT	47	-0.27753869871271053	-0.5357800428551922	0.028183384914557612	0.058923134034187016	-0.259327295674976	0.0817975896664217	0.1431634842006309	0.18391522460937829
DLBC	NK cell resting	CIBERSORT	47	0.45964502847716543	0.18161948552352064	0.6696263178316115	0.0011528327165046925	0.4632183000139569	0.0011876370858437365	0.005634469901916684	0.005907965656041997
DLBC	NK cell activated	CIBERSORT	47	-0.11802192953507361	-0.406806778214211	0.1922087960912307	0.4294710689845535	-0.09798126704719357	0.5171050353437489	0.5986544447813557	0.6796237607374984
DLBC	Monocyte	CIBERSORT	47	0.2990542317201774	-0.004723572335730032	0.5523000302454805	0.04115170608821035	0.3514363673054231	0.016624542688944314	0.1088654741575795	0.05216850875904676
DLBC	Macrophage M0	CIBERSORT	47	-0.1822913730716546	-0.46019293464051114	0.12814402129143068	0.2200551506076097	-0.18865726767153923	0.20924886245863827	0.37803850565718533	0.3655777713196049
DLBC	Macrophage M1	CIBERSORT	47	0.23681776133209992	-0.07168098463510458	0.5039630996765179	0.1089977721667158	0.29499945196713334	0.04656253702072074	0.22686401968246905	0.11907097433029305
DLBC	Macrophage M2	CIBERSORT	47	-0.02624884366327475	-0.3269944198608343	0.2793245889499034	0.860971685597658	-0.0247626363419722	0.8702418525592576	0.9202841144578575	0.9231268701862987
DLBC	Myeloid dendritic cell resting	CIBERSORT	47	0.37642472039029834	0.08249543137436789	0.6101070078325916	0.009111487476401116	0.4192257763708833	0.0037319044918802196	0.0328349456522842	0.01544100165423456
DLBC	Myeloid dendritic cell activated	CIBERSORT	47	-0.042768659939892026	-0.34168498424723126	0.2640058013402789	0.7753052331795023	-0.05116740930148402	0.7355854955634943	0.8634131192628465	0.8375478414831866
DLBC	Mast cell activated	CIBERSORT	47	-0.039784416976732566	-0.3390419553541612	0.26678458425181745	0.7906174976714494	-0.0018535252316329686	0.9902459026011655	0.8727595753516001	0.9942886082209151
DLBC	Mast cell resting	CIBERSORT	47	0.02182009824819427	-0.28340508309609186	0.3230312102432184	0.8842528262674542	0.010112782284266927	0.946818710369543	0.930006291044141	0.9678591261555329
DLBC	Eosinophil	CIBERSORT	47	0.25	-0.05772716521092149	0.5143429027533646	0.09011494185765591	0.26626129827903433	0.07367662722880906	0.19684325288460033	0.16925711660672352
DLBC	Neutrophil	CIBERSORT	47	-0.07880209784200579	-0.3732295021513766	0.2300463506198049	0.5985321392898242	-0.026389697068064984	0.8617962041232852	0.7441210380359976	0.9164935704900383
DLBC	B cell naive	CIBERSORT-ABS	47	0.21416242021091544	-0.09538356155186418	0.485941995134729	0.14831181172793328	0.17383874420018394	0.2479236937914571	0.2842643058118721	0.41373522950260233
DLBC	B cell memory	CIBERSORT-ABS	47	0.2865402405180389	-0.01840921252764862	0.5427157165128045	0.050856969385783	0.2742392095625098	0.06513523655882861	0.1283736283398396	0.15332858214630937
DLBC	B cell plasma	CIBERSORT-ABS	47	0.18039166694055342	-0.13007557940289097	0.45864322849730005	0.2249823864078085	0.12417207789360604	0.41096997828476767	0.3849808012492478	0.5858157546822609
DLBC	T cell CD8+	CIBERSORT-ABS	47	0.25566604995374653	-0.05169229518634577	0.518780723946175	0.08282631527476518	0.2498570073542563	0.0940020464101661	0.18558790414001824	0.20366312113207793
DLBC	T cell CD4+ naive	CIBERSORT-ABS	47	-0.21125168604658182	-0.48360978772176894	0.0984036088116912	0.1540374842306008	-0.19347859626704278	0.19762914727414313	0.29265625040896454	0.35204098671612744
DLBC	T cell CD4+ memory resting	CIBERSORT-ABS	47	0.11407782326486948	-0.19605607235253192	0.4034650350442919	0.44515559193911436	0.10677222606742238	0.48002774537650195	0.6143869976992365	0.648757401588239
DLBC	T cell CD4+ memory activated	CIBERSORT-ABS	47	0.2420665679374915	-0.06613938650228092	0.5081053191030329	0.10114656758721523	0.29133402924480495	0.049485043637580155	0.21481970628246147	0.12466914988591392
DLBC	T cell follicular helper	CIBERSORT-ABS	47	0.02197039777983349	-0.2832667831971101	0.32316588416812325	0.8834610290483199	0.009004136403676052	0.9526418559893063	0.930006291044141	0.9703574093535405
DLBC	T cell regulatory (Tregs)	CIBERSORT-ABS	47	-0.31852130796609973	-0.5670777274031071	-0.01679478224678361	0.02910553035602591	-0.36588339649515883	0.012397351017659432	0.08234632683940761	0.04142551259016036
DLBC	T cell gamma delta	CIBERSORT-ABS	47	-0.2104103163248116	-0.48293492426219853	0.09927551495655189	0.1557223777388723	-0.19312568718738418	0.19846388438229162	0.29454716559707184	0.352613856983892
DLBC	NK cell resting	CIBERSORT-ABS	47	0.4631994012808552	0.18598277445665973	0.6721097398728975	0.0010427949454787642	0.4667645110243411	0.0010756421201855906	0.0052073157558390395	0.005426787987000851
DLBC	NK cell activated	CIBERSORT-ABS	47	0.09080391830765233	-0.21856583568683743	0.3835871841429895	0.5438420002420253	0.0976901004893888	0.518357089840008	0.698791396959027	0.6796901804603969
DLBC	Monocyte	CIBERSORT-ABS	47	0.3357210085372664	0.03604229013546175	0.5800024292304797	0.02105393278991513	0.3896294985714701	0.007438271134635296	0.06446427346011603	0.027104976827981367
DLBC	Macrophage M0	CIBERSORT-ABS	47	-0.0548262124593682	-0.3523159636231454	0.2527262946099817	0.7143473088229368	-0.07101289278834995	0.6390904356358541	0.8286470556274834	0.7681658786769718
DLBC	Macrophage M1	CIBERSORT-ABS	47	0.28734967622571694	-0.017527434852828122	0.5433376781270299	0.05017776150908028	0.3212694246538803	0.02947569960385968	0.12698708576084394	0.08220398391661295
DLBC	Macrophage M2	CIBERSORT-ABS	47	0.25185013876040707	-0.055759065131232105	0.5157935455631206	0.0876821269079888	0.24773119685099973	0.0969260369767947	0.1930389167850429	0.20754699045962063
DLBC	Myeloid dendritic cell resting	CIBERSORT-ABS	47	0.37642472039029834	0.08249543137436789	0.6101070078325916	0.009111487476401116	0.4192257763708833	0.0037319044918802196	0.0328349456522842	0.01544100165423456
DLBC	Myeloid dendritic cell activated	CIBERSORT-ABS	47	-0.0346863934945581	-0.3345158778967546	0.27151985518749144	0.8169542087895744	-0.0448595974146502	0.7672083635630148	0.8910996220228344	0.8601901747019196
DLBC	Mast cell activated	CIBERSORT-ABS	47	0.048573316161577756	-0.2585861599719324	0.3468124370623732	0.7457666444942	0.07949710387754193	0.5994653031145927	0.8466746747887115	0.7370375706364234
DLBC	Mast cell resting	CIBERSORT-ABS	47	0.02743715324277893	-0.27822784002007406	0.3280560210732246	0.854743925225138	0.015901754016860684	0.9164635877235281	0.9169798047601455	0.951506274030535
DLBC	Eosinophil	CIBERSORT-ABS	47	0.25	-0.05772716521092149	0.5143429027533646	0.09011494185765591	0.26626129827903433	0.07367662722880906	0.19684325288460033	0.16925711660672352
DLBC	Neutrophil	CIBERSORT-ABS	47	-0.03603343790211376	-0.33571314378916806	0.27027009984872136	0.8099745795874638	0.019277668158460576	0.898812980013637	0.8871150157386508	0.9389581806061279
DLBC	B cell	QUANTISEQ	47	0.20906567992599445	-0.10066796659890187	0.48185571757073997	0.15844308627897377	0.15350274056923255	0.3084372425621575	0.2976994076649627	0.48278207302563486
DLBC	Macrophage M1	QUANTISEQ	47	0.0986961926925101	-0.21096940036335451	0.39035838067522793	0.5092400893619713	0.12210238529245526	0.4188723444937544	0.671182081980292	0.5927581856571045
DLBC	Macrophage M2	QUANTISEQ	47	-0.08244221780925076	-0.3763787332671512	0.2265733999427519	0.5816917648107561	-0.07168629986238521	0.635906757653951	0.7291414401139898	0.7662235508249455
DLBC	Monocyte	QUANTISEQ	47	-0.09332952914079133	-0.38575746872908645	0.21613896927772996	0.5326472666943803	-0.07868189670691224	0.6032257491415339	0.6902869959178867	0.7389723296962688
DLBC	Neutrophil	QUANTISEQ	47	0.2515541063366641	-0.056074132741177694	0.5155615363662489	0.08806791291691657	0.2516896836915792	0.09153647281968796	0.1933747180882094	0.20039619749438967
DLBC	NK cell	QUANTISEQ	47	-0.18951269539673637	-0.46606839451967036	0.12078006603200611	0.20200968684481774	-0.1401825264397621	0.35278649979801685	0.35595217465670903	0.5289092079027017
DLBC	T cell CD4+ (non-regulatory)	QUANTISEQ	47	-0.23290982078345557	-0.5008710550827589	0.0757945879933307	0.11513952286920585	-0.21844063939596767	0.14471856987152337	0.23639230024968957	0.2804011933586008
DLBC	T cell CD8+	QUANTISEQ	47	0.14261542172704536	-0.16800202151192378	0.42747132601850557	0.3389235126751906	0.1544883301924894	0.30530390211161235	0.5166436392046765	0.4801771738126033
DLBC	T cell regulatory (Tregs)	QUANTISEQ	47	-0.09967846841446933	-0.39119892442669235	0.21002132028168777	0.505012916352588	-0.09067046919579351	0.5489931426882428	0.667320210523359	0.7019500287478841
DLBC	Myeloid dendritic cell	QUANTISEQ	47	-0.19909745696817224	-0.4738293186223653	0.11095295743909707	0.17970442865759534	-0.17176739043042927	0.2536909369728279	0.3280318935813248	0.42138129293277704
DLBC	uncharacterized cell	QUANTISEQ	47	-0.2656105457909343	-0.5265354196040943	0.04104593007237757	0.07115819894111472	-0.22662129536862255	0.129898594164366	0.16472975598564746	0.2597651701055793
DLBC	T cell	MCPCOUNTER	47	-0.14743293246993525	-0.4314846447297482	0.16321597750678787	0.3226875959910041	-0.16144914475910938	0.28375693981607947	0.49869901198609723	0.4562480201156739
DLBC	T cell CD8+	MCPCOUNTER	47	0.13124421831637373	-0.17924117350502047	0.41795359017699457	0.3792121909274005	0.1088459714726748	0.47149026365166546	0.5554264606697966	0.641298717569083
DLBC	cytotoxicity score	MCPCOUNTER	47	0.254740980573543	-0.05267911576904751	0.5180571489814335	0.08398368560984198	0.25844473055831646	0.08287963823519813	0.1875363853423656	0.1854947827702488
DLBC	NK cell	MCPCOUNTER	47	0.23068917668825162	-0.0781274250523579	0.49911098201770676	0.11874474653104745	0.24392443457814778	0.10233697337039777	0.24098755331464117	0.21644114380011462
DLBC	B cell	MCPCOUNTER	47	0.2651480111008326	-0.04154265873456654	0.5261756963030945	0.07167033122003182	0.24519685087938647	0.10050314220539192	0.1654256169246307	0.21333728882903497
DLBC	Monocyte	MCPCOUNTER	47	0.06833950046253469	-0.2399848544750129	0.3641399027054805	0.6480805419763773	0.08049841145636218	0.5948604848343702	0.7783148498671223	0.7334703881298871
DLBC	Macrophage/Monocyte	MCPCOUNTER	47	0.06833950046253469	-0.2399848544750129	0.3641399027054805	0.6480805419763773	0.08049841145636218	0.5948604848343702	0.7783148498671223	0.7334703881298871
DLBC	Myeloid dendritic cell	MCPCOUNTER	47	-0.04451896392229418	-0.34323296424620386	0.2623736300139326	0.7663630717633482	-0.05673799845029335	0.7080119469325293	0.8585111837624247	0.8197455123433808
DLBC	Neutrophil	MCPCOUNTER	47	0.549722479185939	0.295680204970551	0.7311471837803024	6.273727233106942e-05	0.5639941199994694	4.467955072705216e-05	0.00047118815670698364	0.0003500942752360199
DLBC	Endothelial cell	MCPCOUNTER	47	0.40656799259944504	0.11773979922149876	0.6319745302667739	0.004570191542779162	0.4383862719504227	0.002308813436508362	0.018310598259772614	0.010270148505970073
DLBC	Cancer associated fibroblast	MCPCOUNTER	47	0.132631822386679	-0.17787401109383133	0.4191184008568123	0.37414897275995584	0.11826550900463834	0.43374806067059163	0.5505438191996032	0.6067817235141372
DLBC	Myeloid dendritic cell activated	XCELL	47	-0.14456818448027844	-0.4290994663888672	0.16606377693140847	0.3322822968257389	-0.13058371834956836	0.3870386057156875	0.5091102482200955	0.5618429145589486
DLBC	B cell	XCELL	47	0.04810360777058279	-0.2590254334960078	0.34639818927157323	0.7481441346665016	-0.0444980331955885	0.7690329334731015	0.8471698831824781	0.8605656646886668
DLBC	T cell CD4+ memory	XCELL	47	0.18177087105463527	-0.12867348479904875	0.459768497765867	0.22139766403598682	0.17655447207288202	0.2404974852648426	0.37951112072806154	0.40460897875883695
DLBC	T cell CD4+ naive	XCELL	47	-0.09850942376185658	-0.39019850548842244	0.21114960147183878	0.5100458607738759	-0.10273132636504861	0.4968949000861375	0.6717006788904867	0.6635447607024582
DLBC	T cell CD4+ (non-regulatory)	XCELL	47	-0.07611001939599359	-0.3708960914793629	0.2326097474966951	0.6111222551513231	-0.07983183124644712	0.5979242232178654	0.7549725174223296	0.7354148200005831
DLBC	T cell CD4+ central memory	XCELL	47	-0.1961023717532636	-0.47140872919261934	0.1140302989725882	0.18647548342655496	-0.20503248386880918	0.1716565488709305	0.3372428955586632	0.3170416183681333
DLBC	T cell CD4+ effector memory	XCELL	47	-0.1383372731694633	-0.42389789561828506	0.17223998562966472	0.35375844487805613	-0.10774756061161254	0.4760022515118725	0.5308064170194151	0.6452020131732529
DLBC	T cell CD8+ naive	XCELL	47	0.16999946373075428	-0.14060048470261619	0.45013561415979203	0.2532820691366777	0.14268828362668717	0.34415973954108636	0.41927726093328105	0.5205665692865175
DLBC	T cell CD8+	XCELL	47	-0.056924688456293074	-0.3541583509595844	0.2507546504175222	0.7039040170078993	-0.060492089440332394	0.689633611361868	0.820701136618837	0.807325574977516
DLBC	T cell CD8+ central memory	XCELL	47	0.0646410916404372	-0.24348260883024958	0.3609132959521542	0.6659770566241192	0.06145326449701454	0.6849559160543222	0.791961767457514	0.8037747994515005
DLBC	T cell CD8+ effector memory	XCELL	47	-0.04346831007543931	-0.34230395393320495	0.2633535831647209	0.7717272509400633	-0.04555188714970031	0.7637183277646438	0.8611454198560639	0.8573467302784258
DLBC	Class-switched memory B cell	XCELL	47	0.09192876965772433	-0.21748543538396978	0.38455418060391683	0.5388421748914507	0.08345333404164507	0.5813632323541302	0.6954843449640744	0.7253913801869367
DLBC	Common lymphoid progenitor	XCELL	47	0.6105862012814632	0.3770800043408047	0.7711098406329948	5.17810939907593e-06	0.6656683846772866	4.4685197240744976e-07	5.359612260611336e-05	6.130495481098697e-06
DLBC	Common myeloid progenitor	XCELL	47	0.28327117613595687	-0.021965623898473213	0.5402009410695651	0.053676158579980676	0.28203890103369256	0.05756587832476572	0.13401901663328508	0.1390256851450488
DLBC	Myeloid dendritic cell	XCELL	47	-0.13645940188274436	-0.42232654404268843	0.17409659431114702	0.36039344476374835	-0.1443830965814954	0.33839925099625	0.5372239302425681	0.5149325230328226
DLBC	Endothelial cell	XCELL	47	-0.12476873265494912	-0.4125053140724891	0.18560544791987912	0.40337402689586044	-0.09519683305178993	0.5291400495617508	0.576880923614782	0.6875831152497327
DLBC	Eosinophil	XCELL	47	-0.3411935790349933	-0.5840891576841636	-0.04221341053968762	0.018923685152899238	-0.33395754661253074	0.023315116993291286	0.059431011203081134	0.06874970395457687
DLBC	Cancer associated fibroblast	XCELL	47	-0.4735624996983893	-0.6793236543938405	-0.19876706011982603	0.0007735217212992736	-0.5019018287776569	0.0003797747015760342	0.004021901503032127	0.0022416686513667067
DLBC	Granulocyte-monocyte progenitor	XCELL	47	-0.1119952582356637	-0.4016974096270833	0.19808366479287923	0.4535628906137647	-0.09783010340023125	0.5177548701291114	0.6213843385773721	0.6796901804603969
DLBC	Hematopoietic stem cell	XCELL	47	-0.31976408216605595	-0.5680157298849527	-0.018178066887787617	0.028448613715256685	-0.3846845180936768	0.008298210135625008	0.08095638983017005	0.029658136773577495
DLBC	Macrophage	XCELL	47	-0.15751127664020548	-0.43984439222964605	0.15315594923272827	0.29033671592212124	-0.1487289317640456	0.32390329803636825	0.45918649176680487	0.49959049125136085
DLBC	Macrophage M1	XCELL	47	-0.14444316044318403	-0.428995281403419	0.1661879434106345	0.332705044850233	-0.11813213079918138	0.4342704180142612	0.5095482668877442	0.6072951839899003
DLBC	Macrophage M2	XCELL	47	-0.3282632720668501	-0.5744133804295974	-0.027669240033391176	0.024278925035111927	-0.33493623857987415	0.02288852512110223	0.07224550752457203	0.06779858577538615
DLBC	Mast cell	XCELL	47	0.4719010175763183	0.19671108262156364	0.6781697414083836	0.0008119806805916192	0.4577960390579639	0.001379033198379906	0.004204213199941826	0.00674002475708179
DLBC	B cell memory	XCELL	47	0.047525439407955596	-0.25956596491231304	0.34588812808973685	0.7510737873888661	-0.003111963534327437	0.9836241410537985	0.8481613899400415	0.9899537687311074
DLBC	Monocyte	XCELL	47	-0.027072085991075523	-0.32772996139337984	0.2785648632513352	0.8566562782406109	-0.0007306990304235043	0.9961546494451118	0.9172736557274092	0.9976854588842843
DLBC	B cell naive	XCELL	47	0.18623341339342417	-0.12412835752917	0.4634033034350649	0.21007064789506585	0.13489062378870612	0.37143453544963323	0.36492679143998574	0.5465973028257681
DLBC	Neutrophil	XCELL	47	-0.10904036399296524	-0.3991856646968363	0.20095601334042906	0.4656388651350466	-0.09363476710687017	0.535951384015414	0.6334892006534558	0.6909231491923075
DLBC	NK cell	XCELL	47	0.03138163394583677	-0.2745815632657183	0.33157447034685295	0.8341360863497266	0.0476054445378724	0.7533932210650713	0.9029546228204405	0.8484353382386027
DLBC	T cell NK	XCELL	47	-0.27466173422943324	-0.5335559731107472	0.031295008696484855	0.06170729481857945	-0.25097431633019884	0.09249284537918871	0.14723204040179622	0.20206506874214838
DLBC	Plasmacytoid dendritic cell	XCELL	47	0.01064137457017273	-0.2936558537613649	0.3129803488230031	0.9434048581264959	0.040647285738742614	0.7885398619608865	0.9661368140719084	0.8729305946395998
DLBC	B cell plasma	XCELL	47	-0.37550595833388195	-0.6094348511576206	-0.08143261219563146	0.009296154630750515	-0.4916476170139106	0.0005206001074469443	0.03328568187384113	0.0029162556162142584
DLBC	T cell gamma delta	XCELL	47	-0.03197736279991709	-0.3321051314988242	0.2740301058154858	0.8310329091422203	-0.06344185890703725	0.6753152462866775	0.9005927590759649	0.7974879531805826
DLBC	T cell CD4+ Th1	XCELL	47	-0.07981020964156652	-0.37410234479302373	0.22908532244658655	0.593846923568472	-0.04838497081877966	0.7494848442515856	0.7394718060995942	0.8464719067081743
DLBC	T cell CD4+ Th2	XCELL	47	0.508571593979683	0.24265838404609694	0.7034034378111528	0.0002622627864656624	0.5107470676072481	0.00028698634198597814	0.001643345344680673	0.001745126900723444
DLBC	T cell regulatory (Tregs)	XCELL	47	-0.04213152924911153	-0.3411210988638607	0.2645994945370802	0.7785675103311948	-0.059248539463656553	0.6957025346537838	0.8652364508664082	0.8117567623086527
DLBC	immune score	XCELL	47	0.013182238667900092	-0.29133203806039926	0.3152708180882264	0.9299218985352457	-0.039537296772375094	0.7941872198372468	0.9597813637152773	0.8753506044157393
DLBC	stroma score	XCELL	47	-0.4314292321924144	-0.6497440783974013	-0.14736632443708897	0.002463656753034321	-0.4414833216484626	0.002130807410722843	0.010961167922649194	0.009642890018433237
DLBC	microenvironment score	XCELL	47	-0.0874190564292322	-0.3806734555776985	0.2218123683645361	0.5590204112453081	-0.15191240780326098	0.3135362874887333	0.7101266432648325	0.48880417919530605
DLBC	B cell	EPIC	47	0.07018963922294172	-0.23823208446272198	0.3657513610772791	0.6392001625629397	-0.24182497090106436	0.10541881261879764	0.7728115756404126	0.22148713451880642
DLBC	Cancer associated fibroblast	EPIC	47	0.24502775208140612	-0.06300460870790607	0.51043679001116	0.09691346090366944	0.25074567032132017	0.09280014942701802	0.20774760533626507	0.20236953946438396
DLBC	T cell CD4+	EPIC	47	-0.14546716003700277	-0.42984837750664406	0.16517067744154018	0.3292524398897695	-0.13680756837148658	0.36461236424604115	0.5056469127922225	0.5400130091674321
DLBC	T cell CD8+	EPIC	47	0.07273358001850139	-0.2358187407519203	0.36796422662535144	0.6270709927244594	0.07789857082804083	0.6068487482827798	0.7632359322464035	0.7410301704514893
DLBC	Endothelial cell	EPIC	47	0.2889685476410731	-0.015762455607358707	0.5445807588986493	0.048841382579612506	0.3906333064862722	0.007273458739428161	0.12434184714380171	0.02657871371136833
DLBC	Macrophage	EPIC	47	-0.07782146160962072	-0.3723799479772939	0.23098060885742067	0.6031051419455362	-0.05350391232047862	0.723977772987492	0.748141213517464	0.8293062509773734
DLBC	NK cell	EPIC	47	0.08475948196114709	-0.22435845328833626	0.37837997032268544	0.5710841525621139	0.12089181299644325	0.42353418865415915	0.7198385030682996	0.5956901718121447
DLBC	uncharacterized cell	EPIC	47	-0.14373265494912119	-0.4284030594248353	0.1668933884441778	0.3351138692659768	0.0005355915643366785	0.9971814101357679	0.5120340870769712	0.9978892627537287
ESCA	B cell	TIMER	181	-0.09236868547356278	-0.24336943618169402	0.06300354582805387	0.21618742066527885	-0.08995392989775229	0.22979506441857037	0.37253980379076257	0.3910756189583054
ESCA	T cell CD4+	TIMER	181	0.005934679066927802	-0.14867488420360153	0.1602610255719455	0.9368015813209033	0.01790747830944197	0.8114162453714955	0.9633464629009576	0.8834969421895147
ESCA	T cell CD8+	TIMER	181	0.008198255720417569	-0.14646048918408597	0.16246577290523445	0.9127790006704639	0.022070646225043854	0.7686954676697062	0.9507101472087144	0.8605656646886668
ESCA	Neutrophil	TIMER	181	0.08010855453888154	-0.07529647718981439	0.23171443975563422	0.28371667606434353	0.11254914510641122	0.1325120861206965	0.4527886544537074	0.264213287471659
ESCA	Macrophage	TIMER	181	0.011926099723466563	-0.14281026009730763	0.1660933776254772	0.8733983958668531	0.03544062022329415	0.636697212466067	0.9249374349217485	0.7664673955487444
ESCA	Myeloid dendritic cell	TIMER	181	-0.045642893209192216	-0.1987150968829905	0.10960314112052724	0.5417782645159037	-0.032101766031830126	0.6687966125806906	0.6970559441451739	0.7926628539528645
ESCA	B cell naive	CIBERSORT	181	0.10536661047784002	-0.04991915557377883	0.25567837202998683	0.15804584534783753	0.10083638793444268	0.1780212639774574	0.2972386990428305	0.3255674191542836
ESCA	B cell memory	CIBERSORT	181	-0.2649015138766816	-0.40288850075074367	-0.11513979172344198	0.0003136088571625039	-0.2630539197831051	0.00036013727380279913	0.0019159541117271723	0.0021335405160135524
ESCA	B cell plasma	CIBERSORT	181	-0.02208853060191094	-0.17596140059518417	0.13283798991820667	0.7678808479589878	-0.026062755438446265	0.7283723232713827	0.8585771256148912	0.8322430695473718
ESCA	T cell CD8+	CIBERSORT	181	-0.11255074410114745	-0.2624608442851078	0.04266428631742403	0.13142096209746584	-0.11984870092435222	0.1090410067142559	0.2596543515922645	0.22726563766137559
ESCA	T cell CD4+ naive	CIBERSORT	181	-0.05744939245133237	-0.2100585158344003	0.09789261095263699	0.4423787747461481	-0.055796927651419394	0.45690133727933147	0.611538935006054	0.6292653148158457
ESCA	T cell CD4+ memory resting	CIBERSORT	181	0.18967934459960173	0.036268767882295855	0.33435585409493057	0.01054411926136625	0.18843915937804065	0.011299404685993905	0.037108466527400574	0.03841797593237928
ESCA	T cell CD4+ memory activated	CIBERSORT	181	-0.06288561107397601	-0.21526773461493745	0.09248607784306982	0.40034193848517613	-0.06045497812008467	0.4201415343032847	0.5750686919460098	0.5932700162440259
ESCA	T cell follicular helper	CIBERSORT	181	0.13243852981300058	-0.02249494216837086	0.2811597692715347	0.07552366326414148	0.1274757756430519	0.08813545767160366	0.17233766503179107	0.1948047707721709
ESCA	T cell regulatory (Tregs)	CIBERSORT	181	-0.07140188004811131	-0.22341099360665476	0.08399785523006463	0.33948738926580907	-0.08330228729421224	0.26623927777219614	0.517099996894941	0.4370374720196089
ESCA	T cell gamma delta	CIBERSORT	181	0.013511341285832775	-0.1412567471453923	0.16763472964753873	0.8567401346386682	0.014011846273120665	0.8519051543256386	0.9172736557274092	0.9095983488293957
ESCA	NK cell resting	CIBERSORT	181	0.0693701537025283	-0.08602494098166738	0.2214701816405543	0.35344257547360597	0.06706129874453551	0.3710752685025791	0.5308064170194151	0.5464799622768679
ESCA	NK cell activated	CIBERSORT	181	-0.030184734520819996	-0.18380098500513337	0.12487077041132426	0.6866741846799901	-0.028861383005582008	0.7005348362272693	0.8094350503764731	0.8149631685952464
ESCA	Monocyte	CIBERSORT	181	-0.0727840825521597	-0.22473065764445677	0.08261807424158606	0.3301967000388081	-0.07665567507053672	0.3064096684137082	0.5066990177204629	0.4811493186737346
ESCA	Macrophage M0	CIBERSORT	181	0.15091462732406255	-0.0036435784611959206	0.2984307922125215	0.0425692584371067	0.16143764607999542	0.030384181818679953	0.11168215191293268	0.08401849427937667
ESCA	Macrophage M1	CIBERSORT	181	0.07017612061689443	-0.08522096887523103	0.22224022788285408	0.34786421030070913	0.08293752434119799	0.2683459166525973	0.5258736243906985	0.4386423637590533
ESCA	Macrophage M2	CIBERSORT	181	-0.10999252213208176	-0.26004734825887005	0.04524957473353516	0.14047566195195033	-0.10415475161344256	0.16409360704201809	0.2724421417566992	0.30684170422491186
ESCA	Myeloid dendritic cell resting	CIBERSORT	181	0.05219835985972869	-0.10310627762889982	0.20501850981376815	0.485259912650799	0.06470127561661224	0.3881837762923425	0.6511208848540233	0.5627729200233812
ESCA	Myeloid dendritic cell activated	CIBERSORT	181	0.02459776376025509	-0.1303708717174177	0.17839318939317625	0.7423929676252442	0.016084887581868025	0.8303038809592889	0.8452416733914647	0.8960773321973005
ESCA	Mast cell activated	CIBERSORT	181	-0.1980216870767723	-0.34203250119293677	-0.04492256013383095	0.007536334556478808	-0.1950462928914558	0.008694484954764246	0.027858162918158652	0.030792967548123367
ESCA	Mast cell resting	CIBERSORT	181	0.05511002574192672	-0.10021638459147696	0.20781416411379786	0.4612117043783984	0.04816288047609184	0.5208446936232276	0.6294372649631894	0.6815604926595783
ESCA	Eosinophil	CIBERSORT	181	0.03459288904701002	-0.12052442015051205	0.18806121641768817	0.6438563117760566	0.02918307990124589	0.6973595523245686	0.7750697818638169	0.8128494673897759
ESCA	Neutrophil	CIBERSORT	181	-0.14206909631144976	-0.29017423387201635	0.012682497912088359	0.0564183007700525	-0.14916672026688632	0.045658733574337314	0.13926487121900585	0.11745108439188086
ESCA	B cell naive	CIBERSORT-ABS	181	0.08981512539923281	-0.06556783070762479	0.24094550454174163	0.2292089314470946	0.08996166216118948	0.22975485630309778	0.389463530341383	0.3910756189583054
ESCA	B cell memory	CIBERSORT-ABS	181	-0.2600142619678062	-0.39848238227934585	-0.10995746562142908	0.00040793565030729933	-0.2577847145286035	0.0004764009157536577	0.0024084622014035597	0.002699605189270727
ESCA	B cell plasma	CIBERSORT-ABS	181	-0.045324978683524184	-0.19840908366639678	0.10991787673380786	0.5445997239798522	-0.04346504633107369	0.5623489375978644	0.6988673075528337	0.7123315461305684
ESCA	T cell CD8+	CIBERSORT-ABS	181	-0.11964259461958694	-0.26914169589607323	0.03548651806579397	0.10866060283760266	-0.11546869732417997	0.12269737726441074	0.22635213484018454	0.24754734009486376
ESCA	T cell CD4+ naive	CIBERSORT-ABS	181	-0.05744939245133237	-0.2100585158344003	0.09789261095263699	0.4423787747461481	-0.055796927651419394	0.45690133727933147	0.611538935006054	0.6292653148158457
ESCA	T cell CD4+ memory resting	CIBERSORT-ABS	181	0.10483975831255934	-0.05045055100689407	0.2551803928825573	0.1601472386097798	0.12500503247067696	0.09452446044449155	0.30040107014229983	0.2040809720253793
ESCA	T cell CD4+ memory activated	CIBERSORT-ABS	181	-0.07376434927248166	-0.22566623398776098	0.08163916364914284	0.32370757670971384	-0.07016242347108319	0.3493124621608469	0.4996828365317731	0.5256187452163769
ESCA	T cell follicular helper	CIBERSORT-ABS	181	0.07654412488416602	-0.07886160203058483	0.22831775662991677	0.3057574767387332	0.07864303823697119	0.294002045313002	0.478587563670315	0.4674859687571524
ESCA	T cell regulatory (Tregs)	CIBERSORT-ABS	181	-0.0774466662872635	-0.2291781727733236	0.07795926028431403	0.30007294141100327	-0.07860037851848921	0.29426482133743914	0.4713881883957504	0.4675235479192959
ESCA	T cell gamma delta	CIBERSORT-ABS	181	0.012320946142211528	-0.1424233878182768	0.16647736265289717	0.8692437104351619	0.01284626548910474	0.8641002571410971	0.9238224810550375	0.9183560764940716
ESCA	NK cell resting	CIBERSORT-ABS	181	0.09392437674200167	-0.06144031449357377	0.24484523066654093	0.20851805744360544	0.09480080182450357	0.20555665486635794	0.3634889008490848	0.3615162297743431
ESCA	NK cell activated	CIBERSORT-ABS	181	-0.050935007491931486	-0.20380471789474955	0.1043593678121233	0.495899924450905	-0.044604871359838226	0.5521349317608688	0.6595131648309656	0.704354839538335
ESCA	Monocyte	CIBERSORT-ABS	181	-0.09411964798697837	-0.24503042383638943	0.061244042959907014	0.2075693847825981	-0.09167377314522163	0.220973670268642	0.36231977433033863	0.38045224603715994
ESCA	Macrophage M0	CIBERSORT-ABS	181	0.1547643867528027	0.0002982513550733025	0.302017335992618	0.03750103568483081	0.18336959010883006	0.013741498630309571	0.10054423708619309	0.04496172355189156
ESCA	Macrophage M1	CIBERSORT-ABS	181	0.035335884875342845	-0.11979125532730134	0.18877871148691033	0.636748611933973	0.05427379144274285	0.4692990565360321	0.771307208072581	0.6400276634307239
ESCA	Macrophage M2	CIBERSORT-ABS	181	-0.14605226011459202	-0.2938949128285834	0.008615378583644	0.049779738598457454	-0.14950567078588797	0.04516360172484006	0.1263067994289219	0.11663783536600042
ESCA	Myeloid dendritic cell resting	CIBERSORT-ABS	181	0.05781435283688174	-0.09752993040462889	0.21040850812893422	0.43948053957265626	0.07193437395202533	0.3372459240103904	0.608918819889825	0.5140863792906926
ESCA	Myeloid dendritic cell activated	CIBERSORT-ABS	181	0.004381357445291637	-0.15019355962628334	0.1587471826215257	0.9533208620865573	0.0025382715483465105	0.9730228471623941	0.9723821873880296	0.9838425995358058
ESCA	Mast cell activated	CIBERSORT-ABS	181	-0.1980160070811587	-0.342027280976123	-0.04491666025631635	0.0075380911425605756	-0.19554682503136234	0.00852078832088098	0.027858162918158652	0.03031508856655562
ESCA	Mast cell resting	CIBERSORT-ABS	181	0.08337645408528893	-0.07202444562788457	0.23482530297622892	0.26446998133449856	0.08021959604567443	0.2844001416195947	0.4321260455569952	0.45667538140969827
ESCA	Eosinophil	CIBERSORT-ABS	181	0.0367008436197125	-0.11844391605595625	0.19009639596141806	0.6237774199528117	0.03136376622945307	0.6759760645150124	0.761600459524615	0.797490263848867
ESCA	Neutrophil	CIBERSORT-ABS	181	-0.12769871793875737	-0.27671352217094114	0.02731333155802058	0.08668886762781525	-0.13141322793505544	0.07867191800882768	0.1911751113506811	0.1781477696926236
ESCA	B cell	QUANTISEQ	181	-0.030816357304155204	-0.18441176703293727	0.12424836830060913	0.680473429247852	-0.026137099520217377	0.727628031297455	0.804065007059263	0.8321221416709708
ESCA	Macrophage M1	QUANTISEQ	181	0.05287379118229812	-0.10243613052649131	0.205667251652722	0.4796220885570318	0.07055371923660574	0.3466247248361272	0.6458434151145211	0.5228791180977074
ESCA	Macrophage M2	QUANTISEQ	181	-0.07662143377980965	-0.22839146649172898	0.07878432020781699	0.3052678025368626	-0.06779040105939203	0.36588506882192073	0.47801245811739396	0.5413460827170934
ESCA	Monocyte	QUANTISEQ	181	0.04244429951687284	-0.1127683328158534	0.1956348832166075	0.5704905139722112	0.04263717386499088	0.5698238021742416	0.7196879297633246	0.7184814790394338
ESCA	Neutrophil	QUANTISEQ	181	-0.01901151266995984	-0.17297678523994967	0.1358607448314735	0.7994764962861531	-0.020526475435864205	0.7844675037126234	0.8792594597890667	0.8699001530108785
ESCA	NK cell	QUANTISEQ	181	0.2715866994382418	0.12224183116627069	0.40890521203719904	0.00021707645471821804	0.284237981282324	0.00011020444262610133	0.0013983013804748476	0.0007546398785780319
ESCA	T cell CD4+ (non-regulatory)	QUANTISEQ	181	-0.09028509352918225	-0.24139175690947695	0.06509604278592793	0.22677175246474512	-0.0874694406801977	0.24297244513134675	0.38668885832409655	0.4072105702801396
ESCA	T cell CD8+	QUANTISEQ	181	-0.09277558614455546	-0.2437555068862088	0.062594746618652	0.2141622754329418	-0.08852009086473545	0.2373370605906735	0.3700285006375619	0.4005126918038556
ESCA	T cell regulatory (Tregs)	QUANTISEQ	181	0.05928304219848237	-0.09606999843564422	0.21181656692736495	0.42792720354968744	0.07828294148940032	0.29622507752933236	0.5973564319454758	0.4700649566313675
ESCA	Myeloid dendritic cell	QUANTISEQ	181	0.04897541812646297	-0.10630206442483446	0.2019210715911221	0.5126448297244067	0.04610034583888423	0.5388724527373112	0.672633397960934	0.6932420014246075
ESCA	uncharacterized cell	QUANTISEQ	181	-0.006146162089091129	-0.16046707748177444	0.1484680618020341	0.9345544264945632	-0.03201549735088654	0.6696343238462568	0.9623670812730424	0.7930863681725648
ESCA	T cell	MCPCOUNTER	181	-0.2276680505819984	-0.3691585179438807	-0.0758627745421163	0.0020539314637515317	-0.22499835350379788	0.002392045248596993	0.009459213219397512	0.01058020013802516
ESCA	T cell CD8+	MCPCOUNTER	181	-0.056228709391325356	-0.20888761228893435	0.09910536891048811	0.45215088954672494	-0.0519173536226728	0.48883764904707494	0.6201017110233934	0.6565974605888227
ESCA	cytotoxicity score	MCPCOUNTER	181	-0.04897906318083091	-0.20192457643363085	0.10629845189301763	0.5126134133256572	-0.0382983601857142	0.6097474021037265	0.672633397960934	0.7434088999767916
ESCA	NK cell	MCPCOUNTER	181	-0.11397518261918957	-0.2638038857826224	0.04122387550584407	0.12657747632690647	-0.1083718154567525	0.147589216692189	0.2526934150178508	0.28405795555944197
ESCA	B cell	MCPCOUNTER	181	-0.015398797278858872	-0.16946894675201546	0.13940607397929503	0.8369889087894348	-0.010438331857323683	0.889392424985154	0.9040405064548868	0.9344982778339592
ESCA	Monocyte	MCPCOUNTER	181	-0.0524224924842845	-0.20523380078619957	0.10288391412977127	0.4833851430781052	-0.04089452646123567	0.5857099231148651	0.6488279812685861	0.728411513797431
ESCA	Macrophage/Monocyte	MCPCOUNTER	181	-0.0524224924842845	-0.20523380078619957	0.10288391412977127	0.4833851430781052	-0.04089452646123567	0.5857099231148651	0.6488279812685861	0.728411513797431
ESCA	Myeloid dendritic cell	MCPCOUNTER	181	-0.08212017295065518	-0.23362975840103042	0.07328271113047878	0.27176064392819793	-0.07434228313268867	0.32127998657627127	0.43982352917732365	0.4975068306983052
ESCA	Neutrophil	MCPCOUNTER	181	0.2335541593854629	0.08204074950444336	0.3745156951143592	0.0015547837711698848	0.2501439885381538	0.0007074990813160458	0.00735091238848156	0.0037894813807475875
ESCA	Endothelial cell	MCPCOUNTER	181	-0.012654577393179725	-0.16680177997290507	0.14209645757570977	0.8657359315582721	0.008666273262878997	0.9080786221674069	0.9219785985818341	0.9465708911422449
ESCA	Cancer associated fibroblast	MCPCOUNTER	181	0.04360294214373161	-0.11162215330811578	0.196750993697276	0.5600072586735055	0.12570180845064757	0.09268652033582256	0.7109825124601911	0.2023474564562067
ESCA	Myeloid dendritic cell activated	XCELL	181	-0.25900308471926403	-0.3975699533371321	-0.1088862549075617	0.00043047539186252413	-0.2794255520390349	0.00014544654712061566	0.0025159324098392665	0.0009622605740128717
ESCA	B cell	XCELL	181	-0.11006809489252371	-0.26011867253746845	0.04517323219535593	0.14020152657421545	-0.10626040785348806	0.15568812905301968	0.2724421417566992	0.29543329469288626
ESCA	T cell CD4+ memory	XCELL	181	0.20884420504243228	0.05618346551088047	0.3519628512507843	0.004781075656419709	0.21801272281686815	0.003281929002164715	0.01905607116880842	0.013813070396624366
ESCA	T cell CD4+ naive	XCELL	181	-0.15815590375917216	-0.3051735182631506	-0.0037748611791449307	0.03346743790637601	-0.15408030616401686	0.03890868324901276	0.09176555554974068	0.10314098407026434
ESCA	T cell CD4+ (non-regulatory)	XCELL	181	0.004245798470623059	-0.15032606041441993	0.15861503452152928	0.954763552261336	0.009772430363283399	0.8964077167768038	0.9731818272528217	0.937730537029753
ESCA	T cell CD4+ central memory	XCELL	181	-0.10187797487713575	-0.25237943845744054	0.053436239534626735	0.17235189903302447	-0.10973775168726778	0.1425224712375273	0.3174262483368468	0.2779365897948787
ESCA	T cell CD4+ effector memory	XCELL	181	-0.3224436085242636	-0.45428922005562505	-0.1767753306518779	9.564263141996874e-06	-0.32260509686508104	1.0021129204816467e-05	9.127685990010587e-05	9.464399804548886e-05
ESCA	T cell CD8+ naive	XCELL	181	-0.10220094920230022	-0.25268499739065703	0.05311079326896849	0.1709884387552535	-0.10307827093843083	0.16851958214614066	0.31565854368887686	0.31287348822004274
ESCA	T cell CD8+	XCELL	181	-0.14179741590644432	-0.28992029359824417	0.012959718276020127	0.056896531516719494	-0.13901357758418312	0.0627277572242656	0.14009158578738867	0.14846581764338893
ESCA	T cell CD8+ central memory	XCELL	181	-0.10777233513552967	-0.25795124282717313	0.04749156752869672	0.14871291093265313	-0.10438133812082563	0.16317315599662913	0.2848934256475618	0.30599858031022537
ESCA	T cell CD8+ effector memory	XCELL	181	-0.17259605253894791	-0.3185756219593465	-0.01861920227015161	0.02015664344943825	-0.17059388570896966	0.022043252404693636	0.06220400622518039	0.06584348120882515
ESCA	Class-switched memory B cell	XCELL	181	0.01072369843325266	-0.14398808707297528	0.1649237638230468	0.8860712719628788	0.014642909392351246	0.8453169700516616	0.9308310626089092	0.9065247813773991
ESCA	Common lymphoid progenitor	XCELL	181	0.26439767659394897	0.11460515744868112	0.4024345600496634	0.0003223019280429201	0.26369068363523557	0.0003480278921489862	0.0019447539176663854	0.0020680684776634285
ESCA	Common myeloid progenitor	XCELL	181	-0.06319949411693647	-0.21556824628562876	0.09217362880484511	0.39798976949542564	-0.061351437074457435	0.4132700883401395	0.5723207056738192	0.587572492426254
ESCA	Myeloid dendritic cell	XCELL	181	-0.31915940064919174	-0.45137896352799534	-0.17322647653890688	1.1912586193343763e-05	-0.34467362071514357	2.157664594413952e-06	0.00010959579297876262	2.445353207002479e-05
ESCA	Endothelial cell	XCELL	181	-0.1981656497936154	-0.3421648075872067	-0.0450720994482082	0.007491934220015401	-0.19595724130636089	0.008380666828268596	0.0277428755314808	0.029898181841724648
ESCA	Eosinophil	XCELL	181	-0.04241237927995602	-0.19560412910867842	0.11279990385218447	0.5707806317637008	-0.04030215472416575	0.5911560772959598	0.7196879297633246	0.7314621082997477
ESCA	Cancer associated fibroblast	XCELL	181	-0.0998287093811682	-0.2504399736011991	0.055500420894858966	0.18119142676877759	-0.09491180170275086	0.20502401676760393	0.3299760031047603	0.3610607822725233
ESCA	Granulocyte-monocyte progenitor	XCELL	181	-0.0300577117387963	-0.1836781390843982	0.12499592412888735	0.68792373600139	-0.02426945821459171	0.7464012937484303	0.8101565754129815	0.843964447240128
ESCA	Hematopoietic stem cell	XCELL	181	-0.14144365037341491	-0.28958959691022557	0.013320661948287507	0.05752426200170094	-0.1369813543991566	0.06670634630620467	0.1411386797584852	0.15646179607514113
ESCA	Macrophage	XCELL	181	-0.2582453002169272	-0.3968859919428727	-0.10808370931351667	0.0004481166862351984	-0.25994687688577117	0.00042502903918540145	0.0026034713865967694	0.002454325544692264
ESCA	Macrophage M1	XCELL	181	-0.2659950883438947	-0.40387354159048816	-0.11630050940735519	0.00029548425504229	-0.2728691433346501	0.00021056009139958383	0.0018165777314706822	0.0013474467387436543
ESCA	Macrophage M2	XCELL	181	-0.2052083776050096	-0.34863033761729156	-0.05239602441246638	0.005584599905795922	-0.2030976883101364	0.006249099943311026	0.02168399764812518	0.023648995053285344
ESCA	Mast cell	XCELL	181	0.12918466024486816	-0.02580352974389318	0.27810811814242836	0.08305462506404977	0.12899872033516013	0.08437251235281575	0.18578008238011134	0.18851229902829117
ESCA	B cell memory	XCELL	181	-0.1586537071274848	-0.3056365077741415	-0.004285468668013124	0.03290755258141865	-0.16181077386922124	0.029998005974490434	0.09058624099395983	0.08318595982996993
ESCA	Monocyte	XCELL	181	-0.3665337369577383	-0.49308849789592696	-0.22478788568489366	3.8795039275123545e-07	-0.3817883923518135	1.2349532372374123e-07	5.266965401587953e-06	1.8851107355413553e-06
ESCA	B cell naive	XCELL	181	0.059316761724979454	-0.09603647211848283	0.21184888700689578	0.4276640269742777	0.06299398973239176	0.40085239164296116	0.5973564319454758	0.5755904705559963
ESCA	Neutrophil	XCELL	181	-0.07942596564381588	-0.23106426040615496	0.07597950691392491	0.28785269825701104	-0.08820518112032481	0.2390164502881262	0.45664049585634686	0.40265158148495195
ESCA	NK cell	XCELL	181	-0.14003033957560182	-0.28826809429554784	0.014762247451107708	0.060089303607952116	-0.14251342618795382	0.05633301654350636	0.14511993644662927	0.13697891460516784
ESCA	T cell NK	XCELL	181	-0.0593466857382826	-0.21187756881736136	0.09600671927141415	0.4274305521828735	-0.061372530549953286	0.41310920354632363	0.5973028802841441	0.587572492426254
ESCA	Plasmacytoid dendritic cell	XCELL	181	-0.1837053651557541	-0.32884675965862414	-0.030085863090770975	0.013305547748516508	-0.18603261384975142	0.012406464256541632	0.044276333358893236	0.04142551259016036
ESCA	B cell plasma	XCELL	181	-0.06736506799348153	-0.21955363613238119	0.08802418635322112	0.3675620654404099	-0.08075012669815396	0.2812168467161331	0.5443816954060616	0.45380019424683465
ESCA	T cell gamma delta	XCELL	181	-0.019594510024480233	-0.17354249243836628	0.13528824991307023	0.7934633498965848	-0.024374157436021098	0.7453447949366625	0.8744198698127528	0.8432575660307727
ESCA	T cell CD4+ Th1	XCELL	181	-0.08677739948295612	-0.23805952759719876	0.06861564438409616	0.24540826058973916	-0.0954605042278929	0.2024056547840885	0.40929611734908555	0.3569716329299892
ESCA	T cell CD4+ Th2	XCELL	181	0.41587883338295967	0.2793517264323823	0.5359232322173958	5.807402403037185e-09	0.415134834456817	6.854745288261576e-09	1.1585175201977242e-07	1.403248904560354e-07
ESCA	T cell regulatory (Tregs)	XCELL	181	-0.09156660760349887	-0.24260827795769901	0.06380921342492578	0.22021931729042765	-0.09005090804725924	0.22929113284058752	0.3780629022375554	0.3908144417640354
ESCA	immune score	XCELL	181	-0.33544647708765585	-0.46578397565869073	-0.1908632714116601	3.908983475748311e-06	-0.3457279114314299	1.9990384743911296e-06	4.1308447000475397e-05	2.2921526201962804e-05
ESCA	stroma score	XCELL	181	-0.13944725016424897	-0.2877227175789813	0.015356814698402155	0.06117461578398153	-0.14658008462623312	0.04958855077902831	0.14696434140514447	0.1248494742730204
ESCA	microenvironment score	XCELL	181	-0.29756369534722227	-0.4321719046688926	-0.14998456557846873	4.7395544754157734e-05	-0.3369391170666817	3.7463216756323003e-06	0.0003706331599775135	3.9913127388889085e-05
ESCA	B cell	EPIC	181	-0.044767616586363135	-0.19787251469295272	0.1104695904931086	0.5495636619299955	-0.043955209763511124	0.5579454938425654	0.7022202346883276	0.7086230804811686
ESCA	Cancer associated fibroblast	EPIC	181	0.08910417208448905	-0.06628140493538784	0.24027030622573997	0.23293085471581354	0.19265202747676224	0.009569488799515491	0.39375687070420706	0.03340776893402283
ESCA	T cell CD4+	EPIC	181	0.11727492489323076	-0.03788465312616882	0.2669128401006798	0.11588745599799442	0.1429938581139615	0.055498757257222815	0.23760878497753446	0.1357948315868218
ESCA	T cell CD8+	EPIC	181	-0.1425840796795902	-0.29065553272895844	0.012156947989193093	0.055520896649401304	-0.17409630146604135	0.019420838679756837	0.13730974440174515	0.059463961815073796
ESCA	Endothelial cell	EPIC	181	-0.18441218344593197	-0.3294990901918056	-0.030816787967605053	0.012948751373756725	-0.18203719644025612	0.014455484076536625	0.04360862865752695	0.046672950238858965
ESCA	Macrophage	EPIC	181	-0.15175475254976356	-0.29921383196031653	0.002783770422841043	0.041416793240492446	-0.15273497145024742	0.04066749824986805	0.1094186902502199	0.10714954053705128
ESCA	NK cell	EPIC	181	-0.24135171043230783	-0.38159808854056415	-0.09024291606182765	0.0010638138875018227	-0.25624529824740877	0.0005164130712420125	0.005278568908797115	0.002901113661718777
ESCA	uncharacterized cell	EPIC	181	0.03622026209730275	-0.11891835919657011	0.1896325220281175	0.6283314725358816	0.014527019901416811	0.8465260457451177	0.7643982755492524	0.9070750449063881
GBM	B cell	TIMER	151	0.039191492476684485	-0.13080910601819004	0.20695320143100174	0.6328105088815268	0.036548144176439465	0.6570242460518695	0.7679357820381036	0.7823921358193243
GBM	T cell CD4+	TIMER	151	0.03713666533346245	-0.1328311724561545	0.20498267581258323	0.650759693847305	0.03480531863884068	0.6724130843034813	0.7797947909724066	0.7955023175874772
GBM	T cell CD8+	TIMER	151	-0.053823631927500865	-0.22094579624691668	0.11636923941362146	0.5115823669688094	-0.05324794094073755	0.5175314900257453	0.672633397960934	0.6796901804603969
GBM	Neutrophil	TIMER	151	-0.2673684210526316	-0.41761690110113714	-0.10288757837722551	0.0009040241799213998	-0.306250894227521	0.000138176428511182	0.004620568030709377	0.0009172405780969516
GBM	Macrophage	TIMER	151	-0.0967689426636868	-0.2616205505883465	0.07356866413255765	0.23720111371044206	-0.13703681180299704	0.09448299527563271	0.39901829120055005	0.2040809720253793
GBM	Myeloid dendritic cell	TIMER	151	0.05148483792262112	-0.11868214173597642	0.2187138369116366	0.5301247648085402	0.05056025797699188	0.5389198783713732	0.6888626887342613	0.6932420014246075
GBM	B cell naive	CIBERSORT	151	0.03159466681602152	-0.1382777683751846	0.19966125147264177	0.7001546526670475	0.030057001726600585	0.7150183984893722	0.8183609768669989	0.8246967369007213
GBM	B cell memory	CIBERSORT	151	-0.01826057453115044	-0.18681711242019072	0.15134035431079632	0.823890730163797	-0.016716768578162587	0.839104372638846	0.8961489733291331	0.9028338186620495
GBM	B cell plasma	CIBERSORT	151	0.17859536233603898	0.009756555447105167	0.3375331965976903	0.028231774409716897	0.18556994324925136	0.022994260778893782	0.08069169440204171	0.06790601181682379
GBM	T cell CD8+	CIBERSORT	151	-0.10919727608084023	-0.27328354226135193	0.06106402845136183	0.18198013987736408	-0.1100663862788605	0.17997464095226381	0.3312580758475296	0.32776005874399233
GBM	T cell CD4+ naive	CIBERSORT	151	0.08712042217418337	-0.08323963031316248	0.25253287237993916	0.2874730349981608	0.08862803872846864	0.28080583762425493	0.45636198410183054	0.45351128670418706
GBM	T cell CD4+ memory resting	CIBERSORT	151	0.0028686453236375213	-0.1663455808126169	0.17191875099288453	0.9721135120564249	0.004058904079899784	0.9606837550138818	0.9844506169750379	0.9763546909145122
GBM	T cell CD4+ memory activated	CIBERSORT	151	-0.041618320740806215	-0.20927871468657447	0.12841914634553014	0.6118849650810388	-0.044779652443785026	0.5863577727227661	0.7556759991998933	0.7285220499987338
GBM	T cell follicular helper	CIBERSORT	151	0.1139574527504265	-0.05626043008806812	0.2777378445353941	0.1635475074020082	0.11500856290110972	0.1610846399829076	0.30480016870440996	0.30295379621605034
GBM	T cell regulatory (Tregs)	CIBERSORT	151	0.09266818328264512	-0.07768288140859314	0.25776172541426534	0.25776054448606434	0.09291420414927969	0.2581011212057199	0.4241766535944914	0.4274355713317936
GBM	T cell gamma delta	CIBERSORT	151	-0.0243342518202984	-0.19267477092738716	0.14539768480982238	0.7667846064072773	-0.023807581850262802	0.7724406403053832	0.8585111837624247	0.8623970618108795
GBM	NK cell resting	CIBERSORT	151	-0.012942955597403142	-0.18167876277784256	0.1565332272607729	0.8746690402600542	-0.012090452300827744	0.8832552926983769	0.9249374349217485	0.9306192924954605
GBM	NK cell activated	CIBERSORT	151	-0.0029695044612899086	-0.17201662826873387	0.16624751005247038	0.9711334631558448	-0.0023791083895328084	0.9769488957269287	0.9839678261050411	0.9855186228824281
GBM	Monocyte	CIBERSORT	151	-0.18786151849369986	-0.34600130192819356	-0.019342585703122753	0.020893502425310788	-0.19213888771435808	0.018496976954540466	0.06407340743761974	0.05699226153841862
GBM	Macrophage M0	CIBERSORT	151	0.146394309343253	-0.02331653015572267	0.30790406576344054	0.07286892294044411	0.14682524632171126	0.07298550997483438	0.16789480771781762	0.16836185486820204
GBM	Macrophage M1	CIBERSORT	151	-0.014988242918415495	-0.1836561897693295	0.15453702856092016	0.8550660788121459	-0.013229608567836235	0.8723450215399702	0.9169798047601455	0.9240909442859476
GBM	Macrophage M2	CIBERSORT	151	-0.08836876960613453	-0.25371030266428124	0.08199018349657837	0.2805955622857404	-0.09267311169234917	0.259343776736985	0.4492746308506327	0.4287670896581866
GBM	Myeloid dendritic cell resting	CIBERSORT	151	-0.10868797830146218	-0.2728065533246084	0.061577505349458606	0.18403916023221864	-0.10815107132774376	0.18771745985871818	0.3339179194932598	0.3377704869063912
GBM	Myeloid dendritic cell activated	CIBERSORT	151	-0.09701172276269256	-0.26184884216520293	0.07332490535060031	0.23602095716561813	-0.09597327337908101	0.24268829940720155	0.3972822818698578	0.4069569277817685
GBM	Mast cell activated	CIBERSORT	151	0.08696601506395106	-0.08339413619226752	0.25238720290426214	0.28833146230446305	0.09113057620250607	0.2673914553736101	0.45684296750777015	0.43811236903824674
GBM	Mast cell resting	CIBERSORT	151	-0.17284852922347513	-0.33226835462707766	-0.0038268884058623694	0.03380839010539277	-0.1762216173607515	0.030996246388316655	0.09259001176813766	0.08534881928050572
GBM	Eosinophil	CIBERSORT	151	-0.1807255171638841	-0.33948217097196304	-0.011957501111778079	0.02637423575771568	-0.18226827037803703	0.025589780246173175	0.07667157012094299	0.0738966327640599
GBM	Neutrophil	CIBERSORT	151	-0.1129110612346531	-0.2767592944446263	0.05731704282067817	0.16747488318159906	-0.11798595943502646	0.150443618191087	0.3104916041915848	0.2883502681995834
GBM	B cell naive	CIBERSORT-ABS	151	0.0328622170832935	-0.13703294395833995	0.20087922767897734	0.6887365550434157	0.03061531352777669	0.7099598745893987	0.8106441692413472	0.8205907068437629
GBM	B cell memory	CIBERSORT-ABS	151	-0.04654252906369489	-0.2139915267160036	0.12356366990561113	0.5703886311791775	-0.0458093215193411	0.5777691484130516	0.7196879297633246	0.7238312625104235
GBM	B cell plasma	CIBERSORT-ABS	151	0.17415262223340858	0.005171429001263544	0.3334639444363689	0.032467231014854624	0.17533300054506673	0.03186729698507368	0.08971510478309652	0.08750079439019529
GBM	T cell CD8+	CIBERSORT-ABS	151	-0.11635620371156885	-0.27997979373690207	0.05383680826746781	0.15480431766436048	-0.12535460729075792	0.12639676877110428	0.29368504709735543	0.25370193321099477
GBM	T cell CD4+ naive	CIBERSORT-ABS	151	0.08674965314731606	-0.08361062272932988	0.25218307192376077	0.28953720314082626	0.0882200317408444	0.2830350282101221	0.4581799954282014	0.45560599436046834
GBM	T cell CD4+ memory resting	CIBERSORT-ABS	151	-0.06571045156891196	-0.23226263970055927	0.104585411857245	0.42277250517234105	-0.07112166848032404	0.3871112050695161	0.5925642663494878	0.5618429145589486
GBM	T cell CD4+ memory activated	CIBERSORT-ABS	151	-0.04143234417639228	-0.20910056932812782	0.12860236744212789	0.6134778070613028	-0.04462865894640638	0.5876221419207036	0.7560434458884554	0.72986104666771
GBM	T cell follicular helper	CIBERSORT-ABS	151	0.0792877835635997	-0.09106696250822942	0.2451340001695387	0.3331778250115099	0.07821386202610683	0.34141902841806404	0.5098729142054809	0.5178284999392836
GBM	T cell regulatory (Tregs)	CIBERSORT-ABS	151	0.05309602007278087	-0.117088994081152	0.22025160879001415	0.5173148812787066	0.051916813283960944	0.5280699123416827	0.6771681238030609	0.6871059425144689
GBM	T cell gamma delta	CIBERSORT-ABS	151	-0.0243342518202984	-0.19267477092738716	0.14539768480982238	0.7667846064072773	-0.023807581850262802	0.7724406403053832	0.8585111837624247	0.8623970618108795
GBM	NK cell resting	CIBERSORT-ABS	151	-0.0514514173408194	-0.21868193027530083	0.11871517895731712	0.5303921575170011	-0.0530623981550186	0.5189939271554773	0.6889811747147755	0.6800490131293285
GBM	NK cell activated	CIBERSORT-ABS	151	-0.01482993045537555	-0.18350317866242577	0.15469159082816764	0.8565804189138182	-0.016099717442492688	0.8449673850338111	0.9172736557274092	0.9064247340004716
GBM	Monocyte	CIBERSORT-ABS	151	-0.1926715987490259	-0.3503869772882281	-0.024330959291712514	0.017780106950449022	-0.21597564793789303	0.007944332100416587	0.056337291877030536	0.02854994348587211
GBM	Macrophage M0	CIBERSORT-ABS	151	0.13897932037102026	-0.03088006627135597	0.3010366522575887	0.08877705913663916	0.13886587144064694	0.09012355396363812	0.19446403429930484	0.19803877983123783
GBM	Macrophage M1	CIBERSORT-ABS	151	-0.008830891813867781	-0.17769899853487742	0.16054241221016202	0.9143001770742943	-0.00970505680438222	0.9061701719120907	0.9512809186696357	0.9450854553684381
GBM	Macrophage M2	CIBERSORT-ABS	151	-0.06244684559079818	-0.22916000878961526	0.10782550968241465	0.44622302464141156	-0.09550774303604079	0.24499156184458587	0.6149919021318009	0.41024282946994894
GBM	Myeloid dendritic cell resting	CIBERSORT-ABS	151	-0.11415024592892027	-0.27791810114877286	0.05606571208889691	0.16283146425598063	-0.11370094431488299	0.1659319519980765	0.3039002507116393	0.3086555339260129
GBM	Myeloid dendritic cell activated	CIBERSORT-ABS	151	-0.105578517859632	-0.2698925997429642	0.0647105272732784	0.19698166555992047	-0.10471044546434742	0.20223270216612038	0.3502070287616796	0.3569716329299892
GBM	Mast cell activated	CIBERSORT-ABS	151	0.08918952859911035	-0.08116840979919822	0.25448416841953203	0.27613454829963946	0.09194875057206812	0.26310197683668746	0.44399565878058256	0.4335140031316679
GBM	Mast cell resting	CIBERSORT-ABS	151	-0.17679751406780903	-0.33588720333463157	-0.007900231939435022	0.02988528631155266	-0.1837698247123739	0.024379820948645603	0.08406580537997907	0.07119126206811376
GBM	Eosinophil	CIBERSORT-ABS	151	-0.1755972000545632	-0.33478773249525545	-0.006661525263182071	0.031034530338588467	-0.17772075932165804	0.029572587223412612	0.086613143200486	0.08235670658372031
GBM	Neutrophil	CIBERSORT-ABS	151	-0.12951758030667615	-0.2922491571537218	0.040503190944389	0.1129670766070181	-0.1422907373307427	0.08239257199242617	0.23333400397963064	0.18482785799792675
GBM	B cell	QUANTISEQ	151	0.24280842076642445	0.0768300873087035	0.39569203702121	0.002664790866899252	0.24990108570482805	0.002041458765343978	0.011667785318674215	0.009316343437982913
GBM	Macrophage M1	QUANTISEQ	151	-0.2892199288006031	-0.43697789347868415	-0.12626278003006855	0.00031608399307759015	-0.33880398248063437	2.2263585816226478e-05	0.0019248825025426567	0.0001913200451460341
GBM	Macrophage M2	QUANTISEQ	151	-0.3167380681173951	-0.4611664283561175	-0.15595945803304134	7.422823680964308e-05	-0.3663248368809084	4.020825160002846e-06	0.0005416475847790515	4.249034155570576e-05
GBM	Monocyte	QUANTISEQ	151	0.0264405521642105	-0.14333395283206862	0.19470335984101286	0.7472531791293101	0.037140348614631905	0.6518273797606129	0.846883313808592	0.7779746809719159
GBM	Neutrophil	QUANTISEQ	151	-0.07118052168020875	-0.2374553122271833	0.0991466236246361	0.38511259401637393	-0.07329811597523177	0.37271197104321724	0.5618620308223963	0.5479847229499322
GBM	NK cell	QUANTISEQ	151	0.42401533635413025	0.27457286810118986	0.553457533519913	5.786679175252789e-08	0.42435666965676566	6.239820719697233e-08	9.311076368410865e-07	1.0561774464942072e-06
GBM	T cell CD4+ (non-regulatory)	QUANTISEQ	151	-0.07537942500183202	-0.24143484484670216	0.0949648171511099	0.3576301183015793	-0.07402526052786754	0.36797539198218165	0.5343270013600211	0.5437580433296789
GBM	T cell CD8+	QUANTISEQ	151	-0.28164785986104207	-0.43028431402078154	-0.11814217355984649	0.00045938837622206546	-0.28151481711365084	0.00048329495014391716	0.0026610497052270755	0.002734708039164567
GBM	T cell regulatory (Tregs)	QUANTISEQ	151	0.06950841311456966	-0.10081025050731471	0.2358690072270747	0.39640328375648975	0.06919173795747074	0.400156305395612	0.5702490211508002	0.5755642903912486
GBM	Myeloid dendritic cell	QUANTISEQ	151	0.33111387683047977	0.17158980947308983	0.4737180225841812	3.285134362140502e-05	0.33309872112421696	3.112696666504584e-05	0.0002709889315605351	0.00025894987161772175
GBM	uncharacterized cell	QUANTISEQ	151	-0.1186232136632973	-0.2820969744350204	0.05154444884428055	0.1468687944949358	-0.12318011740138135	0.13316248567785277	0.2824677749509095	0.2650223908879293
GBM	T cell	MCPCOUNTER	151	-0.2208922969675845	-0.3759791252481291	-0.05376755040175108	0.006419131713096676	-0.2351007071688228	0.0037795066646999337	0.024344136758688656	0.015604932480440065
GBM	T cell CD8+	MCPCOUNTER	151	-0.3397769257581038	-0.48125390464923	-0.181047802637893	1.970209429246506e-05	-0.35916952776616573	6.371957638695173e-06	0.00017350267721517654	6.371957638695172e-05
GBM	cytotoxicity score	MCPCOUNTER	151	-0.3144266294876263	-0.4591428908271158	-0.15345379708574036	8.430238434080253e-05	-0.31809693397859223	7.283702890711284e-05	0.0006081592671080035	0.000534320418436794
GBM	NK cell	MCPCOUNTER	151	-0.01706866504008365	-0.18566618632493959	0.15250511735563366	0.8352168761327387	-0.022870346888599694	0.7811685416814605	0.903066025563843	0.8687056308232397
GBM	B cell	MCPCOUNTER	151	-0.00704775182990589	-0.17597150975343492	0.16227920468640497	0.9315573425925626	-0.017254194354280543	0.8340051133848917	0.960285636648318	0.898583630017891
GBM	Monocyte	MCPCOUNTER	151	-0.037978389682816305	-0.2057900320620183	0.13200303900948462	0.6433820975427474	-0.05518146914087448	0.5024181340924393	0.7749919905705922	0.6684928702499736
GBM	Macrophage/Monocyte	MCPCOUNTER	151	-0.037978389682816305	-0.2057900320620183	0.13200303900948462	0.6433820975427474	-0.05518146914087448	0.5024181340924393	0.7749919905705922	0.6684928702499736
GBM	Myeloid dendritic cell	MCPCOUNTER	151	-0.051603346113628434	-0.2188269738239082	0.11856498989070048	0.5291771464843166	-0.06775035313931108	0.4100676134116252	0.6879691413688409	0.5849559899450764
GBM	Neutrophil	MCPCOUNTER	151	0.39936563262460784	0.24690992044239662	0.5325288930167995	3.780489635252303e-07	0.42584048133398333	5.549692637696444e-08	5.150423161615507e-06	9.538297599190984e-07
GBM	Endothelial cell	MCPCOUNTER	151	0.31749041477866846	0.15677546842001894	0.4618247426181028	7.120025453652204e-05	0.3558024934683836	7.883377624615099e-06	0.0005252698023354739	7.70600162806126e-05
GBM	Cancer associated fibroblast	MCPCOUNTER	151	0.028166608574416167	-0.14164167862011728	0.1963646614181595	0.7313659858425707	0.024355507063367247	0.7673512351305104	0.8386044001889887	0.8601901747019196
GBM	Myeloid dendritic cell activated	XCELL	151	0.25077680206036246	0.08525954763539445	0.40282460972161893	0.001897817245996745	0.2573125118903927	0.001479071325709791	0.008833887418865802	0.007132420574994433
GBM	B cell	XCELL	151	-0.15783051470279824	-0.31846284834066657	0.011613005778660604	0.05293065639017648	-0.17075757358449212	0.03668799836750915	0.13247939296332464	0.09825347508011012
GBM	T cell CD4+ memory	XCELL	151	-0.14920571911316238	-0.3105034683216523	0.020443709883880404	0.06747696764850268	-0.15125756383017877	0.06465045279890298	0.15798499611116495	0.15246276866327543
GBM	T cell CD4+ naive	XCELL	151	0.035070341891688596	-0.13486312613108448	0.20299975249863997	0.6690137374320743	0.03408509623105072	0.6788128659542182	0.7939667825462358	0.7992089340401825
GBM	T cell CD4+ (non-regulatory)	XCELL	151	0.015732037208230926	-0.15381074260106653	0.18437496747605142	0.8479584639521708	0.015484925420826528	0.8508173979204401	0.9120349279153954	0.9094302968477094
GBM	T cell CD4+ central memory	XCELL	151	0.022949747897609677	-0.14675340385603017	0.19134056370961008	0.779704150123392	0.021576418132253267	0.7932628774826378	0.8652364508664082	0.8753506044157393
GBM	T cell CD4+ effector memory	XCELL	151	-0.13298199940019573	-0.29546989316108857	0.03698333712767254	0.10357390125445846	-0.1436020398468012	0.07957729920639872	0.21819717344015765	0.17985389589423065
GBM	T cell CD8+ naive	XCELL	151	-0.005860082424380407	-0.17482032954951351	0.16343542227390104	0.9430697656035287	-0.002810050758574796	0.9727749903418978	0.9661368140719084	0.9838425995358058
GBM	T cell CD8+	XCELL	151	0.052820869435816334	-0.11736112689932822	0.21998905365483323	0.5194912105699857	0.05331882266863173	0.5169733623012808	0.6789908856407382	0.6796237607374984
GBM	T cell CD8+ central memory	XCELL	151	-0.048053719766210506	-0.21543628045397636	0.12207193716222166	0.5579254297924818	-0.05118942625390922	0.533873956266459	0.7089660157584023	0.6896092398420398
GBM	T cell CD8+ effector memory	XCELL	151	-0.04929492129773404	-0.21662236680549585	0.12084614207097344	0.5477879886491012	-0.04935225024570802	0.5486739413391755	0.7020160719822961	0.7019500287478841
GBM	Class-switched memory B cell	XCELL	151	0.0016812711835036687	-0.1674998768753412	0.17076623012562428	0.983653972963715	0.0005433627307473577	0.9947346887848465	0.9899837926095562	0.9972852905509614
GBM	Common lymphoid progenitor	XCELL	151	-0.27758800975949804	-0.4266887320854003	-0.11379720658830031	0.000558958181441619	-0.2806211082160309	0.0005046028165020436	0.0031132855974882203	0.0028388446223352386
GBM	Common myeloid progenitor	XCELL	151	-0.023543618518326308	-0.19191293623234787	0.14617195832532054	0.774154818844966	-0.021030532823898957	0.7983802433649386	0.8633614779474663	0.8779523961077932
GBM	Myeloid dendritic cell	XCELL	151	-0.12991760754377607	-0.292621235557509	0.04009697818843451	0.11184968143337502	-0.14000788117058668	0.08748392526571414	0.23163784661255102	0.1936931754184271
GBM	Endothelial cell	XCELL	151	0.09111188567445101	-0.07924276915159058	0.256295865396969	0.2658743290029517	0.09639959291421726	0.24059229555352837	0.43387672220431606	0.40460897875883695
GBM	Eosinophil	XCELL	151	-0.08588012932037321	-0.25136255375498107	0.0844804852421582	0.29441674160991543	-0.08833440692909236	0.2824089331081267	0.4643684791023676	0.45534801173310324
GBM	Cancer associated fibroblast	XCELL	151	-0.1873202764747401	-0.34550738205534043	-0.01878180633293662	0.021271648936849293	-0.19790449800618895	0.015198690287861857	0.06507992749849822	0.04864762514520572
GBM	Granulocyte-monocyte progenitor	XCELL	151	-0.06593142261068213	-0.23247258905898793	0.10436590174572545	0.4212109888368242	-0.07239487221144265	0.3786474485958294	0.5918025643443927	0.5528422419752401
GBM	Hematopoietic stem cell	XCELL	151	-0.06683164865806901	-0.23332775288211632	0.10347145594039876	0.41488416248968224	-0.07149636472410727	0.3846085916464978	0.5860538566960468	0.5593168953008245
GBM	Macrophage	XCELL	151	-0.41224838361756605	-0.5434872429808154	-0.26133656259833793	1.444452964669413e-07	-0.4630372514041352	2.4276746056427742e-09	2.155653088495193e-06	5.616690951516715e-08
GBM	Macrophage M1	XCELL	151	-0.30543046357615894	-0.45125291955321045	-0.1437213807507043	0.00013698870668677195	-0.35573015251383916	7.919301671262003e-06	0.000933146068197349	7.721812851529784e-05
GBM	Macrophage M2	XCELL	151	-0.45442558787689735	-0.5790538393503587	-0.3090448217833371	4.601117779601196e-09	-0.5045670784644226	4.596082243167811e-11	9.313727408203581e-08	1.4851802951062927e-09
GBM	Mast cell	XCELL	151	0.13314917167621787	-0.03681338317364389	0.29562521338327	0.10313667736477483	0.1329983852171392	0.10470046230610877	0.21762785132016707	0.22092758101289006
GBM	B cell memory	XCELL	151	-0.2331711009544	-0.3870408692991586	-0.06666672179082263	0.0039607700364066994	-0.23288093583905886	0.004132362705849182	0.016370624569080543	0.016778336635379337
GBM	Monocyte	XCELL	151	-0.4226498709358126	-0.5523024566995923	-0.2730339852871282	6.446319871100786e-08	-0.4797813351573194	5.226471516771243e-10	1.0287800284083296e-06	1.419132196567747e-08
GBM	B cell naive	XCELL	151	0.059515321946157225	-0.11073283665804658	0.2263701894314784	0.4678982225402569	0.0579068817743791	0.48151397065580587	0.6354654070992677	0.649661706440373
GBM	Neutrophil	XCELL	151	-0.04092389652138865	-0.20861347486391843	0.12910322258729315	0.6178417439685211	-0.04115645535434004	0.6170350625541409	0.7579885363084522	0.750188773192379
GBM	NK cell	XCELL	151	0.07452737091503127	-0.0958138883798812	0.24062775755097	0.36310576145507084	0.07620042385063681	0.3540293425185705	0.5399473934693734	0.5299596972617192
GBM	T cell NK	XCELL	151	-0.09539378519721953	-0.26032711092131855	0.07494898104356518	0.24396366522692706	-0.0944952514002282	0.2500532745954393	0.40782297179875365	0.4163637195424614
GBM	Plasmacytoid dendritic cell	XCELL	151	-0.2825694638577272	-0.4310998707646742	-0.11912937307154361	0.00043919690634047943	-0.2930785116863941	0.00027296330442420815	0.0025630744832705592	0.0016790273381405458
GBM	B cell plasma	XCELL	151	-0.007077896972034168	-0.17600072272420136	0.16224985179492588	0.931265311226669	-0.002417212322945777	0.9765798120894387	0.9602837134044738	0.9854005329728271
GBM	T cell gamma delta	XCELL	151	-0.053581311790661224	-0.22071462640619152	0.11660896268752889	0.5134878417938705	-0.052443082762079006	0.5238905817326471	0.6730598261528775	0.6839439647995493
GBM	T cell CD4+ Th1	XCELL	151	0.1979869443475495	0.029853093960837764	0.3552253065105734	0.014815409626198912	0.21119759961156717	0.009477683323894382	0.04819322099703639	0.03312996915830155
GBM	T cell CD4+ Th2	XCELL	151	-0.06380968978738236	-0.23045604372857129	0.10647292193953763	0.436342385498908	-0.06276029222000734	0.44547777307996633	0.6062895264039554	0.6180745800431361
GBM	T cell regulatory (Tregs)	XCELL	151	-0.12795725955614706	-0.2907973808392339	0.042087101574453036	0.11740892570811412	-0.13173701640570415	0.10806386268382474	0.23984790988439195	0.22558980410771742
GBM	immune score	XCELL	151	-0.37917741373300795	-0.5152660879003601	-0.2244374294982997	1.5770277165354615e-06	-0.4385537134746541	1.9859798095659347e-08	1.802976132062472e-05	3.769505366700391e-07
GBM	stroma score	XCELL	151	-0.0938550017427675	-0.25887906646035397	0.07649276434398572	0.25168845150265656	-0.11878724929874127	0.1476725400483876	0.4171690739191976	0.28405795555944197
GBM	microenvironment score	XCELL	151	-0.3433530846985012	-0.4843586760775717	-0.18496069982240637	1.588194741213769e-05	-0.45862035184941047	3.591064150584407e-09	0.00014113275995785994	7.977875470900587e-08
GBM	B cell	EPIC	151	0.3586754966887417	0.2017829494178958	0.49762129236235675	6.1185616696758314e-06	0.3595595442937102	6.215803211569629e-06	6.18180261716602e-05	6.280049239596189e-05
GBM	Cancer associated fibroblast	EPIC	151	0.05495643081212966	-0.11524831726459252	0.2220262206677026	0.502723353350046	0.06030118532993594	0.4635432412765406	0.6653139393778296	0.6357257360193875
GBM	T cell CD4+	EPIC	151	0.3472324851864761	0.1892110788334517	0.487722706135732	1.2532948920250265e-05	0.3533085534087881	9.21524110652147e-06	0.00011369798208394091	8.745532215169647e-05
GBM	T cell CD8+	EPIC	151	-0.08228651097943533	-0.2479689441503429	0.08807275126185546	0.3151590424028929	-0.0877415179565477	0.28566452415033705	0.4898263943364001	0.4572035568677109
GBM	Endothelial cell	EPIC	151	0.16564308121296614	-0.003591042617642892	0.32565316611419015	0.04209240099182874	0.19133350534183607	0.019003822293685652	0.11081294472531385	0.058324132785173385
GBM	Macrophage	EPIC	151	-0.37989194841408147	-0.5158789724261428	-0.22523001329896328	1.5017008595450602e-06	-0.4552882089916626	4.807365115004525e-09	1.7527314509913986e-05	1.0215650869384616e-07
GBM	NK cell	EPIC	151	-0.3531788079470198	-0.492870985931245	-0.1957375501083877	8.66446138820065e-06	-0.3594168038349152	6.2725282108182585e-06	8.406462537931647e-05	6.321027140283347e-05
GBM	uncharacterized cell	EPIC	151	-0.014266294876263505	-0.18295835099984456	0.15524180733138948	0.8619760898723534	-0.09883868648802689	0.22884319002048042	0.9209533481108223	0.3902210523245
HNSC	B cell	TIMER	518	-0.04998768795344155	-0.14063928240951182	0.041495085141570506	0.25609802810075755	-0.12282253173908629	0.005165473366361262	0.42232951913705696	0.020257774185027617
HNSC	T cell CD4+	TIMER	518	0.11666209400467238	0.025641782957781845	0.20576401676916548	0.00786407169766769	0.013598451009820454	0.7577304624984595	0.02884476579538524	0.8520926397379859
HNSC	T cell CD8+	TIMER	518	-0.05521797998849594	-0.14577652340175698	0.03625820734610712	0.209601773510464	-0.14754201377413614	0.0007652422995381862	0.3647411947518203	0.004048846266839389
HNSC	Neutrophil	TIMER	518	0.11270367363067879	0.021632847871541978	0.20191951142924752	0.010255929662495385	-0.002754251641845968	0.9501856047953726	0.03625740052473504	0.9693142226442527
HNSC	Macrophage	TIMER	518	0.0011168726691383817	-0.09018573129697667	0.09240085953812253	0.979769260648515	-0.17310427361171246	7.610016497819233e-05	0.9881087978167896	0.0005478194725076829
HNSC	Myeloid dendritic cell	TIMER	518	0.030642364166983033	-0.060821188162560325	0.12159561536385845	0.4864996140628982	-0.12402027257405594	0.004742662402348585	0.6518894760061453	0.018883716897335
HNSC	B cell naive	CIBERSORT	518	0.048336954128531694	-0.04314685461393208	0.13901690239359088	0.2721544307266828	0.03387828842274213	0.4420902732606699	0.4399023663254773	0.615369515289861
HNSC	B cell memory	CIBERSORT	518	-0.17445086718070116	-0.26157832311081064	-0.08450327611302688	6.565950912107022e-05	-0.17698365174233865	5.200345580630103e-05	0.0004899402302736347	0.00040105229231289356
HNSC	B cell plasma	CIBERSORT	518	0.05781492582326161	-0.03365612363919598	0.14832545438217443	0.1889250938460865	0.08785376291417654	0.04586718400747355	0.3405703628115252	0.11775488474669833
HNSC	T cell CD8+	CIBERSORT	518	-0.16580096539191538	-0.2532608814831593	-0.07565267644656726	0.00015021268872131803	-0.13990532416836682	0.001427094347372247	0.001010897784682192	0.006931601115808057
HNSC	T cell CD4+ naive	CIBERSORT	518	-0.05672928709733544	-0.1472600342596212	0.03474406108976079	0.197378704210962	-0.03490632198787085	0.42835633644481164	0.3503542334579933	0.6007180829478411
HNSC	T cell CD4+ memory resting	CIBERSORT	518	0.22503091657239185	0.13654261783033242	0.30995662579251504	2.269688755727259e-07	0.15037972813498912	0.0006024031334615535	3.2990643252392504e-06	0.00333625531421342
HNSC	T cell CD4+ memory activated	CIBERSORT	518	0.05805996110067703	-0.03341053953631365	0.14856589713866197	0.18705443600659816	0.07371360233846293	0.09407275857677347	0.337876763636469	0.20366312113207793
HNSC	T cell follicular helper	CIBERSORT	518	-0.15847970960544197	-0.24621090100608176	-0.06817263333608616	0.00029331601117132456	-0.09163354295875366	0.037263022020595414	0.0018060875648502031	0.09938500416134248
HNSC	T cell regulatory (Tregs)	CIBERSORT	518	-0.14823634116349615	-0.23633147545915897	-0.0577241132880623	0.0007134257976516322	-0.1610921838679412	0.00023503478533219688	0.0037952311140379345	0.0014774694704966075
HNSC	T cell gamma delta	CIBERSORT	518	-0.16954816928736802	-0.2568656492264154	-0.0794850811204621	0.00010547568155242905	-0.1782383392262097	4.589817408514661e-05	0.0007338254712989282	0.0003589237213458465
HNSC	NK cell resting	CIBERSORT	518	0.17111561008179102	0.08108895121369888	0.25837278918444256	9.077168870170338e-05	0.17193784306436555	8.519484828309203e-05	0.0006453041869521095	0.0006034635086719018
HNSC	NK cell activated	CIBERSORT	518	-0.0928170283294097	-0.1825634699858768	-0.0015366408346269265	0.03469184221859851	-0.05341032681600392	0.2253782676969804	0.0943946437541546	0.38599606951169224
HNSC	Monocyte	CIBERSORT	518	0.06062870812514146	-0.030835374061957733	0.1510858560473506	0.16825882702013978	0.07309595830572699	0.09686865301193343	0.31150190040186865	0.20754699045962063
HNSC	Macrophage M0	CIBERSORT	518	0.04670004856440159	-0.04478429343620096	0.13740763230569678	0.2887416099699874	0.004388655359982353	0.920704303011934	0.4572619258738966	0.9543886067806633
HNSC	Macrophage M1	CIBERSORT	518	0.06720074386473941	-0.02424138501575723	0.1575277220090912	0.12663793766624729	0.0694602204320463	0.1146934167122356	0.2526934150178508	0.2357739200543199
HNSC	Macrophage M2	CIBERSORT	518	-0.019398117733567966	-0.11049584674556542	0.07202283731814428	0.6595977923298018	-0.07878678704903647	0.07347447613036083	0.7874892726746641	0.16909076025291986
HNSC	Myeloid dendritic cell resting	CIBERSORT	518	-0.0274013876172922	-0.11839861401009635	0.06405225167036768	0.5337740571456924	-0.004933152990907704	0.9109047533383756	0.6908495741276588	0.9483422009895963
HNSC	Myeloid dendritic cell activated	CIBERSORT	518	0.036849344257477205	-0.054627837721602374	0.1277131126383451	0.4026290975255046	0.09581145675784078	0.029386236557908386	0.5762371051701035	0.08213022511895768
HNSC	Mast cell activated	CIBERSORT	518	-0.07406867461733056	-0.16425141787423128	0.017342000018671696	0.09217864196015031	-0.11956971648043835	0.0064903257546186244	0.19986672748822365	0.02430763764421343
HNSC	Mast cell resting	CIBERSORT	518	0.0759695968474014	-0.015430832400445424	0.16611093888749429	0.08410329140081313	0.13474093300084303	0.0021385349992854045	0.18762437200612234	0.0096666726557294
HNSC	Eosinophil	CIBERSORT	518	-0.03659089001336366	-0.12745852226762	0.054885864954455126	0.40593919067590967	-0.005260062827257514	0.9050276103862183	0.5790284521786334	0.9442499857094941
HNSC	Neutrophil	CIBERSORT	518	-0.022559102790407418	-0.11361851410617856	0.0688761558204918	0.6084681562065506	-0.00025000050540346626	0.9954754913852462	0.7528830666986116	0.9976854588842843
HNSC	B cell naive	CIBERSORT-ABS	518	0.06019883400027858	-0.03126640691431842	0.15066422840063612	0.1713016859590947	0.03744425122717334	0.39553034270553755	0.31606433100865816	0.5708835880319866
HNSC	B cell memory	CIBERSORT-ABS	518	-0.15485806008696712	-0.2427200094195896	-0.06447618510259316	0.00040415436496925116	-0.16895725130742226	0.00011330562050806088	0.002390686183101017	0.0007745191891372693
HNSC	B cell plasma	CIBERSORT-ABS	518	0.08124950294464214	-0.010118963259313156	0.17127249005328227	0.06463187859218163	0.055029531715729635	0.21160677229052718	0.15241896579941505	0.36821650184956
HNSC	T cell CD8+	CIBERSORT-ABS	518	-0.08061839663780027	-0.17065579061937133	0.010754161567472185	0.06674370065409176	-0.13145613194438116	0.002746496537464167	0.1566433790861337	0.011879205156509838
HNSC	T cell CD4+ naive	CIBERSORT-ABS	518	-0.057065714523460875	-0.1475902186297188	0.034406944494778505	0.19473001729847722	-0.0354075138085926	0.42175147512711614	0.34766866102148214	0.5941631980295972
HNSC	T cell CD4+ memory resting	CIBERSORT-ABS	518	0.20168453467477657	0.11246182616747848	0.28768102518526856	3.7135537025148252e-06	0.08922993278013085	0.042558870422096405	3.934957988301617e-05	0.11117473609304825
HNSC	T cell CD4+ memory activated	CIBERSORT-ABS	518	0.06302152973681031	-0.028435480735140323	0.1534321737070269	0.15205666776569857	0.0647551726910297	0.1414645315329864	0.29016182087061076	0.27683999914613455
HNSC	T cell follicular helper	CIBERSORT-ABS	518	-0.0497459955018038	-0.14040177180348845	0.04173696047952348	0.25840701843924	-0.08634450891578922	0.049741118518287414	0.4247042631767249	0.12515300734009252
HNSC	T cell regulatory (Tregs)	CIBERSORT-ABS	518	-0.11277607282713077	-0.2019898518202616	-0.021706144694791107	0.010206945612407519	-0.17682428731941885	5.283169676346585e-05	0.036116884474672754	0.0004058387708156218
HNSC	T cell gamma delta	CIBERSORT-ABS	518	-0.1673145013164067	-0.2547171783552836	-0.07720030532821749	0.00013033997020134454	-0.17727932750477224	5.0499181521907544e-05	0.0008904647709993055	0.0003933302783877659
HNSC	NK cell resting	CIBERSORT-ABS	518	0.2005233057465807	0.11126679814675923	0.28657062160943964	4.232898801726517e-06	0.17853121463621285	4.4574014434324426e-05	4.461087416374847e-05	0.0003499686675466034
HNSC	NK cell activated	CIBERSORT-ABS	518	-0.0625207454135909	-0.1529412063531859	0.02893783232451391	0.1553456152661485	-0.07273326749590497	0.09854108075844224	0.29442625094068864	0.21031420620388055
HNSC	Monocyte	CIBERSORT-ABS	518	0.09629277112065729	0.00504370142343376	0.1859514993122274	0.028423856430786855	0.08714173369240025	0.04766203107382844	0.08094484970457146	0.12116940279497346
HNSC	Macrophage M0	CIBERSORT-ABS	518	0.08658818658393376	-0.004742712578449608	0.1764864815304299	0.048878112291566043	-0.04231435083766311	0.3369397131858675	0.12434184714380171	0.5138702246284834
HNSC	Macrophage M1	CIBERSORT-ABS	518	0.07830352313621812	-0.0130834132412046	0.1683931569185223	0.07497989859947961	0.010620604724385274	0.8096251038828753	0.17134506342721523	0.8827758383106644
HNSC	Macrophage M2	CIBERSORT-ABS	518	0.05215641998347422	-0.03932423216487672	0.14277002353255056	0.23601788332027984	-0.10926705954553624	0.01292213781911614	0.3972822818698578	0.042890966785011975
HNSC	Myeloid dendritic cell resting	CIBERSORT-ABS	518	0.0027702355865346444	-0.08854556631161703	0.09403986085441951	0.9498482881752783	-0.010717557869265154	0.8079209305643934	0.9704486038059416	0.8814973650343058
HNSC	Myeloid dendritic cell activated	CIBERSORT-ABS	518	0.05700449752977827	-0.03446828844026087	0.14753013913645793	0.19521003251939498	0.07791889618504252	0.07671133124284435	0.3483666029898833	0.17489288930584337
HNSC	Mast cell activated	CIBERSORT-ABS	518	-0.06484261536833591	-0.15521718403024218	0.026608306259954705	0.14054112530006704	-0.12667735494191085	0.0039141113378662025	0.2724421417566992	0.01605894578285084
HNSC	Mast cell resting	CIBERSORT-ABS	518	0.109626603192864	0.01851853175957624	0.19892909213623394	0.012540441668558432	0.12146222128678714	0.00568663061975586	0.04252656281358497	0.021949383734694388
HNSC	Eosinophil	CIBERSORT-ABS	518	-0.035246904250681076	-0.1261344359467103	0.05622743329596805	0.42341149519613397	-0.004327680064016657	0.9218024763416376	0.5929580752925802	0.954870376129914
HNSC	Neutrophil	CIBERSORT-ABS	518	0.004553204268643527	-0.08677627502782932	0.09580678788730072	0.9176618958437445	0.004993607547415735	0.9098175330296951	0.9533271822866625	0.947625613784259
HNSC	B cell	QUANTISEQ	518	-0.016239757807938838	-0.10737397534275658	0.07516508901150942	0.7123200272374314	-0.10739971555267697	0.014558681121956149	0.8276883525998089	0.04691446565771618
HNSC	Macrophage M1	QUANTISEQ	518	0.1664263746466614	0.07629212062593953	0.25386268700875836	0.00014167895995033397	0.0962134461821814	0.028709851643331175	0.0009617443288295239	0.08075597096319002
HNSC	Macrophage M2	QUANTISEQ	518	0.07868698405294663	-0.012697639093149544	0.16876802988102096	0.07356102746303421	-0.03683374100487865	0.40328511251803323	0.16915196318364956	0.5773873269664994
HNSC	Monocyte	QUANTISEQ	518	-0.08925920631775267	-0.17909322389162174	0.002050914475540523	0.04229030459735651	-0.06276258873832188	0.15415033783366802	0.11120046467764892	0.29330509881056466
HNSC	Neutrophil	QUANTISEQ	518	0.06384133380349272	-0.027613011263796377	0.15423581066281397	0.1467870083702776	0.0035633095952565664	0.9355808277603719	0.282449410791233	0.9619040327486337
HNSC	NK cell	QUANTISEQ	518	0.08271184632004469	-0.008646854829890327	0.17270118005105717	0.05994930742655327	0.032150514196661976	0.46572902955573525	0.1450462161566156	0.6380520341846269
HNSC	T cell CD4+ (non-regulatory)	QUANTISEQ	518	0.12928892275555065	0.038449340681075306	0.21800912009764237	0.003200041405077852	0.1753980465428083	6.081960079941529e-05	0.01368945502609891	0.00045313214665370244
HNSC	T cell CD8+	QUANTISEQ	518	-0.07465434970284048	-0.164824405550924	0.01675323951217025	0.0896269890797578	-0.1261208533231577	0.00407591832346282	0.19599637992273658	0.016600875671603777
HNSC	T cell regulatory (Tregs)	QUANTISEQ	518	0.08445152431514488	-0.0068950439079922855	0.1744003292339135	0.054747682557057115	-0.05328706178198948	0.22645220020842402	0.1359996434549513	0.3871177488290221
HNSC	Myeloid dendritic cell	QUANTISEQ	518	0.07928516909697839	-0.012095791167984263	0.16935276599886429	0.07139142198917685	0.07423652726464987	0.09175639692052423	0.16497663119248315	0.20076525571306647
HNSC	uncharacterized cell	QUANTISEQ	518	-0.19044298593108447	-0.2769217797995098	-0.10090391209784311	1.2774098686190142e-05	-0.07384610039567086	0.09348146531470138	0.00011535040615012346	0.2035478059860111
HNSC	T cell	MCPCOUNTER	518	-0.12532807539269133	-0.21417101879447645	-0.034428586090296524	0.004279363191582582	-0.1577065991827755	0.00031852788616605957	0.017393253720465587	0.0019190200846059984
HNSC	T cell CD8+	MCPCOUNTER	518	-0.07501891359809126	-0.16518104121189123	0.016386723029660155	0.08806751311180376	-0.1414470406113009	0.0012614305357799519	0.1933747180882094	0.006211830472165758
HNSC	cytotoxicity score	MCPCOUNTER	518	0.018091261957340326	-0.07332324801798669	0.10920430705616296	0.6812272323362771	-0.041238257972146385	0.3493818718202976	0.8047125312491974	0.5256187452163769
HNSC	NK cell	MCPCOUNTER	518	0.08322741123528939	-0.008127752704883346	0.17320478983811718	0.05836680883629219	0.0037014868212025234	0.9330885333917891	0.14272309102558	0.9611106863967058
HNSC	B cell	MCPCOUNTER	518	0.007522355769910503	-0.08382862117112241	0.09874794980326747	0.8643851775918959	-0.06867342574119319	0.11887022487285752	0.9216282061864047	0.24283311350724812
HNSC	Monocyte	MCPCOUNTER	518	0.04603643570523099	-0.04544798247467548	0.13675508661315963	0.2956557856325247	-0.06609069606615835	0.13342027498485542	0.46575911435260736	0.2650439717672969
HNSC	Macrophage/Monocyte	MCPCOUNTER	518	0.04603643570523099	-0.04544798247467548	0.13675508661315963	0.2956557856325247	-0.06609069606615835	0.13342027498485542	0.46575911435260736	0.2650439717672969
HNSC	Myeloid dendritic cell	MCPCOUNTER	518	-0.023931526821689888	-0.11497374161418965	0.06750937537869536	0.5868308107480477	-0.13240629691741593	0.002556179903150092	0.7330697987299892	0.011167221699795374
HNSC	Neutrophil	MCPCOUNTER	518	0.22906429560026043	0.1407134963697905	0.31379559162207743	1.356349688466889e-07	0.17716150868486666	5.1093598117124215e-05	2.03974126227136e-06	0.000396380890154674
HNSC	Endothelial cell	MCPCOUNTER	518	0.20919273515099793	0.12019479715811004	0.29485502644318395	1.563959697729647e-06	0.07944741641603136	0.07108600545254962	1.7932793015023227e-05	0.16485544562246085
HNSC	Cancer associated fibroblast	MCPCOUNTER	518	0.14350645071674675	0.052906176396688605	0.23176348096908864	0.001055764721251861	-0.08777006609037961	0.04607517380300228	0.005258649758082518	0.11811729814916902
HNSC	Myeloid dendritic cell activated	XCELL	518	-0.1342461160447744	-0.22280882720127557	-0.043485658600290036	0.0021995218047942194	-0.2282258052963726	1.55312810974039e-07	0.010036009171993753	2.3267168234041857e-06
HNSC	B cell	XCELL	518	-0.09144315835277714	-0.18122368283653742	-0.0001510106653756026	0.03747568495691482	-0.10671393548646303	0.01520393808885969	0.10054423708619309	0.04864762514520572
HNSC	T cell CD4+ memory	XCELL	518	0.2384023942516178	0.15038198470456957	0.32267296518810584	3.969030147925918e-08	0.1992664971905588	4.9771450534213125e-06	6.603790586549081e-07	5.148316708697707e-05
HNSC	T cell CD4+ naive	XCELL	518	-0.12410251539139136	-0.2129828827101725	-0.03318508548718711	0.004674564541386158	-0.19119192712139454	1.202289091228586e-05	0.01866960914894778	0.00011087147044112669
HNSC	T cell CD4+ (non-regulatory)	XCELL	518	0.06787328788909135	-0.023566145340055283	0.15818651189963812	0.12287507332256704	0.01914684191082839	0.6640416101650963	0.24726790359816633	0.7887006973710592
HNSC	T cell CD4+ central memory	XCELL	518	-0.28271422308457805	-0.364597392773122	-0.19649226940535464	5.636359708077376e-11	-0.25952757361646495	2.102405862760121e-09	1.7083849967893441e-09	4.922399355324595e-08
HNSC	T cell CD4+ effector memory	XCELL	518	-0.144017034741823	-0.23225677606504436	-0.05342606188860198	0.0010125923449981844	-0.1593092271919588	0.0002760471387003867	0.005088992376533292	0.0016891147297629296
HNSC	T cell CD8+ naive	XCELL	518	-0.1536237666106655	-0.24152975939067983	-0.0632169659213707	0.0004500980319895923	-0.1255477678302809	0.004248851104135581	0.00261110282652716	0.017215552142145204
HNSC	T cell CD8+	XCELL	518	-0.170696521991033	-0.2579698653813874	-0.0806600773189644	9.450172457616957e-05	-0.21647301306640723	6.722584511634378e-07	0.0006693872157478678	8.850271192084316e-06
HNSC	T cell CD8+ central memory	XCELL	518	-0.07315841282380002	-0.16336075415845897	0.018256931394012143	0.0962595854069509	-0.11869638788143393	0.0068944488156888984	0.20689860029497212	0.025479484753632885
HNSC	T cell CD8+ effector memory	XCELL	518	-0.1209172614588763	-0.20989366436613222	-0.029954519521766573	0.005860274028261591	-0.148710962962365	0.000693768236510395	0.02259730912278385	0.0037312707080545317
HNSC	Class-switched memory B cell	XCELL	518	-0.06340012861162894	-0.15380332120949988	0.028055666321302273	0.1496054760832354	-0.07578057918418847	0.08518256440861305	0.286322766267964	0.18967188316496414
HNSC	Common lymphoid progenitor	XCELL	518	0.3050506226842466	0.21988069626709503	0.38560526712170146	1.2852549322694517e-12	0.35880172303895574	3.746990003312162e-17	5.2898387212353224e-11	3.184941502815338e-15
HNSC	Common myeloid progenitor	XCELL	518	-0.006412481382396529	-0.09764872447981725	0.08493064683421284	0.8842414967974727	-0.05538915563533727	0.2086322381900477	0.930006291044141	0.36498973213560915
HNSC	Myeloid dendritic cell	XCELL	518	-0.1448994116375229	-0.23310916772628967	-0.05432462910272708	0.0009418040535880101	-0.25190524930439706	6.3306104887105626e-09	0.004788626592365564	1.3096659794104922e-07
HNSC	Endothelial cell	XCELL	518	0.017184590645533983	-0.07422526525679414	0.10830808096016233	0.6963897011745336	-0.10235553678334884	0.019922401763990183	0.8162121497579214	0.060572776747435164
HNSC	Eosinophil	XCELL	518	0.0107466015559127	-0.08062590837793975	0.10193999719634284	0.8072272085371852	0.02571325023082536	0.559664595520682	0.8848495613626	0.7101063508317383
HNSC	Cancer associated fibroblast	XCELL	518	-0.07575886826451908	-0.16590483146626994	0.01564272966489372	0.0849693428983791	-0.26796685914125956	5.948975852316733e-10	0.18865992659435676	1.593184628942358e-08
HNSC	Granulocyte-monocyte progenitor	XCELL	518	0.013684548647655814	-0.0777059384356389	0.1048469707225437	0.7560156436046617	-0.03286527454154187	0.45586602759717304	0.8513885848197659	0.628503585297936
HNSC	Hematopoietic stem cell	XCELL	518	-0.033181904037746	-0.1240993794865129	0.05828807574387927	0.45109520994419766	-0.16777163340120366	0.0001267466839965861	0.619305572641086	0.0008559232028094156
HNSC	Macrophage	XCELL	518	-0.0866564862042898	-0.17655315325266127	0.0046738981278127536	0.04869953355498274	-0.18631161154521542	2.0132425392962713e-05	0.12421081291583987	0.00017570933769304513
HNSC	Macrophage M1	XCELL	518	-0.09691350617862562	-0.1865563452676467	-0.005670265872259848	0.0274134722903582	-0.20293202649989026	3.2951239354679837e-06	0.07892980607901366	3.5602625200308864e-05
HNSC	Macrophage M2	XCELL	518	-0.21920639623895852	-0.30440796229582884	-0.1305250684891032	4.694233640943493e-07	-0.2714232955099625	3.5018072452199734e-10	6.221848656301376e-06	9.921787194789925e-09
HNSC	Mast cell	XCELL	518	0.2092246113240178	0.12022765063678507	0.2948854631959909	1.5581218777765804e-06	0.1763356331835898	5.544968894642313e-05	1.7932793015023227e-05	0.00042180599957298523
HNSC	B cell memory	XCELL	518	-0.151531899027814	-0.23951193199366944	-0.06108351164394471	0.0005392162922582264	-0.14960715528130808	0.0006432170243650977	0.0030119081467566648	0.0035090611672594267
HNSC	Monocyte	XCELL	518	-0.202443727407229	-0.2884068641548949	-0.11324325575760384	3.4075697171452635e-06	-0.25680842612705373	3.1280784017347253e-09	3.630408063770567e-05	7.069818815481373e-08
HNSC	B cell naive	XCELL	518	0.001803414637717507	-0.08950472975749428	0.0930814980603107	0.9673390282780011	-0.017136865532123246	0.6974705787960865	0.9824144417057102	0.8128494673897759
HNSC	Neutrophil	XCELL	518	-0.04907174185330951	-0.13973912916429956	0.042411667651604326	0.2649243583636682	-0.03168406306087583	0.4722288156691272	0.43268765296655914	0.641784730367149
HNSC	NK cell	XCELL	518	-0.05098765704596075	-0.1416218388194996	0.04049424541392829	0.24669696665392202	-0.021523753863719727	0.6253577444144377	0.4106365004754513	0.7570120063964246
HNSC	T cell NK	XCELL	518	-0.11964660469493917	-0.20866082208035192	-0.02866631698893693	0.006404261347928051	-0.13582954191882202	0.0019659820464547843	0.024311322204270562	0.009043517413692007
HNSC	Plasmacytoid dendritic cell	XCELL	518	-0.20587592909232127	-0.29168704579393173	-0.11677736477522774	2.300631369119023e-06	-0.23206851508047577	9.452441807234008e-08	2.5555308674020966e-05	1.5085325496442844e-06
HNSC	B cell plasma	XCELL	518	-0.16053668808711516	-0.24819260022546624	-0.0702731996361729	0.0002437412185394331	-0.12953390043574234	0.003171516329190707	0.0015497128055396098	0.013400863993698966
HNSC	T cell gamma delta	XCELL	518	-0.015877598580766827	-0.10701588525328974	0.07552528518570983	0.7184599967969799	-0.024740126283865186	0.5746228645552598	0.8313638649013929	0.7219715296950725
HNSC	T cell CD4+ Th1	XCELL	518	-0.19633582875596922	-0.2825645037540332	-0.10695958181312029	6.743765480098123e-06	-0.1493559328308215	0.00065703171718627	6.763713780690552e-05	0.003568047241942105
HNSC	T cell CD4+ Th2	XCELL	518	0.3219340082575979	0.23762449132405442	0.40142922974552825	5.901393406673866e-14	0.3513340878150597	1.824576027341688e-16	2.920816230391749e-12	1.3460551446992452e-14
HNSC	T cell regulatory (Tregs)	XCELL	518	0.0009391135673122316	-0.0903620419596007	0.09222461504939158	0.9829886099603905	-0.030149559254724026	0.4939588508800102	0.9898842461322311	0.6609784760235592
HNSC	immune score	XCELL	518	-0.17377968386352113	-0.2609333995769948	-0.08381601147838891	7.011519600613083e-05	-0.2539634017897994	4.717466897862953e-09	0.0005182427530887931	1.0079396486690792e-07
HNSC	stroma score	XCELL	518	-0.03827950740538147	-0.1291216785233128	0.05319981657031715	0.3846060978593766	-0.25526126995573817	3.913619041948667e-09	0.5615089063553521	8.645339239558918e-08
HNSC	microenvironment score	XCELL	518	-0.17065089808247735	-0.2579259993611243	-0.08061339009372324	9.491639298676583e-05	-0.3400719068743518	1.836189289522217e-15	0.0006695084278993612	1.1579838906503014e-13
HNSC	B cell	EPIC	518	-0.000909207992940628	-0.09219496372618578	0.09039170329119858	0.983530250686717	-0.032086137780357515	0.4666231275426226	0.9899837926095562	0.6386178664249359
HNSC	Cancer associated fibroblast	EPIC	518	0.1827010336812533	0.09295811085403029	0.26949935447662055	2.8715422964342307e-05	-0.026353667155123994	0.5499243574200795	0.00024093842015145584	0.7026811233701015
HNSC	T cell CD4+	EPIC	518	0.4355240539193777	0.3584841455871822	0.5066719449165838	2.168240879509898e-25	0.39043782849978675	2.840465895341841e-20	4.4620114941493165e-23	3.365521712359575e-18
HNSC	T cell CD8+	EPIC	518	-0.12795080071882847	-0.216712773142987	-0.037090650660670695	0.0035333165374845997	-0.030416486053890805	0.4901409878726949	0.014712745113487524	0.6576703028765398
HNSC	Endothelial cell	EPIC	518	0.14361225590099794	0.0530139050326471	0.23186570720360103	0.0010466812962424442	0.030211860359322176	0.4930663390222184	0.005220055954474435	0.6600100601084814
HNSC	Macrophage	EPIC	518	0.04017260102015474	-0.05130898269730288	0.13098562043467032	0.3615200723013123	-0.08061212333639826	0.06702984190642278	0.5384927553135737	0.1569381328467743
HNSC	NK cell	EPIC	518	-0.16053616420981956	-0.24819209561389838	-0.0702726645558731	0.00024375278143397953	-0.20753766859119427	1.9415952162691856e-06	0.0015497128055396098	2.2460465371634663e-05
HNSC	uncharacterized cell	EPIC	518	-0.231228445458303	-0.3158542857859311	-0.14295271647592528	1.0249099451436345e-07	0.020169234647189598	0.6472849835177237	1.5777157029573272e-06	0.7750614253310504
KICH	B cell	TIMER	66	0.41772257593153117	0.18116003939169564	0.6085895954078343	0.00048344882703093775	0.30984455998259414	0.012014361666793821	0.0027716787590776636	0.0404269828891255
KICH	T cell CD4+	TIMER	66	-0.17720488466757123	-0.41434350548483934	0.08246501396884011	0.15461860319723283	-0.217224583150061	0.08218258186270878	0.29347511577727203	0.1846746523466617
KICH	T cell CD8+	TIMER	66	0.6568625404446301	0.4819543206998956	0.7814262901832785	2.1063933797504722e-09	0.6065672703795403	8.532571332536311e-08	4.653106279561778e-08	1.3843300377683392e-06
KICH	Neutrophil	TIMER	66	0.23694812650036534	-0.020207224820104737	0.46469780843226816	0.0554195807215939	0.19816979453901387	0.11355061832710892	0.1372310215213126	0.23392145292887032
KICH	Macrophage	TIMER	66	0.4934691010789064	0.27187523930960655	0.6653674473541594	2.5529996461351176e-05	0.37817715675392133	0.0018961507090120258	0.000217952589877474	0.008784300085588887
KICH	Myeloid dendritic cell	TIMER	66	0.27013881640747317	0.015264188306708688	0.49205008322147636	0.028260860402443338	0.1369385949397577	0.27670708834107677	0.0807158248163283	0.44930428380963877
KICH	B cell naive	CIBERSORT	66	-0.1453098813573572	-0.3868530864291338	0.11489282755065722	0.24436779518524762	-0.10876830870545595	0.38843120814016757	0.40820467730907734	0.5627955433836899
KICH	B cell memory	CIBERSORT	66	0.3624001356777349	0.11735473280924641	0.5658481976214104	0.0027873699196239517	0.37578730306851676	0.002036723180611379	0.012096133613462432	0.009316343437982913
KICH	B cell plasma	CIBERSORT	66	-0.07366898891517562	-0.32349963674672905	0.18576335432048346	0.5566301320170756	0.03857373583313613	0.7603122924102281	0.7082407472133959	0.8542589262425264
KICH	T cell CD8+	CIBERSORT	66	0.05867539705028983	-0.20026183543556775	0.30995087195138593	0.6398010781004201	0.03115776771060263	0.8053821903651587	0.7732989846592404	0.8798671037518219
KICH	T cell CD4+ naive	CIBERSORT	66	-0.02994372462759605	-0.28369953680293875	0.22773143662265097	0.8113618669843393	0.05463649010012827	0.6655454800213096	0.8881368700752427	0.789868219695019
KICH	T cell CD4+ memory resting	CIBERSORT	66	0.23085595115332455	-0.026648460897552816	0.45962961955811754	0.062191777752564	0.27587747950771735	0.026121604109588588	0.1480936973279691	0.07493431553080805
KICH	T cell CD4+ memory activated	CIBERSORT	66	0.21160368475757946	-0.04686422330433518	0.4435147661404382	0.08808193680693119	0.28458053768004665	0.021586102766959766	0.1933747180882094	0.06452726438747147
KICH	T cell follicular helper	CIBERSORT	66	-0.08724425934796017	-0.33567902014382156	0.17253818783781438	0.48607612951338414	-0.023721407981764493	0.851218745745733	0.6515453090151978	0.9095983488293957
KICH	T cell regulatory (Tregs)	CIBERSORT	66	0.11597050825859125	-0.14424054028742897	0.3611804959378408	0.3537804406016869	0.16816026144221474	0.18056973233992862	0.5308064170194151	0.32853776335463974
KICH	T cell gamma delta	CIBERSORT	66	-0.0533905668715068	-0.30515085330178904	0.20534526341706139	0.6702802091918111	-0.019213127794747136	0.879258251235031	0.7948151282527868	0.9279081679700327
KICH	NK cell resting	CIBERSORT	66	-0.12159355855101098	-0.3661297508685614	0.13865112822619596	0.33076633201441863	-0.08056525073331841	0.5234912547045069	0.5073740126231372	0.6838324546451021
KICH	NK cell activated	CIBERSORT	66	-0.1432850776101177	-0.3850932865293161	0.11693290446788122	0.251073311380327	-0.07020673513604216	0.5783964361831481	0.4163259743414244	0.7241530789228655
KICH	Monocyte	CIBERSORT	66	0.07609126783660501	-0.18341041514652018	0.3256789277531659	0.543692559986019	-0.03296970701757552	0.7943056973056295	0.698791396959027	0.8753506044157393
KICH	Macrophage M0	CIBERSORT	66	-0.1904442574183452	-0.42562888295485085	0.06884102310692236	0.125603690765155	-0.2499600666872343	0.04462834429984982	0.2517224146036679	0.11548433237088868
KICH	Macrophage M1	CIBERSORT	66	-0.008705636790643548	-0.26404727308126635	0.24777635950602855	0.9446912068270916	-0.04386412390694402	0.7286295588759533	0.9669483295010284	0.8322937701446034
KICH	Macrophage M2	CIBERSORT	66	-0.224966078697422	-0.45471552224584444	0.03285553960945793	0.06935973223324414	-0.3340253165460617	0.006541494970669448	0.16161892314182633	0.024475832856763198
KICH	Myeloid dendritic cell resting	CIBERSORT	66	0.12728333248989526	-0.13297846528538024	0.37112369199135037	0.3084655521991776	0.08792952570919371	0.4861118874279265	0.4812850395446067	0.654708931254143
KICH	Myeloid dendritic cell activated	CIBERSORT	66	-0.08711868411746103	-0.3355667366253345	0.1726609552121345	0.4867063881281785	0.01174317882825846	0.9260285511900783	0.6519431235290092	0.9563580652808258
KICH	Mast cell activated	CIBERSORT	66	0.14610353581217592	-0.11409258732164043	0.3875423887312365	0.2417732613214488	0.09996270098026552	0.4282004403281068	0.40520079372776036	0.6007180829478411
KICH	Mast cell resting	CIBERSORT	66	-0.053614889895739586	-0.30535485803419876	0.20512977257421713	0.66897520044391	-0.0806119482440552	0.5232497787690752	0.7939667825462358	0.6838324546451021
KICH	Eosinophil	CIBERSORT	66	0.022393209152638947	-0.23488286870891537	0.27673714527271276	0.858354126776574	0.05535266523630359	0.6614265549331072	0.9182392984121489	0.7865504348505016
KICH	Neutrophil	CIBERSORT	66	-0.00040696655411581837	-0.2563102129434978	0.2555495925558079	0.9974124328421624	-0.03703438838610307	0.7696078892309853	0.9984338485439977	0.8607456655872862
KICH	B cell naive	CIBERSORT-ABS	66	-0.011090922380445118	-0.26626507156846524	0.24553597362682034	0.929571319129491	-0.09580948907163776	0.4477317802153707	0.9597813637152773	0.6199119194908285
KICH	B cell memory	CIBERSORT-ABS	66	0.3624001356777349	0.11735473280924641	0.5658481976214104	0.0027873699196239517	0.37578730306851676	0.002036723180611379	0.012096133613462432	0.009316343437982913
KICH	B cell plasma	CIBERSORT-ABS	66	0.09450804400166096	-0.16542305836926335	0.3421619649621126	0.4503636352802271	0.10667149014174504	0.39769623959989364	0.6187357041270864	0.572952209593067
KICH	T cell CD8+	CIBERSORT-ABS	66	0.21972953392888295	-0.03835745392904813	0.4503347370971961	0.07627538634895199	0.132428381534891	0.29298515453457125	0.17369642435899957	0.4662482516199323
KICH	T cell CD4+ naive	CIBERSORT-ABS	66	-0.02994372462759605	-0.28369953680293875	0.22773143662265097	0.8113618669843393	0.05463649010012827	0.6655454800213096	0.8881368700752427	0.789868219695019
KICH	T cell CD4+ memory resting	CIBERSORT-ABS	66	0.3800835093775934	0.13753195349945738	0.5796300802175808	0.001644721788834115	0.29505253017733074	0.017031999610294297	0.007757372972667539	0.053148538289106706
KICH	T cell CD4+ memory activated	CIBERSORT-ABS	66	0.21160368475757946	-0.04686422330433518	0.4435147661404382	0.08808193680693119	0.28458053768004665	0.021586102766959766	0.1933747180882094	0.06452726438747147
KICH	T cell follicular helper	CIBERSORT-ABS	66	0.15647181713638703	-0.10360715919780322	0.39652268229087995	0.20960958174100774	0.1404758735159399	0.26436961253628327	0.3647411947518203	0.4346867893258484
KICH	T cell regulatory (Tregs)	CIBERSORT-ABS	66	0.18089551487375768	-0.07867689872014948	0.41749678449626115	0.1460725498169344	0.14696336102114788	0.24271702188927985	0.2813526090061054	0.4069569277817685
KICH	T cell gamma delta	CIBERSORT-ABS	66	-0.042229356324265124	-0.29497132041175994	0.21603544456650117	0.7363670511045322	-0.023145619173547714	0.8547904387623075	0.8408574685388436	0.9121618286884411
KICH	NK cell resting	CIBERSORT-ABS	66	-0.0851311113731156	-0.3337886010668715	0.174603011638622	0.49673912181965646	-0.11191642035901349	0.37476435086052934	0.6598381840214153	0.5496356383588409
KICH	NK cell activated	CIBERSORT-ABS	66	0.16090346419271373	-0.0991077361621528	0.40034710695746917	0.19682918907940664	0.07834338092776649	0.5350448034573034	0.3502070287616796	0.6904373536363222
KICH	Monocyte	CIBERSORT-ABS	66	0.20322318035373105	-0.0555984892981311	0.4364528201145408	0.1017192102578576	0.019167259142038564	0.8795443553399941	0.21568444257495836	0.9279596409550396
KICH	Macrophage M0	CIBERSORT-ABS	66	-0.1510603495032333	-0.39184136514096357	0.1090869904362557	0.22599728262750798	-0.25331674956249595	0.041748670157720366	0.3862103912034774	0.10955523511187022
KICH	Macrophage M1	CIBERSORT-ABS	66	0.16991649361881975	-0.0899239460635147	0.4080995267723757	0.17257546747218144	0.059091886879438935	0.6400856867183843	0.31768836055378036	0.7686952942647639
KICH	Macrophage M2	CIBERSORT-ABS	66	0.21118881118881122	-0.047297541548866784	0.4431658434458973	0.08872129869879664	0.006449089387583813	0.9593367762459498	0.19445082842617423	0.9753007787627831
KICH	Myeloid dendritic cell resting	CIBERSORT-ABS	66	0.12470563996325115	-0.13555052022859795	0.3688629854919524	0.3184454949277339	0.08410774604328748	0.5053325973692903	0.4935041720093905	0.6709169628909762
KICH	Myeloid dendritic cell activated	CIBERSORT-ABS	66	-0.08000323138326002	-0.32919287638865957	0.17960414580630843	0.5231119711336238	0.010536350764621885	0.933612352892979	0.6820166079134609	0.9612050797030424
KICH	Mast cell activated	CIBERSORT-ABS	66	0.17372156062559024	-0.08603347737135836	0.4113621174095228	0.16301961603462498	0.07078397330916658	0.5752685529973313	0.3041062493775685	0.7224314709620431
KICH	Mast cell resting	CIBERSORT-ABS	66	-0.048475336180243855	-0.30067501708500965	0.21006067989177526	0.6991127994971053	-0.07790215233872823	0.5373539972666611	0.817865390946995	0.692046814661609
KICH	Eosinophil	CIBERSORT-ABS	66	0.029257669528401167	-0.22838238038185443	0.28306802296880346	0.8156069928260037	0.06154318028886194	0.6262500987841692	0.8910375361692301	0.7578575940099355
KICH	Neutrophil	CIBERSORT-ABS	66	0.02113832160495692	-0.23606873595802944	0.2755774096272154	0.8662165623206264	-0.02889633023426066	0.8192599057226987	0.921991730855643	0.8892412709437415
KICH	B cell	QUANTISEQ	66	0.15804195804195809	-0.1020142218179134	0.39787863691040953	0.20501603300648136	0.03928979876408674	0.7559996270509899	0.359467573567418	0.8511254079382006
KICH	Macrophage M1	QUANTISEQ	66	-0.06261614083658296	-0.31352178827645805	0.1964621757317196	0.6174503954931385	-0.166671999837914	0.18451435414738918	0.7579885363084522	0.33338776558054145
KICH	Macrophage M2	QUANTISEQ	66	-0.03830497860348608	-0.29137842435131045	0.21977954859861745	0.7600939729184659	-0.23699259158173042	0.05732851534905052	0.8542591072466806	0.13862368275497064
KICH	Monocyte	QUANTISEQ	66	-0.22908211294210867	-0.45815112579474265	0.028519923196124942	0.06428458792958731	-0.1455960543655538	0.24717607784060158	0.15187476664935734	0.41266373371338694
KICH	Neutrophil	QUANTISEQ	66	0.40440455067320746	0.16561570701856174	0.5984005000464189	0.000757931370200875	0.31230330487750807	0.011318482696207291	0.0039725357338946665	0.03844940690023502
KICH	NK cell	QUANTISEQ	66	-0.02218975054795951	-0.2765491642375053	0.23507518888316772	0.8596279760516337	-0.06429533433046099	0.6108681759226637	0.9192824969430279	0.7442870679006157
KICH	T cell CD4+ (non-regulatory)	QUANTISEQ	66	-0.23979013964812568	-0.46705703614932753	0.01719505418870073	0.05247231588336134	-0.18669634740073993	0.13645690424223714	0.13164048121830418	0.26974039210674783
KICH	T cell CD8+	QUANTISEQ	66	0.11787863073475915	-0.14234569200043304	0.3628615231243814	0.34586253655210275	0.10793792034356656	0.39208492467303224	0.523952932165332	0.5669571211063447
KICH	T cell regulatory (Tregs)	QUANTISEQ	66	0.051276560336013376	-0.20737480453858378	0.3032271894814524	0.6826258134698822	-0.01364103434949467	0.9141157946740353	0.8058776964574998	0.9503304326443706
KICH	Myeloid dendritic cell	QUANTISEQ	66	-0.1972459783724135	-0.43139843101806036	0.06180389584087653	0.11240941318227236	-0.3317897421977837	0.006933589143369121	0.23255069076332538	0.02557578636846534
KICH	uncharacterized cell	QUANTISEQ	66	-0.26997181922555064	-0.4919135496838211	-0.01508409542528043	0.02836237607493792	-0.05969270980959307	0.6366829674230872	0.08088820427270824	0.7664673955487444
KICH	T cell	MCPCOUNTER	66	0.3143513203214696	0.0635327058281239	0.5278173462525144	0.010154336548564222	0.22590188281742782	0.07038755873894177	0.035967660372627386	0.16381866349360855
KICH	T cell CD8+	MCPCOUNTER	66	0.07182966287443901	-0.18754804295475802	0.32184304814169873	0.5665509487140059	-0.04068357600859247	0.7476266090220727	0.7171298832864239	0.8448612836058682
KICH	cytotoxicity score	MCPCOUNTER	66	-0.03717774762550883	-0.2903450858751586	0.22085359433657753	0.7669512953662787	-0.08033043230749148	0.524706361558724	0.8585111837624247	0.6846338248485703
KICH	NK cell	MCPCOUNTER	66	0.11938211042688658	-0.14085132684134608	0.3641849438953035	0.33970203368253266	0.032467288633797796	0.7973730580741782	0.5172254484808032	0.877491882091201
KICH	B cell	MCPCOUNTER	66	0.19194238597223676	-0.06729325714836736	0.42690131204728543	0.12260091843348739	0.12219417281586697	0.3322032099392002	0.24684324978112032	0.5091785773666299
KICH	Monocyte	MCPCOUNTER	66	0.2808266360505167	0.02682463217182128	0.500765582144817	0.022369845314777866	0.11113942397921164	0.3781102491707947	0.06759358205624533	0.5526052083672109
KICH	Macrophage/Monocyte	MCPCOUNTER	66	0.2808266360505167	0.02682463217182128	0.500765582144817	0.022369845314777866	0.11113942397921164	0.3781102491707947	0.06759358205624533	0.5526052083672109
KICH	Myeloid dendritic cell	MCPCOUNTER	66	0.327251852624987	0.07784140401453059	0.5381129281473122	0.007316248813099293	0.13254992827995943	0.29253841563475647	0.027218394728085855	0.4657268750537043
KICH	Neutrophil	MCPCOUNTER	66	0.6506001461225343	0.47351412032363904	0.7771314414386516	3.3585346425205206e-09	0.5880538808488606	2.5941995148822435e-07	6.985037474603848e-08	3.6751159794165117e-06
KICH	Endothelial cell	MCPCOUNTER	66	0.3458720384093519	0.09867687545828155	0.5528630871571623	0.004447407385255619	0.13412106119778294	0.2868039902503055	0.01797640620234433	0.4586517799094866
KICH	Cancer associated fibroblast	MCPCOUNTER	66	0.13320112723097802	-0.12706032141169624	0.37630284654335944	0.2863264385301676	0.07243393774959068	0.566371187230893	0.45565176013551295	0.7164384801270759
KICH	Myeloid dendritic cell activated	XCELL	66	-0.020603277319695235	-0.27508270976864396	0.23657411932594652	0.869572836145522	-0.17239298337326187	0.16968572359323142	0.9239211384046172	0.31429236345311934
KICH	B cell	XCELL	66	0.18025258323765786	-0.07933735250603066	0.4169478724862721	0.14753536774976833	0.12103308174096825	0.33685246708138733	0.28361026937148187	0.5138702246284834
KICH	T cell CD4+ memory	XCELL	66	0.276116192128224	0.021721209468883878	0.4969298877077035	0.024823345441063727	0.20267735438559237	0.10540742030048349	0.07358550468124274	0.22148713451880642
KICH	T cell CD4+ naive	XCELL	66	0.12718330047479398	-0.13307834394567739	0.3710360150687321	0.30884903325839375	-0.01937702808169835	0.8782360549340922	0.4816911527883206	0.9270796368229753
KICH	T cell CD4+ (non-regulatory)	XCELL	66	-0.1169867113189257	-0.36207595396051534	0.14323164408575345	0.34954980438807043	-0.06579104332965642	0.6025777904502294	0.527902562826325	0.7389723296962688
KICH	T cell CD4+ central memory	XCELL	66	-0.4481160630414362	-0.6316090849204464	-0.21708251507717868	0.000161228800065296	-0.37207700961559587	0.0022735009610574046	0.001072116680706305	0.01013258953816237
KICH	T cell CD4+ effector memory	XCELL	66	-0.3081399326204815	-0.5228377234648076	-0.056679893338951216	0.011833078113227093	-0.3592153125359372	0.0032963672344628295	0.04054981193927952	0.013858920308332972
KICH	T cell CD8+ naive	XCELL	66	0.03688107850484861	-0.2211361619623805	0.290073029575714	0.7687590226047457	0.03724139543093596	0.768355929596132	0.8588193340261345	0.8605656646886668
KICH	T cell CD8+	XCELL	66	0.22343244967218123	-0.034468507195759425	0.4534336700107257	0.07133093526716085	0.17555496700302067	0.16187397406540985	0.16493433287675868	0.30414571772981863
KICH	T cell CD8+ central memory	XCELL	66	0.06334517913102171	-0.19575838406627213	0.314181631489452	0.6133523668347878	-0.09145758181613386	0.4687170139069497	0.7560434458884554	0.6399604391414461
KICH	T cell CD8+ effector memory	XCELL	66	-0.10116585356347448	-0.3480834384554541	0.158877648961572	0.4189474685020265	-0.0962950726143268	0.4454230368864238	0.5902344895738543	0.6180745800431361
KICH	Class-switched memory B cell	XCELL	66	0.016554286802312145	-0.24039414247691296	0.271334655408177	0.8950419896180954	0.09461291711985714	0.4534492043728967	0.9377315593265684	0.6260300119810084
KICH	Common lymphoid progenitor	XCELL	66	0.5033549783043105	0.28401255928144636	0.6726338052692004	1.6484759184910375e-05	0.4941483753928108	2.871505415104981e-05	0.00014582671586651485	0.00024093532560215614
KICH	Common myeloid progenitor	XCELL	66	-0.09188163353876136	-0.33982060560592264	0.16799884555243577	0.4631060221249247	-0.12200335986112683	0.33296447442263416	0.631323140479964	0.5097459259954971
KICH	Myeloid dendritic cell	XCELL	66	-0.06895184023712107	-0.31924806295188746	0.1903369478838101	0.582237137167917	-0.27210121853876723	0.028326213030291397	0.7291602664215059	0.07979502373806871
KICH	Endothelial cell	XCELL	66	-0.2356121490449849	-0.46358766100312143	0.02162157893018595	0.05685084056760717	-0.4687624931742511	8.202973483071842e-05	0.1400806290171658	0.0005842190586304353
KICH	Eosinophil	XCELL	66	-0.09012753352425149	-0.3382551690235681	0.16971716165081902	0.4717243416814745	-0.16726949911998165	0.1829232762321911	0.6386572631490877	0.33189327613358105
KICH	Cancer associated fibroblast	XCELL	66	0.1511098554487862	-0.10903693063935212	0.39188424800339283	0.22584342811002328	0.11419231008847376	0.36506718351887585	0.38611622383480154	0.5404818960843637
KICH	Granulocyte-monocyte progenitor	XCELL	66	0.14788068252412265	-0.11229946843708935	0.38908489218079223	0.23603241452268023	0.02429724726696318	0.8476497162642168	0.3972822818698578	0.9072845306852143
KICH	Hematopoietic stem cell	XCELL	66	-0.1585012002922451	-0.39827503498712147	0.1015480597314263	0.20368610002850357	-0.3649579685899004	0.002797704474071233	0.358260301894489	0.012073978469777619
KICH	Macrophage	XCELL	66	-0.07697780114997202	-0.3264758671943658	0.18254851568323585	0.5389943164839851	-0.2200117231396234	0.0782347580305116	0.6954843449640744	0.17760128444617965
KICH	Macrophage M1	XCELL	66	-0.15968499556256527	-0.39929642313926733	0.10034590028138389	0.2002862129071559	-0.2659203250737746	0.03227150125313248	0.3533930922684926	0.08842436573212895
KICH	Macrophage M2	XCELL	66	-0.3159555232561079	-0.5291010436614335	-0.06530641989300245	0.009755980003153569	-0.4662756897122667	9.051649309678234e-05	0.034678074374845866	0.0006342643154272742
KICH	Mast cell	XCELL	66	0.35501513411961183	0.10898770604922858	0.5600587013585667	0.003444846965517102	0.2966496939576864	0.016415477358527324	0.014424770069186974	0.051678354647215645
KICH	B cell memory	XCELL	66	-0.01425234788471935	-0.2692003543405038	0.24256236558484748	0.9095706950277547	-0.0679895751339405	0.5904825036107093	0.9487683396776748	0.7310947483906748
KICH	Monocyte	XCELL	66	0.019778946789711736	-0.23735247968872444	0.27432027314890406	0.874748243209879	-0.12420606001400938	0.3242434908066911	0.9249374349217485	0.4997209495680577
KICH	B cell naive	XCELL	66	0.18465842780933167	-0.07480685830727164	0.42070596576579816	0.13772762134019023	0.12319617223232657	0.32822367984290257	0.2693555721269478	0.5046616548115411
KICH	Neutrophil	XCELL	66	-0.02031417650083847	-0.2748153521909765	0.23684713554373552	0.8713872927454	0.04870803730909543	0.7000107159556774	0.9245417808846218	0.8146065223529605
KICH	NK cell	XCELL	66	0.16765138656519463	-0.09223613242428982	0.40615445575318787	0.17845468975102596	0.12835661353930294	0.30820895298926965	0.32620749739434857	0.48278207302563486
KICH	T cell NK	XCELL	66	-0.46185804009450165	-0.6419118790303504	-0.23353239823046895	9.477287354146992e-05	-0.3298325765508657	0.007293612401541427	0.0006695084278993612	0.026627473846897273
KICH	Plasmacytoid dendritic cell	XCELL	66	-0.24096375774177758	-0.4680303434142926	0.0159498066534518	0.05129315972199924	-0.24958525890811636	0.044959799799511695	0.12922439079446976	0.11618824667289539
KICH	B cell plasma	XCELL	66	0.20960452568228316	-0.04895136746593045	0.44183275875868583	0.09119649580625504	0.30342734580908465	0.0140074482517867	0.198319409678786	0.04561851472559907
KICH	T cell gamma delta	XCELL	66	0.3000564049783081	0.04779695411452345	0.5163352021126031	0.014373779912151656	0.1839369480315686	0.14245232304833302	0.04703052674185186	0.2779365897948787
KICH	T cell CD4+ Th1	XCELL	66	-0.5112623430963767	-0.678422504049414	-0.2937716388316218	1.150367931036904e-05	-0.3863358419842799	0.0014793844210538325	0.00010683939692052956	0.007132420574994433
KICH	T cell CD4+ Th2	XCELL	66	0.4579570776315653	0.22884941453437724	0.6389937976396171	0.00011045588105990876	0.4507727252582154	0.0001644346532167021	0.0007643937963614925	0.0010769505763438948
KICH	T cell regulatory (Tregs)	XCELL	66	0.3717744513478813	0.1280259494065323	0.5731684403434922	0.0021150667606725988	0.30337774145201907	0.014023901457844013	0.009706468350035049	0.04561851472559907
KICH	immune score	XCELL	66	0.19252687610896568	-0.06668906259562649	0.42739749407391625	0.12144436101188655	0.062209362359917544	0.6225118541999307	0.24476672760643114	0.7547894180867195
KICH	stroma score	XCELL	66	-0.19448909299655573	-0.4290622137968024	0.06465930386939599	0.11762250714337838	-0.45965728766808667	0.00011720101337894597	0.2401587482666368	0.0007983553350377679
KICH	microenvironment score	XCELL	66	0.013004905542218975	-0.24373627516455118	0.2680427093650404	0.9174566000610478	-0.2422148855227582	0.05190003733596118	0.9533271822866625	0.12892575983710813
KICH	B cell	EPIC	66	0.30353825279198415	0.05161824977763865	0.5191391180396672	0.013226974361421229	0.1452859879750205	0.24819500313950663	0.044202965600988894	0.4140112893666685
KICH	Cancer associated fibroblast	EPIC	66	0.21528024214591382	-0.04301995610827599	0.44660380644452113	0.08257325262532705	0.09368141592362726	0.4579277632289416	0.18523317140850762	0.629791612460486
KICH	T cell CD4+	EPIC	66	0.5851790001043733	0.38724469240552517	0.7315486803491823	2.4664050195358663e-07	0.4859175962668429	4.072581089767498e-05	3.5067795005037227e-06	0.00032365431018274216
KICH	T cell CD8+	EPIC	66	0.42941237866611004	0.19490207391672984	0.6174814297068562	0.00032077283811775276	0.3439131160736797	0.00503119773624087	0.0019385190062448428	0.01987069004919374
KICH	Endothelial cell	EPIC	66	0.05016177851998748	-0.2084441492102239	0.30221195371225623	0.6891698349231573	-0.26388334803488683	0.033668371490805996	0.8106477202229224	0.09154437511297131
KICH	Macrophage	EPIC	66	-0.03488153637407369	-0.2882383091712429	0.22303953108925872	0.7809746436506113	-0.20196714677685876	0.10665954698261218	0.8662725834535859	0.2233737700599966
KICH	NK cell	EPIC	66	-0.21553073791879768	-0.4468140723028007	0.04275775510876779	0.08220808319296272	-0.2223350311110109	0.07506037670633849	0.18494453698762037	0.1716292824103997
KICH	uncharacterized cell	EPIC	66	-0.37417806074522497	-0.5750402145515501	-0.1307712100996381	0.0019679641316661064	0.027241231724988844	0.829452105657575	0.00912780516585347	0.8956525084565364
KIRC	B cell	TIMER	530	0.25731261126760874	0.17103078373467587	0.33967787525978904	1.8403538713609473e-09	0.20065098989317695	3.2962021285196445e-06	4.1835951378030837e-08	3.5602625200308864e-05
KIRC	T cell CD4+	TIMER	530	0.31268054029232023	0.2288860924864642	0.3918753353590856	1.7455286300199522e-13	0.11842367428179351	0.006393183248944061	7.936066213230248e-12	0.02403591009939546
KIRC	T cell CD8+	TIMER	530	0.2223524691740347	0.13480398638675378	0.3064562104371734	2.3193303519019668e-07	0.0515312052211459	0.23672978148737536	3.346340101821657e-06	0.3998330218642064
KIRC	Neutrophil	TIMER	530	0.33248616676539633	0.249726233700382	0.4104238655441875	3.80846310189187e-15	0.17038390469179737	8.202891907708929e-05	2.160597305740113e-13	0.0005842190586304353
KIRC	Macrophage	TIMER	530	0.3429013838480383	0.2607163191877544	0.4201522051406212	4.543762396566321e-16	0.1696618297330971	8.801539311023794e-05	3.1168615737849674e-14	0.0006200724091189736
KIRC	Myeloid dendritic cell	TIMER	530	0.35178186689579655	0.27010381509505577	0.42843302453521764	6.954411126625504e-17	0.21473529663977134	6.180098248387221e-07	5.331715197079552e-15	8.303843350925785e-06
KIRC	B cell naive	CIBERSORT	530	0.21031407273493705	0.12238336024111744	0.29496883108365096	1.0337434982939926e-06	0.15648509585171533	0.00030276245013574035	1.2670649148368374e-05	0.0018357280979011314
KIRC	B cell memory	CIBERSORT	530	-0.2369221257093082	-0.32032630175132276	-0.1498731307680716	3.3848841913211585e-08	-0.18086643979103967	2.8560794083510885e-05	5.779431086491585e-07	0.00024067393290199904
KIRC	B cell plasma	CIBERSORT	530	0.0026707839105256036	-0.08760408147827414	0.0929021385891374	0.9510876385688216	-0.006828339185164	0.8754953804627441	0.9712072778281777	0.9254357765907892
KIRC	T cell CD8+	CIBERSORT	530	-0.1663882151149569	-0.25284495058063683	-0.07729522125261244	0.00011891204640037805	-0.17067367236851513	7.973621355036569e-05	0.0008185670799744334	0.0005710047527141572
KIRC	T cell CD4+ naive	CIBERSORT	530	0.054135571133021865	-0.03629551508901744	0.143687272572778	0.21340225939017082	0.06520470193555299	0.13419697721804058	0.36912544896939986	0.2662152110210749
KIRC	T cell CD4+ memory resting	CIBERSORT	530	0.16107664127307678	0.07186768867310632	0.24772896299490912	0.0001962067267813769	0.1274093456428864	0.003330592455313192	0.0012828901366474645	0.013987772825214372
KIRC	T cell CD4+ memory activated	CIBERSORT	530	0.08427867178037407	-0.006020874373588446	0.17321486734938177	0.052487854276045076	0.10111319644996346	0.020015009957840356	0.13164048121830418	0.06071271445706423
KIRC	T cell follicular helper	CIBERSORT	530	-0.25943212701568297	-0.34168540679368276	-0.17323461887382516	1.3395554435837238e-09	-0.17120420649491178	7.569423106564491e-05	3.1936962100075366e-08	0.0005478194725076829
KIRC	T cell regulatory (Tregs)	CIBERSORT	530	-0.2895799869948203	-0.3701593689996419	-0.20467557357698407	1.0677556711431651e-11	-0.2123629607001407	8.259845816272467e-07	3.761193400152951e-10	1.0628296536224865e-05
KIRC	T cell gamma delta	CIBERSORT	530	-0.11558964318013085	-0.2037181230966478	-0.025602995254389527	0.007728087113129143	-0.1065059980398073	0.014253209952932363	0.028399267492796004	0.04623824849661102
KIRC	NK cell resting	CIBERSORT	530	0.06496571777306263	-0.025437179149348104	0.15431465785383164	0.13526186418859293	0.03323235783925871	0.445614383923683	0.2656322897927666	0.6180745800431361
KIRC	NK cell activated	CIBERSORT	530	-0.20704694933597134	-0.291847021696494	-0.11901724789974488	1.528180330373517e-06	-0.1535529031057808	0.00039350148285624553	1.7730519560120036e-05	0.0023101963933452254
KIRC	Monocyte	CIBERSORT	530	0.18049473119901843	0.09173538190676715	0.2664085968606248	2.916785571907911e-05	0.14266839973692116	0.0010002446263657745	0.00024368870910598144	0.00509239126183617
KIRC	Macrophage M0	CIBERSORT	530	-0.15377290346423572	-0.24068626818100125	-0.06441311755413728	0.0003809906275967584	-0.10546980065961183	0.015231005577133328	0.002263941267330282	0.04869438414275659
KIRC	Macrophage M1	CIBERSORT	530	0.1786679745969209	0.08986331277713479	0.2646540562432453	3.520806503286586e-05	0.1537618921648542	0.00038627677128686116	0.0002862027739677869	0.0022746117104391977
KIRC	Macrophage M2	CIBERSORT	530	0.14937547007098317	0.05992967516263285	0.23644158504878957	0.0005603005321225627	0.10882484573319821	0.012262715259290544	0.003116323016499602	0.041121112061600365
KIRC	Myeloid dendritic cell resting	CIBERSORT	530	-0.004047780910593789	-0.0942670911366552	0.08623747257852633	0.9259295584598608	0.0162024360140232	0.7100425760939763	0.958131155959173	0.8205907068437629
KIRC	Myeloid dendritic cell activated	CIBERSORT	530	-0.007175298120894894	-0.0973659927197345	0.0831322867219545	0.8691015046924795	0.03543257970755867	0.41605929113941803	0.9238224810550375	0.5902727969358217
KIRC	Mast cell activated	CIBERSORT	530	0.11453734487086971	0.024537248250228245	0.20269574147834296	0.008307427944074651	0.03457569023048881	0.42743006930553756	0.030243988139042728	0.6000903306946686
KIRC	Mast cell resting	CIBERSORT	530	-0.051354688548498804	-0.1409551167636824	0.039080194901332826	0.23789634375360838	-0.010978190179371556	0.8011116540369643	0.3997312866680743	0.8793785983392842
KIRC	Eosinophil	CIBERSORT	530	0.0003477823987801229	-0.08990878829550095	0.0905986872043504	0.9936268464139529	0.06646101454113715	0.12684167526076698	0.9974533939611184	0.2544643151716772
KIRC	Neutrophil	CIBERSORT	530	0.07542463968205018	-0.014930747818086162	0.16455818205476808	0.0827802075342891	0.09124838837872898	0.035893917518797176	0.18558790414001824	0.09645719415704258
KIRC	B cell naive	CIBERSORT-ABS	530	0.2646838061731957	0.17869894407885129	0.3466563824529565	6.023200309315312e-10	0.17346124082149292	6.056115503871464e-05	1.5912644060420856e-08	0.00045276121644622226
KIRC	B cell memory	CIBERSORT-ABS	530	-0.23129580483294718	-0.31497436482648916	-0.14404912692748967	7.226229419995771e-08	-0.1785363830384302	3.630004424036434e-05	1.139296654523527e-06	0.00029507936170441697
KIRC	B cell plasma	CIBERSORT-ABS	530	0.15751317498352874	0.06822938589694608	0.24429400228288917	0.0002722009533666285	0.04446449106721026	0.307363883582655	0.0017028891642616277	0.4822915360112037
KIRC	T cell CD8+	CIBERSORT-ABS	530	-0.007540388540938009	-0.09772762874367877	0.0827696888101132	0.8625057145129511	-0.10915507625132662	0.012000207132508276	0.9210722840423399	0.04041413427054897
KIRC	T cell CD4+ naive	CIBERSORT-ABS	530	0.054135571133021865	-0.03629551508901744	0.143687272572778	0.21340225939017082	0.06520470193555299	0.13419697721804058	0.36912544896939986	0.2662152110210749
KIRC	T cell CD4+ memory resting	CIBERSORT-ABS	530	0.2859100938796903	0.20083888378929524	0.36670131390341504	1.9851286068912207e-11	0.14621424993101964	0.0007432225814033685	6.691252459435063e-10	0.0039645297316332475
KIRC	T cell CD4+ memory activated	CIBERSORT-ABS	530	0.08480125502424261	-0.0054945467876349975	0.1737253736702021	0.051035889805524766	0.10126129997848515	0.019833066941558293	0.1287421478320012	0.060395087026084836
KIRC	T cell follicular helper	CIBERSORT-ABS	530	-0.1338471478189894	-0.22142602422686367	-0.04412645595605515	0.0020149280497936623	-0.12307260749354439	0.004586042492530716	0.009301497844974286	0.018353557979319448
KIRC	T cell regulatory (Tregs)	CIBERSORT-ABS	530	-0.21402322052667422	-0.2985108154057799	-0.12620734321308716	6.582539156225297e-07	-0.17823770266234962	3.7424934663934613e-05	8.466357927908195e-06	0.0003029637568032802
KIRC	T cell gamma delta	CIBERSORT-ABS	530	-0.08368215925862202	-0.17263208184397344	0.006621599802602816	0.054187151951148683	-0.0988873974980094	0.022929486643999596	0.13508802369830153	0.06783296004555174
KIRC	NK cell resting	CIBERSORT-ABS	530	0.08205968177908571	-0.008255206457952937	0.17104662588141106	0.059042027044253036	0.04231873621694417	0.3313174032385896	0.1432098794931944	0.5080200182991708
KIRC	NK cell activated	CIBERSORT-ABS	530	-0.001211281922899	-0.09145503238613759	0.08905220208474142	0.977805734925249	-0.07709688725811174	0.0764491091717995	0.9878724531689888	0.174498550415491
KIRC	Monocyte	CIBERSORT-ABS	530	0.29045822717323316	0.20559411681527762	0.3709865833156902	9.192647915424894e-12	0.18390368775544572	2.0799330984722257e-05	3.2675684863010303e-10	0.00018112557717208023
KIRC	Macrophage M0	CIBERSORT-ABS	530	-0.1469169763942656	-0.23406704098439987	-0.05742466787871542	0.0006920127390735564	-0.10640765684546581	0.01434357571160733	0.003691363996968084	0.04643487263081381
KIRC	Macrophage M1	CIBERSORT-ABS	530	0.27415182684379097	0.18856375462655658	0.3556067166237607	1.3631655810970818e-10	0.14815056174977656	0.0006301740536827598	3.862302479775065e-09	0.0034625011806527013
KIRC	Macrophage M2	CIBERSORT-ABS	530	0.3151483217775793	0.23147859227103004	0.3941899990954943	1.100466058182548e-13	0.13736503846364345	0.0015404833727007954	5.1224074851116226e-12	0.007361039866528636
KIRC	Myeloid dendritic cell resting	CIBERSORT-ABS	530	-0.00023834058565991108	-0.09049014261774985	0.09001734436668209	0.9956323560206458	0.017585063997216224	0.6865576891850594	0.9976736319940351	0.8048150807587916
KIRC	Myeloid dendritic cell activated	CIBERSORT-ABS	530	0.0025263162428273553	-0.08774743958539323	0.09275891490542681	0.9537303551491287	0.04082435890617617	0.34869177533656764	0.9723821873880296	0.5251867648559243
KIRC	Mast cell activated	CIBERSORT-ABS	530	0.18397713919555983	0.09530590964773417	0.26975176055077993	2.0269269485672054e-05	0.06448625837933089	0.1385486360229145	0.0001772994265972656	0.2727719873361509
KIRC	Mast cell resting	CIBERSORT-ABS	530	-0.03294448777765545	-0.12283300916695639	0.05748017024091248	0.44913745204583083	-0.004768871081033057	0.9128652493766548	0.6174850342824186	0.9497708524333273
KIRC	Eosinophil	CIBERSORT-ABS	530	0.00111293173437786	-0.0891497716042719	0.09135750379214187	0.9796073924635346	0.0669043653590139	0.12432203522971548	0.9881087978167896	0.2503085261319194
KIRC	Neutrophil	CIBERSORT-ABS	530	0.10538468577382207	0.01527623501185235	0.1937951780777441	0.015217062813779677	0.09784849230828696	0.024411223428002497	0.049335585076184525	0.0712204786284782
KIRC	B cell	QUANTISEQ	530	0.09306186498315815	0.0028319020670623785	0.18178873684440594	0.03219051429174011	-0.06591645355968268	0.1299905408570714	0.08913945529794888	0.2597651701055793
KIRC	Macrophage M1	QUANTISEQ	530	-0.01564647712050538	-0.10575088924000528	0.07471277734544073	0.7193104744146834	0.017558656685247958	0.6870035071653913	0.8313638649013929	0.8049243872188397
KIRC	Macrophage M2	QUANTISEQ	530	0.09490535336452088	0.004691792636733469	0.18358657936499342	0.028913802192188056	-0.07225055222767483	0.09691409511666357	0.08198184667980805	0.20754699045962063
KIRC	Monocyte	QUANTISEQ	530	-0.1818827624819682	-0.2677413754380593	-0.09315826278707597	2.5249669476534016e-05	-0.10917922235656483	0.0119812091574816	0.000216031088956779	0.04038493776358022
KIRC	Neutrophil	QUANTISEQ	530	0.4722878767749247	0.39904366417930115	0.5395431914645986	8.439386472147596e-31	0.38133471977768196	9.379514602344649e-20	2.999818282372464e-28	1.0187195026435438e-17
KIRC	NK cell	QUANTISEQ	530	0.10931259318267386	0.01924875029840316	0.19761668101815646	0.011796526988519759	0.058938242846867106	0.17588006040703863	0.040460018004484434	0.32285964140446993
KIRC	T cell CD4+ (non-regulatory)	QUANTISEQ	530	0.2944230431589452	0.20974274304382493	0.37471945291112463	4.645662165327991e-12	0.19625668860711148	5.4280646912810105e-06	1.7635474821779073e-10	5.541444632613251e-05
KIRC	T cell CD8+	QUANTISEQ	530	-0.11750849687947457	-0.20558192937868577	-0.027546899209634577	0.006763905469592086	-0.1719058418019317	7.064480871416897e-05	0.0254052549338185	0.0005201905877069692
KIRC	T cell regulatory (Tregs)	QUANTISEQ	530	0.11376584002667245	0.023756013288608265	0.20194604827770732	0.008756478852874654	-0.006836443663281193	0.8753488113463787	0.03170169658772213	0.9254357765907892
KIRC	Myeloid dendritic cell	QUANTISEQ	530	0.196675981521406	0.10834544527018215	0.2819253453016557	5.0726642563729025e-06	-0.07885908108344768	0.06994116709228956	5.275031181494162e-05	0.1628766904888935
KIRC	uncharacterized cell	QUANTISEQ	530	-0.3396807978739335	-0.41714591017354374	-0.2573156963352251	8.844314818188545e-16	-0.13950134392737953	0.0012968180887774747	5.669060809691346e-14	0.006370048652160711
KIRC	T cell	MCPCOUNTER	530	-0.058633745516719224	-0.14810374163395434	0.03178822364862243	0.17771535242016356	-0.08749296756641302	0.0442793543754297	0.32523885051823476	0.1151501630986631
KIRC	T cell CD8+	MCPCOUNTER	530	-0.0370686157942563	-0.12689781737766784	0.05336366527609353	0.3944020148627039	-0.12169898346919215	0.005064846429141415	0.5685811697352089	0.01998340013919569
KIRC	cytotoxicity score	MCPCOUNTER	530	-0.014640824460271368	-0.10475614938386306	0.07571297042537653	0.736660253863305	-0.15916714285211447	0.00023725163756225425	0.8408574685388436	0.0014866248443404072
KIRC	NK cell	MCPCOUNTER	530	0.0579494599992218	-0.03247413336142347	0.14743211561361796	0.18283834664623602	-0.14032500166343123	0.0012127480585849908	0.33266539571278864	0.006002335327933309
KIRC	B cell	MCPCOUNTER	530	0.06781064341861179	-0.02258130647498442	0.15710289638557684	0.11894254471904298	-0.0060337728986011845	0.8898849748837147	0.24098755331464117	0.9345823937134903
KIRC	Monocyte	MCPCOUNTER	530	0.23707214623841424	0.1500285050558832	0.3204689332531865	3.316247284380894e-08	0.15708396273906527	0.00028681616130027187	5.694659585484603e-07	0.001745126900723444
KIRC	Macrophage/Monocyte	MCPCOUNTER	530	0.23707214623841424	0.1500285050558832	0.3204689332531865	3.316247284380894e-08	0.15708396273906527	0.00028681616130027187	5.694659585484603e-07	0.001745126900723444
KIRC	Myeloid dendritic cell	MCPCOUNTER	530	0.40525009287567143	0.3269548283060126	0.4780200939916864	2.29009206319277e-22	0.20672756770142528	1.6236455396794421e-06	2.984753322361244e-20	1.9414232599836755e-05
KIRC	Neutrophil	MCPCOUNTER	530	0.443329560271899	0.3677919605044549	0.5130548777276343	6.321365512590145e-27	0.32255109674285537	2.8417028639887236e-14	1.3731410641237482e-24	1.5014943511075552e-12
KIRC	Endothelial cell	MCPCOUNTER	530	0.4539212554581869	0.3792027198815818	0.5227585809022052	2.6700562377943796e-28	0.17421254158786578	5.619252454198644e-05	6.524949931110016e-26	0.00042497634614925914
KIRC	Cancer associated fibroblast	MCPCOUNTER	530	0.14787027568335762	0.05839586942624728	0.2349879116198087	0.0006378600766524714	-0.05865169466372046	0.17799387187386065	0.003449561410388884	0.3255674191542836
KIRC	Myeloid dendritic cell activated	XCELL	530	0.01919066460270029	-0.07118638088058055	0.10925517999430048	0.6593579720306638	-0.05596187205695656	0.198762388949488	0.7874892726746641	0.352613856983892
KIRC	B cell	XCELL	530	-0.22399773111386465	-0.30802426557207535	-0.13650362651705797	1.878268839671203e-07	-0.10664317218261524	0.014127997239616503	2.771332514382794e-06	0.04588078837782436
KIRC	T cell CD4+ memory	XCELL	530	0.09253241656188113	0.0022978583125263796	0.18127228821203298	0.03318832044898918	0.12302560865603764	0.004601724701335114	0.09119208218942212	0.018397488325378627
KIRC	T cell CD4+ naive	XCELL	530	-0.09481194577300704	-0.18349549886705735	-0.004597538950220183	0.02907266297205668	-0.18621829313883087	1.6277487894453933e-05	0.08231289805991428	0.00014631029348808017
KIRC	T cell CD4+ (non-regulatory)	XCELL	530	0.12579892573202037	0.03595338558885898	0.21362718867636543	0.0037220814546235965	0.08961247242445956	0.039364321572789	0.015465821984674031	0.10421376487649112
KIRC	T cell CD4+ central memory	XCELL	530	-0.18260664704255175	-0.26843631433004456	-0.09390046588450414	2.340977171597286e-05	-0.1530963345378292	0.0004097251367520339	0.00020161279165077946	0.0023910825144782873
KIRC	T cell CD4+ effector memory	XCELL	530	-0.26016505472224905	-0.34237943578515084	-0.17399690510409876	1.1994242681750565e-09	-0.25226217132130335	4.011370496257001e-09	2.9128875084251372e-08	8.762267396851885e-08
KIRC	T cell CD8+ naive	XCELL	530	-0.09926532681617582	-0.18783623779471503	-0.009093043431805985	0.022282875873861383	-0.16595477507444054	0.0001257933410374255	0.06748725380851898	0.000850954954076702
KIRC	T cell CD8+	XCELL	530	-0.1431729708090253	-0.23044888259030677	-0.05361199087225849	0.0009485757873679484	-0.17404643164634293	5.713198262260454e-05	0.004816793933258024	0.00043124720473819255
KIRC	T cell CD8+ central memory	XCELL	530	-0.11620695813881683	-0.20431779843922546	-0.0262282948973551	0.007405282246862268	-0.14602838622876446	0.0007550084702005527	0.02752343496695006	0.004011589634287477
KIRC	T cell CD8+ effector memory	XCELL	530	-0.23342532281378647	-0.31700065675913663	-0.1462527556873681	5.435400736279805e-08	-0.2666267946074119	4.6329879413275045e-10	8.818430240188398e-07	1.2667820175238142e-08
KIRC	Class-switched memory B cell	XCELL	530	-0.12898395225318912	-0.2167148613234832	-0.03918638354242406	0.0029312400940844693	-0.05067497746524866	0.24462059592732813	0.012636327197210888	0.40979714227757197
KIRC	Common lymphoid progenitor	XCELL	530	0.20394727442753657	0.11582552702438512	0.2888835419073303	2.20160737549444e-06	0.21470162716000057	6.205736809552584e-07	2.456484087934034e-05	8.309736618270754e-06
KIRC	Common myeloid progenitor	XCELL	530	-0.007849366587515203	-0.09803366470936235	0.08246280150478116	0.8569310996350055	0.01045317000452162	0.8104382190233257	0.9172736557274092	0.8829237772028986
KIRC	Myeloid dendritic cell	XCELL	530	0.05253543487109807	-0.037898007865944126	0.14211534072806856	0.2272647134456733	-0.033573385598990424	0.44095681459579367	0.38736051855823134	0.61422912186304
KIRC	Endothelial cell	XCELL	530	0.279979163896254	0.19464390506338497	0.3611080130413385	5.306425891752171e-11	-0.09455870960578881	0.029661597451509297	1.6329942181695895e-09	0.08254579788996537
KIRC	Eosinophil	XCELL	530	0.04821722317542558	-0.04222025889717639	0.13787098684141466	0.26783264799785145	-0.013806788547340949	0.7513801478875843	0.43598070510890885	0.8471360744941714
KIRC	Cancer associated fibroblast	XCELL	530	0.021690516272812575	-0.06869771842071264	0.11172554529156502	0.618319963672388	-0.06932129443847922	0.11126467851309176	0.7581157284286726	0.23054843295505498
KIRC	Granulocyte-monocyte progenitor	XCELL	530	0.2530499753598191	0.16660118268848653	0.335638181235834	3.456099331147898e-09	0.15181383699106366	0.00045869127391174426	7.14991978031126e-08	0.00261822318393419
KIRC	Hematopoietic stem cell	XCELL	530	0.29118958933729167	0.2063591558256612	0.3716753557368116	8.111728494654946e-12	0.009496188756044814	0.8275065631944745	2.9098035242294345e-10	0.8948865756190958
KIRC	Macrophage	XCELL	530	-0.0968243732231421	-0.18545745313832332	-0.00662854997053381	0.025811176769126493	-0.05972787195697213	0.17015177819813407	0.07577786685521991	0.3147083504043066
KIRC	Macrophage M1	XCELL	530	-0.1287121517730223	-0.21645143721138022	-0.03891041593271956	0.002992213353756016	-0.12130684908258337	0.005209565710199193	0.012856652981523102	0.020389791718597443
KIRC	Macrophage M2	XCELL	530	-0.14650990865596483	-0.23367377293656139	-0.0570100073080724	0.0007164096263190427	-0.1179262065850719	0.006620232328726132	0.0038007620609327776	0.02465248419554207
KIRC	Mast cell	XCELL	530	0.1504885330628273	0.06106416742509991	0.2375162986407297	0.000508683029205348	0.13714153227211553	0.0015682688766056065	0.002882537165496972	0.007468856647415251
KIRC	B cell memory	XCELL	530	-0.09089664867203182	-0.17967637480431614	-0.0006482179209780461	0.03643945356398995	-0.07493832895424025	0.085082883081047	0.09832228876884495	0.18967188316496414
KIRC	Monocyte	XCELL	530	0.004243515995032827	-0.08604318653995821	0.09446108661619516	0.9223588312825249	-0.07411775279223708	0.08856455468678603	0.956197048680885	0.19553213372407305
KIRC	B cell naive	XCELL	530	-0.0717429762513556	-0.160954532554724	0.018631412070768495	0.09896865872922087	-0.004146308411060517	0.9242036949288948	0.2109964316419049	0.9562542699151755
KIRC	Neutrophil	XCELL	530	0.008888626841515219	-0.08143044783816142	0.09906290399802734	0.8382343727892584	-0.011476985473284735	0.7922770397067795	0.9046610764239609	0.8750856568512735
KIRC	NK cell	XCELL	530	-0.003726358913257277	-0.09394851092849639	0.08655650016111496	0.9317963441032528	0.03986050223376052	0.3601987001031402	0.960285636648318	0.5365245399631536
KIRC	T cell NK	XCELL	530	-0.3255430879459506	-0.40392880868945197	-0.24241175651659427	1.5032757889758697e-14	-0.2694652961922426	2.9775598782515733e-10	8.237634834292512e-13	8.688253077584816e-09
KIRC	Plasmacytoid dendritic cell	XCELL	530	-0.2346819296555533	-0.3181959931253286	-0.14755350054053373	4.5886841233724724e-08	-0.183341120323761	2.2066208105523945e-05	7.570360726745302e-07	0.00019004157201012913
KIRC	B cell plasma	XCELL	530	-0.28733617278774515	-0.3680453402059325	-0.20232946803230853	1.561708159227078e-11	-0.08403512307607126	0.053402274243431	5.452034734444532e-10	0.13207014060203365
KIRC	T cell gamma delta	XCELL	530	-0.05031879779104739	-0.13993702793615564	0.04011714118337652	0.2475080633491177	-0.032059911797389234	0.46183851309573426	0.4114155963007293	0.6340549811110678
KIRC	T cell CD4+ Th1	XCELL	530	-0.42850749828455387	-0.49944548826809204	-0.35186179638495646	4.412218690411374e-25	-0.34014889827265293	8.549339781602079e-16	8.625887539754235e-23	5.6657489061125644e-14
KIRC	T cell CD4+ Th2	XCELL	530	0.023584497834693473	-0.06681146491460165	0.11359644622785843	0.5879912055545347	0.09397331056991003	0.03069089758556125	0.7340503236648246	0.08468695099473852
KIRC	T cell regulatory (Tregs)	XCELL	530	-0.018323596022572986	-0.10839807875933336	0.07204930576786334	0.6738425587872778	-0.011738328856466078	0.7876586687914635	0.7969523305681356	0.8726963431495104
KIRC	immune score	XCELL	530	-0.15036568711350107	-0.23739769567639057	-0.060938945037170386	0.0005141548124655648	-0.1496578726984097	0.0005534510361036636	0.0029093275206083335	0.0030782269575609167
KIRC	stroma score	XCELL	530	0.2169063781826305	0.12918156724711544	0.30126242856724655	4.608894913213418e-07	-0.17960607923961408	3.252839145550449e-05	6.150436556540773e-06	0.0002688921999810202
KIRC	microenvironment score	XCELL	530	-0.026580980046461807	-0.11655510906043944	0.06382588895056136	0.5414623128024029	-0.2769591470729144	9.038255014854933e-11	0.6969648233543433	2.7395021014017665e-09
KIRC	B cell	EPIC	530	0.0698282761332872	-0.020555015572177086	0.15907946398298323	0.10833268188232277	-0.03117599479670443	0.474284311464894	0.22593775851657405	0.6436833244802971
KIRC	Cancer associated fibroblast	EPIC	530	0.12191216109852036	0.03201062638872288	0.2098568485727051	0.004946578918314644	-0.053792816308797994	0.21675513732530063	0.019615743986420138	0.37533772672361626
KIRC	T cell CD4+	EPIC	530	0.3535933674722473	0.272020648361731	0.43012062206133794	4.707364895759859e-17	0.30401566474598024	8.957620446025414e-13	3.756285049473683e-15	3.766053327307459e-11
KIRC	T cell CD8+	EPIC	530	0.17619681049357752	0.08733184990274923	0.2622796768020772	4.5282224608375184e-05	0.07478982944283104	0.08570464882509918	0.00035696269802166727	0.19061727924126154
KIRC	Endothelial cell	EPIC	530	0.41692840718692337	0.33944786155436396	0.4887893301824838	1.0543127499271973e-23	0.04397216116205374	0.312756173530957	1.5268010563760524e-21	0.4881743067888391
KIRC	Macrophage	EPIC	530	-0.08175759051538983	-0.1707513768035445	0.00855931665206268	0.059984586067838214	-0.13066740986768552	0.002602508511047004	0.1450462161566156	0.011356928881912708
KIRC	NK cell	EPIC	530	-0.2555962577614375	-0.3380516548477162	-0.16924678202531174	2.3751937568191007e-09	-0.3008470887811638	1.5775196871078218e-12	5.159448660645936e-08	6.425106225616233e-11
KIRC	uncharacterized cell	EPIC	530	-0.45768424142725067	-0.5262017944305493	-0.38326217903533705	8.444082218820204e-29	-0.03505379758792255	0.421063553626034	2.201090765039133e-26	0.5935906885690209
KIRP	B cell	TIMER	288	0.11342541223449605	-0.009148266171731576	0.23264098643773923	0.05451383123218593	-0.03733477279002518	0.528726942521601	0.1355048188924647	0.6875032741135549
KIRP	T cell CD4+	TIMER	288	0.021548700273609504	-0.10116485199626954	0.1436163812116223	0.7157493851356779	-0.05348074422814299	0.36667799332008244	0.8293254846886812	0.54225073898696
KIRP	T cell CD8+	TIMER	288	0.19193991653151918	0.0711658625278654	0.30716737001773026	0.001061669415706946	0.05143548384790936	0.3853153126725513	0.005274621874732095	0.5598598560199464
KIRP	Neutrophil	TIMER	288	0.08541262612367138	-0.03742540922861399	0.20570785525394913	0.14822212317993663	-0.06331894445696423	0.28503241179414307	0.2842643058118721	0.45707460115446424
KIRP	Macrophage	TIMER	288	0.09940350259270177	-0.023327047614924143	0.21918232017137892	0.09222620995257136	-0.07551425557878497	0.20212116502194416	0.19986672748822365	0.3569529156439935
KIRP	Myeloid dendritic cell	TIMER	288	0.29102358636834796	0.17480615624553264	0.3992432337498027	4.993212373694076e-07	0.15747332630709418	0.0075216335034094355	6.551496772195918e-06	0.027367660985357988
KIRP	B cell naive	CIBERSORT	288	0.07670608308397839	-0.04617422592679343	0.1972995884521429	0.1942882695158954	0.0545762822567309	0.3569289883152329	0.3470384348136825	0.5326688337070843
KIRP	B cell memory	CIBERSORT	288	-0.07410376309950308	-0.19478297221302124	0.04878552701917137	0.2099009098471338	-0.08373556171159037	0.15710794587504096	0.36492679143998574	0.2972123792055288
KIRP	B cell plasma	CIBERSORT	288	0.1459404798575194	0.02392132990500237	0.26367524678409254	0.013167421326026723	0.1779936747261599	0.0024744571934276144	0.04407929570613398	0.01085872909798201
KIRP	T cell CD8+	CIBERSORT	288	-0.16083515604784454	-0.2778106525780335	-0.039159734786638825	0.0062300115659334535	-0.19242455265332858	0.0010516803689123544	0.02369586111167296	0.005326515858092365
KIRP	T cell CD4+ naive	CIBERSORT	288	0.02256151937690393	-0.10016180799023688	0.14460864832673703	0.7030065645385628	0.004357317783947046	0.9414115530456855	0.8202792203359537	0.9651072817012665
KIRP	T cell CD4+ memory resting	CIBERSORT	288	0.010201836411003265	-0.11238517512340913	0.132482963464023	0.8631368686687502	0.07944983021789154	0.17952658119387932	0.921121454867531	0.3274261872425129
KIRP	T cell CD4+ memory activated	CIBERSORT	288	0.040971554982296404	-0.0818858745835555	0.16260242865738894	0.4885748367665227	-0.008282269169801893	0.888896554812418	0.6531034570109756	0.9344982778339592
KIRP	T cell follicular helper	CIBERSORT	288	0.09212756197085531	-0.03066498294672397	0.21218063618234032	0.11876545629574684	0.10666954242142507	0.07117465098115718	0.24098755331464117	0.16496318040090371
KIRP	T cell regulatory (Tregs)	CIBERSORT	288	-0.05050240450436149	-0.17188610896370832	0.07239187810274911	0.39317595361782437	-0.02684566147404393	0.6506270937052059	0.5675386961432995	0.7771712099735973
KIRP	T cell gamma delta	CIBERSORT	288	-0.07818778214624561	-0.19873178007953884	0.04468666253145933	0.1857866749328232	-0.12504130124632126	0.034225378438725106	0.3364514637530269	0.09273820491712761
KIRP	NK cell resting	CIBERSORT	288	-0.03354257900828175	-0.1553511467600676	0.08927069357254479	0.5707682587115619	-0.023216331794362034	0.6953198421846825	0.7196879297633246	0.8115524128185397
KIRP	NK cell activated	CIBERSORT	288	0.08284832546689434	-0.04000411839181492	0.2032332484400123	0.16083167431937148	0.13445923125926784	0.02270881979241121	0.30103008453266755	0.0675220421204014
KIRP	Monocyte	CIBERSORT	288	0.155168390043027	0.033355517538353724	0.2724387187281987	0.008343634298462799	0.18756728497669795	0.0014124170253611858	0.03034754428557167	0.0068688439914953185
KIRP	Macrophage M0	CIBERSORT	288	-0.03347670972719196	-0.15528679424717376	0.0893361109966659	0.5715253332556837	-0.05725405073184252	0.33379145404762695	0.719930429455452	0.5106121225845937
KIRP	Macrophage M1	CIBERSORT	288	0.13493302930674383	0.012696174515757141	0.2531963181989122	0.02199726569954095	0.09767325879486485	0.09865295703831485	0.0667256081343717	0.21042610388913624
KIRP	Macrophage M2	CIBERSORT	288	-0.10925481785109714	-0.2286426848478636	0.013370675664391362	0.06408347364829656	-0.16522459670522874	0.005013290731426604	0.1516745653540191	0.01981998661261681
KIRP	Myeloid dendritic cell resting	CIBERSORT	288	0.05094189334945327	-0.07195355081089616	0.17231368089319338	0.3890660994787226	0.012857384462924795	0.8283047631511132	0.5636341048394982	0.895037030168143
KIRP	Myeloid dendritic cell activated	CIBERSORT	288	0.12587229120395868	0.0034792941254845207	0.24454975677825055	0.03273377548308954	0.16302238995317117	0.00563557464465755	0.09032396763506005	0.021795348032256204
KIRP	Mast cell activated	CIBERSORT	288	0.040198721354718844	-0.0826547438060867	0.16184869227807588	0.4968193385573009	0.09208293167368639	0.11959294875147561	0.6598381840214153	0.24354605709284877
KIRP	Mast cell resting	CIBERSORT	288	-0.00684056447587663	-0.12917898581429507	0.11570297097246447	0.9079816761838759	-0.03096953568064092	0.6013272070798419	0.9483269245309589	0.7379753231896365
KIRP	Eosinophil	CIBERSORT	288	0.06748701804678005	-0.05541755023603252	0.18837697626591088	0.25361458276365617	0.10114835866962224	0.08717844592050804	0.4192951452879051	0.19312618897970904
KIRP	Neutrophil	CIBERSORT	288	-0.05125094796972883	-0.17261432798703605	0.07164528458043616	0.3861916298339361	-0.06856656112352608	0.24691095972748525	0.5623870661641305	0.41239720313304884
KIRP	B cell naive	CIBERSORT-ABS	288	0.08016429167184022	-0.04270148170332817	0.20064144814375323	0.17487622305651412	0.038907140404868014	0.5115019235971572	0.3207157749300986	0.6755211869004268
KIRP	B cell memory	CIBERSORT-ABS	288	-0.027751488443790096	-0.14968945447349533	0.09501801216026749	0.6390692526613516	-0.05945557484688123	0.31550695476292584	0.7728115756404126	0.490704929643214
KIRP	B cell plasma	CIBERSORT-ABS	288	0.1726671949007048	0.051305295697643555	0.2890035551412269	0.0032860821396589945	0.15132343952653615	0.010252527176112304	0.013950685305175537	0.03560158193481271
KIRP	T cell CD8+	CIBERSORT-ABS	288	-0.0038176509654037484	-0.12620527741554377	0.1186844512614857	0.9485672020580687	-0.13141320730713882	0.025998900712969064	0.9693930371267769	0.0746370791392871
KIRP	T cell CD4+ naive	CIBERSORT-ABS	288	0.02375353286770916	-0.09898097943222613	0.14577615927262874	0.6881150861755784	0.005701252951693048	0.9233898312474584	0.8101565754129815	0.9559828364751397
KIRP	T cell CD4+ memory resting	CIBERSORT-ABS	288	0.12638964102767164	0.004005000173323483	0.24504396654519298	0.03201839290921202	0.05656561548896568	0.3396459952903134	0.08885160842797658	0.5159346703904916
KIRP	T cell CD4+ memory activated	CIBERSORT-ABS	288	0.040971554982296404	-0.0818858745835555	0.16260242865738894	0.4885748367665227	-0.008282269169801893	0.888896554812418	0.6531034570109756	0.9344982778339592
KIRP	T cell follicular helper	CIBERSORT-ABS	288	0.13371260523380585	0.011453507404870042	0.25203278116744515	0.023237322334008537	0.09902664162783115	0.09404921232569939	0.06983699487007947	0.20366312113207793
KIRP	T cell regulatory (Tregs)	CIBERSORT-ABS	288	0.023653395475186988	-0.09908019051381796	0.14567809333860943	0.6893615523634826	-0.009556815930073903	0.871936005600929	0.8106477202229224	0.9239213501083015
KIRP	T cell gamma delta	CIBERSORT-ABS	288	-0.0745638205892891	-0.1952279940057092	0.04832400399356223	0.20707697991951463	-0.12454452712638672	0.03495080855052719	0.36162170231590096	0.09424666305693885
KIRP	NK cell resting	CIBERSORT-ABS	288	-0.030573727461484155	-0.1524496316260875	0.09221812707355771	0.605353238824266	-0.022222490501822262	0.7077525557554099	0.7504537615101078	0.8197455123433808
KIRP	NK cell activated	CIBERSORT-ABS	288	0.18785898366968448	0.06695244844591529	0.303328237993015	0.001361127029258554	0.1233129014226662	0.03680585196717946	0.006506120641076952	0.09850162983687318
KIRP	Monocyte	CIBERSORT-ABS	288	0.24561795852714696	0.1269905896852945	0.35731820379101814	2.498983275053815e-05	0.20751060520173614	0.00040209274673734047	0.0002142768553829039	0.0023500487888535146
KIRP	Macrophage M0	CIBERSORT-ABS	288	-0.017397989532281336	-0.139547330533704	0.10527289813523485	0.7687641097420641	-0.06422654039566056	0.2781705907532395	0.8588193340261345	0.4508899210074047
KIRP	Macrophage M1	CIBERSORT-ABS	288	0.1874802594475908	0.06656164806395712	0.3029717635074554	0.0013925247641751108	0.10467174199278137	0.07666399757036264	0.006646957197147572	0.17488694894989376
KIRP	Macrophage M2	CIBERSORT-ABS	288	0.0620559588964575	-0.0608530578283558	0.18311120280549933	0.2939221069293273	-0.11231033091802678	0.05738448148679285	0.46396263144677824	0.13867325254224971
KIRP	Myeloid dendritic cell resting	CIBERSORT-ABS	288	0.05314552513367456	-0.06975502718616618	0.1744568709595717	0.36885386346439697	0.012911116203475313	0.8275984290124425	0.5452622329473694	0.8948865756190958
KIRP	Myeloid dendritic cell activated	CIBERSORT-ABS	288	0.12909532035513416	0.0067554840475346385	0.24762762191030435	0.028490442812887797	0.16287319466856953	0.00568013961502521	0.08101645919883002	0.02194599396714286
KIRP	Mast cell activated	CIBERSORT-ABS	288	0.0980831428961641	-0.024659640315135734	0.21791264519864426	0.09665418794923317	0.09651158439960209	0.10274574514790884	0.20730547168486105	0.21715452082612083
KIRP	Mast cell resting	CIBERSORT-ABS	288	-0.0015614166408399876	-0.12398433422743148	0.12090832202008114	0.9789519367978164	-0.03591597360649934	0.5445178461477159	0.9880490637272747	0.698282970953614
KIRP	Eosinophil	CIBERSORT-ABS	288	0.06748701804678005	-0.05541755023603252	0.18837697626591088	0.25361458276365617	0.10114835866962224	0.08717844592050804	0.4192951452879051	0.19312618897970904
KIRP	Neutrophil	CIBERSORT-ABS	288	-0.044348263229834435	-0.16589403186820934	0.07852477162282626	0.4534288853757128	-0.08277208355716431	0.16195417932753	0.6213843385773721	0.3041502599282624
KIRP	B cell	QUANTISEQ	288	0.259351657725854	0.14139528816842947	0.37004680188202704	8.244743288845077e-06	0.16388050941400178	0.005385290889884998	8.023191980783446e-05	0.020930901967644477
KIRP	Macrophage M1	QUANTISEQ	288	-0.016938351944273063	-0.13909648189868218	0.10572755382778848	0.7747067354260877	-0.12778795824882763	0.030441473961034006	0.8634131192628465	0.08411742981458867
KIRP	Macrophage M2	QUANTISEQ	288	-0.11780237467477245	-0.23683280142792326	0.004712218915912868	0.045777586131284055	-0.3176291578104706	3.7851687499213184e-08	0.11822348862174414	6.727277187360161e-07
KIRP	Monocyte	QUANTISEQ	288	-0.23120229753028085	-0.3439127697023529	-0.11192424402947135	7.483705393542472e-05	-0.18036029124795877	0.0021596160685944917	0.0005449029439246008	0.00973944501523006
KIRP	Neutrophil	QUANTISEQ	288	0.26007021144941905	0.14215032646469433	0.3707116260914409	7.766427104746757e-06	0.22914869181431025	8.953404457802037e-05	7.629831653155733e-05	0.0006285064888690478
KIRP	NK cell	QUANTISEQ	288	-0.07945196258171468	-0.19995331405847927	0.04341704774568248	0.1787521370888134	-0.048612863683552825	0.41196234853154506	0.326445985995918	0.5865887774065336
KIRP	T cell CD4+ (non-regulatory)	QUANTISEQ	288	-0.10214042187500404	-0.2218128858192098	0.020563381363022826	0.0835641481610191	-0.07800369887483685	0.1876014308967449	0.18670618246261983	0.33771712468060433
KIRP	T cell CD8+	QUANTISEQ	288	-0.03816946431847005	-0.15986890368547027	0.08467289542911301	0.5188135466250511	-0.1822804870913603	0.0019315026047891475	0.678675465809284	0.008905866963119772
KIRP	T cell regulatory (Tregs)	QUANTISEQ	288	0.19100299727484799	0.07019814630918121	0.30628629606823815	0.0011244910228981506	0.12546636807901873	0.03361486153156946	0.005516848342492858	0.09147551105879706
KIRP	Myeloid dendritic cell	QUANTISEQ	288	0.31932290925578155	0.204887386264399	0.42514630592853414	3.0028885647136914e-08	0.26449138443865766	5.5627219335524924e-06	5.21835301690246e-07	5.649413703945519e-05
KIRP	uncharacterized cell	QUANTISEQ	288	-0.029801358187605466	-0.151694435891354	0.09298457172399623	0.6145015639333848	0.14430899128134833	0.014409028613435019	0.7563845630088182	0.04656140651118258
KIRP	T cell	MCPCOUNTER	288	0.009555765176441564	-0.11302310207206948	0.1318481156731574	0.871727064706841	0.05737163496588093	0.33279801556980015	0.9245417808846218	0.5097459259954971
KIRP	T cell CD8+	MCPCOUNTER	288	-0.08459606139864795	-0.2049200191524949	0.03824673970528476	0.15215318619763382	-0.236515118806296	5.190084058464983e-05	0.2902043697720723	0.0004010519499722941
KIRP	cytotoxicity score	MCPCOUNTER	288	-0.02681737936581685	-0.14877546790641402	0.09594429485258804	0.6503987568180856	-0.16033758569339196	0.0064874467977116355	0.7796012075900413	0.02430763764421343
KIRP	NK cell	MCPCOUNTER	288	0.035504073269245914	-0.08732216927456966	0.1572670001468613	0.5484442732588318	-0.06330041430488664	0.2851736838218468	0.7022202346883276	0.45707460115446424
KIRP	B cell	MCPCOUNTER	288	0.24189518824628578	0.12309453368014339	0.35386072169321425	3.338938442416205e-05	0.14090899512373534	0.016909865918564644	0.00027426994348418824	0.052894060593270203
KIRP	Monocyte	MCPCOUNTER	288	-0.020664053340886106	-0.1427494845563256	0.1020407567994515	0.7269445674602185	-0.08329469405751783	0.15931173664456663	0.834758666305273	0.300052451965441
KIRP	Macrophage/Monocyte	MCPCOUNTER	288	-0.020664053340886106	-0.1427494845563256	0.1020407567994515	0.7269445674602185	-0.08329469405751783	0.15931173664456663	0.834758666305273	0.300052451965441
KIRP	Myeloid dendritic cell	MCPCOUNTER	288	0.17775948653464227	0.05654359500086073	0.2938110040906206	0.0024641602567797034	0.02059174709164415	0.7283203277459268	0.010961167922649194	0.8322430695473718
KIRP	Neutrophil	MCPCOUNTER	288	0.4256382053779523	0.31986214589316525	0.5209347697893962	4.21341671428754e-14	0.4223856551243745	7.587554743805801e-14	2.2262782909276057e-12	3.7553593732000856e-12
KIRP	Endothelial cell	MCPCOUNTER	288	0.491593933229552	0.39279097768769095	0.5791775333450575	6.270916917731412e-19	0.43287024914792266	1.55120959377903e-14	5.980313450812152e-17	8.423929877327787e-13
KIRP	Cancer associated fibroblast	MCPCOUNTER	288	0.2340418985289421	0.1148876862989745	0.3465570145683039	6.061916067598568e-05	0.14720262948657914	0.012542500563625507	0.00045756934023765257	0.041808335212085025
KIRP	Myeloid dendritic cell activated	XCELL	288	-0.14100758528518248	-0.25898263847060243	-0.01888706533875599	0.016640905291411004	-0.3073011225862966	1.081983964733326e-07	0.053206934880797606	1.692222920842922e-06
KIRP	B cell	XCELL	288	-0.2084066959512069	-0.32262046458118177	-0.08821110617434531	0.00037004731887470336	-0.3138901641453691	5.561974047610088e-08	0.00220898475847342	9.538297599190984e-07
KIRP	T cell CD4+ memory	XCELL	288	0.19499903357945114	0.0743271179926928	0.31004277284221715	0.0008783540077011265	0.10623615922253864	0.07233739826909574	0.004498754652911309	0.16708233211447698
KIRP	T cell CD4+ naive	XCELL	288	-0.013768466716882357	-0.13598583007651463	0.10886168561841235	0.8160304933143907	-0.04689632933039775	0.4286857908536928	0.8910996220228344	0.600774710479548
KIRP	T cell CD4+ (non-regulatory)	XCELL	288	0.21248879453767486	0.09244752144774546	0.32644187725809404	0.0002813050247565021	0.21042264812103767	0.00033131338283710985	0.0017486941819372342	0.001980787961610244
KIRP	T cell CD4+ central memory	XCELL	288	-0.22643484486383678	-0.33946928003284804	-0.10695363873031412	0.00010597712268969683	-0.16215364970462082	0.005899540127293726	0.0007360045288041112	0.022570647649430987
KIRP	T cell CD4+ effector memory	XCELL	288	-0.3169416941615986	-0.42297337937417356	-0.202347877421227	3.8484276315164626e-08	-0.39522022704273874	3.619732998520269e-12	6.458091003961103e-07	1.3740928178848788e-10
KIRP	T cell CD8+ naive	XCELL	288	-0.18744250365204257	-0.30293622406220283	-0.06652269040471187	0.0013956910124956923	-0.18662408923398444	0.00149444012480291	0.006646957197147572	0.007178089620844695
KIRP	T cell CD8+	XCELL	288	-0.13640085797175305	-0.2545952745980349	-0.01419125565515146	0.02058203753202204	-0.2469804998566163	2.3204265612820096e-05	0.0632174130009475	0.0001980975514107567
KIRP	T cell CD8+ central memory	XCELL	288	-0.1257381324576871	-0.24442158862436855	-0.0033429794952370574	0.032921495767881566	-0.2783489639703066	1.6682599988970159e-06	0.09058624099395983	1.9718992134616958e-05
KIRP	T cell CD8+ effector memory	XCELL	288	-0.11104385773548851	-0.23035831056438807	0.01155994437115754	0.059821644273592045	-0.1421958134203686	0.01592198607847909	0.1448313492939597	0.05051305453611705
KIRP	Class-switched memory B cell	XCELL	288	-0.012325623293046463	-0.13456914954463492	0.11028744811120546	0.8350173821094401	-0.033684605481028	0.5698147835572543	0.903066025563843	0.7184814790394338
KIRP	Common lymphoid progenitor	XCELL	288	0.37865230901593117	0.26866212463442984	0.4788951051221298	2.98840776842749e-11	0.3894744299536532	7.844662073740008e-12	9.577601946353676e-10	2.81400263379114e-10
KIRP	Common myeloid progenitor	XCELL	288	-0.05061623849901488	-0.17199686069300701	0.07227834952266209	0.39210893888010284	-0.07559631558770834	0.20162991883468934	0.5663634839383828	0.3562462641860078
KIRP	Myeloid dendritic cell	XCELL	288	-0.1638388711550466	-0.28065512593178077	-0.042239640212515056	0.005316496217172774	-0.3090048629931218	9.123704848789843e-08	0.020787500209145545	1.4620363097855854e-06
KIRP	Endothelial cell	XCELL	288	-0.1544492222339522	-0.27175644480072714	-0.03261949291357438	0.00865311030530333	-0.29725854881989866	2.89225503665193e-07	0.031356497955269715	4.053303653515787e-06
KIRP	Eosinophil	XCELL	288	-0.17577410353340528	-0.29193737360224986	-0.05450049247321367	0.002759310695518146	-0.2442761021651129	2.866852639061893e-05	0.012014370623024444	0.00024093532560215614
KIRP	Cancer associated fibroblast	XCELL	288	-0.10288266498967853	-0.22252598605739068	0.019813561193937287	0.08133159551829018	-0.12965857772113715	0.028074172474722964	0.18328907116801996	0.0794283750912929
KIRP	Granulocyte-monocyte progenitor	XCELL	288	0.1258223486805226	0.0034285485117507906	0.24450204482356305	0.03280355025177574	0.11508401986225028	0.05146115954436862	0.09045266677323212	0.12823800033100347
KIRP	Hematopoietic stem cell	XCELL	288	0.045431100384187836	-0.0774463468959581	0.1669490044829272	0.442466405916145	-0.09374888049828389	0.11301913918864408	0.611538935006054	0.23319516318079067
KIRP	Macrophage	XCELL	288	-0.27410186408384174	-0.3836713822105992	-0.15692199073544172	2.333279519525469e-06	-0.4350199870393588	1.1126049611728816e-14	2.5844540853667373e-05	6.214693425979953e-13
KIRP	Macrophage M1	XCELL	288	-0.29917200867118005	-0.4067194395288045	-0.18344547142278764	2.2910811017875438e-07	-0.44054490692799697	4.6847726618855205e-15	3.3178248548108506e-06	2.6937442805841744e-13
KIRP	Macrophage M2	XCELL	288	-0.3220236915003307	-0.4276093711635775	-0.20776957173734628	2.2604501882601825e-08	-0.41447146168650784	2.426049766688701e-13	3.9633902404023827e-07	1.1292684033039073e-11
KIRP	Mast cell	XCELL	288	0.03905393691925486	-0.08379338713207696	0.16073193533797853	0.5091660279981086	-0.03606634193767684	0.5428333008442117	0.671182081980292	0.6972661650134255
KIRP	B cell memory	XCELL	288	-0.27990839168111964	-0.38902174591647576	-0.1630501228521741	1.390487596989122e-06	-0.3233832769113011	2.071798908894135e-08	1.637592320550442e-05	3.913397939022255e-07
KIRP	Monocyte	XCELL	288	-0.1627930108837225	-0.2796649446663291	-0.04116698900207837	0.0056199263224089874	-0.3666740912538046	1.461322451753025e-10	0.021756348436256574	4.361657088820097e-09
KIRP	B cell naive	XCELL	288	-0.09940384606281187	-0.2191826504039121	0.02332670090584717	0.09222507954049355	-0.1946064533224776	0.0009190703071996722	0.19986672748822365	0.004734604612846796
KIRP	Neutrophil	XCELL	288	-0.02578975728601212	-0.14776974202327614	0.09696306150314742	0.662955868850629	-0.06221927737412254	0.29349774549647617	0.7899342241007252	0.466873956424419
KIRP	NK cell	XCELL	288	-0.053190016131974466	-0.17450012981430418	0.06971062702187351	0.3684525906207852	-0.014064053049264318	0.8124767360739256	0.5449929685518617	0.8835011962188134
KIRP	T cell NK	XCELL	288	-0.20020491618070616	-0.3149311843762443	-0.07971239684018	0.0006320416110529627	-0.15848263258117767	0.007141533151941212	0.0034275765592469963	0.026194554056369734
KIRP	Plasmacytoid dendritic cell	XCELL	288	-0.39602729914348883	-0.4944947790857635	-0.2875233165987854	2.9729999814129277e-12	-0.45341027435467246	5.875734135773438e-16	1.1861663191147497e-10	4.102521512656097e-14
KIRP	B cell plasma	XCELL	288	-0.14449302340131404	-0.2622988748267227	-0.022443486713710416	0.014113678957383776	-0.11754069662836034	0.0466485824630588	0.04637351657426098	0.11921304407226138
KIRP	T cell gamma delta	XCELL	288	-0.09078851961707203	-0.2108907228638124	0.032013994048575585	0.12424241386050108	-0.09160058865444941	0.12155086023859735	0.249377740346283	0.2458685274355487
KIRP	T cell CD4+ Th1	XCELL	288	-0.37247229471900556	-0.47333123793912046	-0.2619737653101813	6.574985858823132e-11	-0.28982261934060627	5.849586548939543e-07	1.9475905081817006e-09	7.941626182761671e-06
KIRP	T cell CD4+ Th2	XCELL	288	0.08896953892631013	-0.033845800055539214	0.209137809720695	0.13199393734290743	0.04752642246135441	0.4225019269095879	0.26026567601656514	0.5944521533704529
KIRP	T cell regulatory (Tregs)	XCELL	288	0.13362185153766393	0.011361114745215204	0.2519462440621244	0.02333190152708745	0.12097686872778604	0.040553936798643386	0.07001361087560393	0.10706677439749875
KIRP	immune score	XCELL	288	-0.24531621447126564	-0.35703807627399453	-0.1266746638133207	2.558807037664254e-05	-0.45607476792428503	3.7803139365189435e-16	0.0002179724513565846	2.6874595439616487e-14
KIRP	stroma score	XCELL	288	-0.1215336045539494	-0.24040270290861357	0.0009268098301672631	0.03928679622200615	-0.21970149218568982	0.00017565638684410918	0.10456866795646293	0.0011446941209341114
KIRP	microenvironment score	XCELL	288	-0.21248767507488944	-0.32644082979544514	-0.09244635906954951	0.0002813263780086904	-0.5052907252141359	5.2732128926820115e-20	0.0017486941819372342	6.064194826584313e-18
KIRP	B cell	EPIC	288	0.3822414076544081	0.27255132375805596	0.4821226784036616	1.8759312531311238e-11	0.3127182046526077	6.26826151597651e-08	6.434115087493591e-10	1.0564182123908688e-06
KIRP	Cancer associated fibroblast	EPIC	288	0.2474454390901463	0.1289044753327804	0.35901433678733935	2.164008744045175e-05	0.15947821260323203	0.006783500600762773	0.00018844708661952417	0.025164599002829642
KIRP	T cell CD4+	EPIC	288	0.415828751766325	0.30912162141921085	0.5121959803053528	1.8084433303007967e-13	0.3372283789967191	4.6108082857405726e-09	8.127601633880593e-12	9.905637580904197e-08
KIRP	T cell CD8+	EPIC	288	0.3341172138530118	0.2206997550579237	0.43861925379176275	6.1211262933164315e-09	0.28001589053819004	1.4367952301802226e-06	1.2149037465414845e-07	1.750115062306751e-05
KIRP	Endothelial cell	EPIC	288	0.2768413981347916	0.15981213469891623	0.38619661391893456	1.830399286544827e-06	0.2104918512451825	0.0003297819073823963	2.0624960260490702e-05	0.0019746512371595242
KIRP	Macrophage	EPIC	288	-0.2210357194573061	-0.33443094235070414	-0.10133164610942326	0.00015578179625278343	-0.38853152370239374	8.893587863095897e-12	0.0010394314391610634	3.1612662313368143e-10
KIRP	NK cell	EPIC	288	-0.34532245621149765	-0.448792528830637	-0.23271589237131887	1.7327915107328635e-09	-0.40293331314194425	1.2515505600233826e-12	3.985420474685586e-08	5.151118620727817e-11
KIRP	uncharacterized cell	EPIC	288	-0.2584733507206706	-0.36923401584740967	-0.14047257146938308	8.86748262672236e-06	0.03395070203089158	0.5667689864613324	8.580532860109948e-05	0.7167098114695375
LAML	B cell naive	CIBERSORT	167	0.19809556532566355	0.038500189904625254	0.347836084143106	0.01028153382346139	0.203283389200245	0.008618730233231214	0.03631508333309308	0.030607843062610395
LAML	B cell memory	CIBERSORT	167	0.062018822100252044	-0.09979848525431911	0.22064007970577557	0.425911762004543	0.0674854219175573	0.3876405803063096	0.5956062193983416	0.5624024745816959
LAML	B cell plasma	CIBERSORT	167	0.2668178539798136	0.11074815633705368	0.4100446897237389	0.0004911157528293383	0.26319764828261727	0.0006124281989186507	0.002803303056295931	0.003377424905179019
LAML	T cell CD8+	CIBERSORT	167	-0.011917701188891155	-0.17240917567273426	0.14919015944754085	0.8785092298740597	0.005057429121540641	0.9484379804391996	0.9271929108614523	0.9687545724966745
LAML	T cell CD4+ naive	CIBERSORT	167	-0.27140704394483667	-0.41415197378583746	-0.11563226572076109	0.0003884054551337057	-0.26782913604219566	0.00048552454149408843	0.002304499741385113	0.0027433539844535925
LAML	T cell CD4+ memory resting	CIBERSORT	167	0.2306645189111496	0.07253328863091656	0.37748334904368314	0.0027086493964790103	0.24542425556426223	0.0014372470680002534	0.011806933266703378	0.006972253146254332
LAML	T cell CD4+ memory activated	CIBERSORT	167	-0.04372238093033071	-0.203116085348165	0.11792875580676539	0.5747687216912192	-0.034514721489818094	0.6588782634761894	0.7221547885002143	0.7840927250148481
LAML	T cell follicular helper	CIBERSORT	167	-0.0938187750001616	-0.2508557531113903	0.06802958184495216	0.2278324002127942	-0.10359028276199336	0.18412580718415317	0.38798984531011554	0.3329934810777238
LAML	T cell regulatory (Tregs)	CIBERSORT	167	-0.22964306239214272	-0.3765580745957026	-0.07146028925581137	0.0028324964798283957	-0.22706045018109264	0.0032621817331683926	0.012251173933771047	0.013744752776603896
LAML	T cell gamma delta	CIBERSORT	167	0.0690027096046116	-0.09284957454338352	0.22730222183717327	0.3755794591967778	0.06507246073464093	0.40487402548013063	0.5518660975044725	0.5792379947410577
LAML	NK cell resting	CIBERSORT	167	0.1909216987340167	0.031053251331450402	0.34126527399857753	0.01345480736133195	0.20887155806477378	0.006920597057144665	0.04465899557114425	0.02555196836018474
LAML	NK cell activated	CIBERSORT	167	-0.04472860279069122	-0.204082486795755	0.11693446520597922	0.5659902471918232	-0.049074986209377516	0.5300775238185916	0.7166521588471595	0.688444727479351
LAML	Monocyte	CIBERSORT	167	-0.2928684108988382	-0.4332828545352999	-0.13857324492259582	0.00012261929323857467	-0.29167419257366295	0.00013739758676484677	0.0008411253273032051	0.0009136472181131818
LAML	Macrophage M0	CIBERSORT	167	-0.05362011417569797	-0.21260864689686593	0.10813427768433577	0.49131715055081426	-0.060744300179155795	0.43689923172090456	0.6556484841821446	0.6100244023689536
LAML	Macrophage M1	CIBERSORT	167	-0.04541280042812867	-0.20473943052005922	0.1162581952807896	0.5600578359021454	-0.055435579784296724	0.4780848404789416	0.7109825124601911	0.6470445573806375
LAML	Macrophage M2	CIBERSORT	167	0.17305802415976013	0.012586404303248894	0.3248391737305485	0.025318543080319136	0.16740304265506345	0.031101175347126576	0.07454480681027698	0.08557747755613294
LAML	Myeloid dendritic cell resting	CIBERSORT	167	0.05712393405645384	-0.10465946818698073	0.21596185849146432	0.46340087293542115	0.05647209153116895	0.46988200682773407	0.631323140479964	0.6401528385701882
LAML	Myeloid dendritic cell activated	CIBERSORT	167	0.08192914954699819	-0.07994613969490302	0.23959417464072671	0.29253520311686476	0.08351530690312316	0.2847279084227428	0.46233332424694473	0.45701400736162745
LAML	Mast cell activated	CIBERSORT	167	0.19613559880254294	0.03646385602422844	0.34604233747135077	0.011075222755827126	0.19042064969471853	0.013995158207778665	0.03859547324000362	0.04561851472559907
LAML	Mast cell resting	CIBERSORT	167	0.023491761316508975	-0.1378509569012335	0.18361996556283786	0.7631538073387799	0.028442968344130345	0.716032367226458	0.8564671029548305	0.8253792912309702
LAML	Eosinophil	CIBERSORT	167	0.2183573941100906	0.0596294627213162	0.366315536432017	0.004584052471656264	0.215407006008364	0.005317381611214446	0.018345593822083926	0.020747781554945915
LAML	Neutrophil	CIBERSORT	167	-0.11613086488101652	-0.27187513784491923	0.04554160651900442	0.1350368910416363	-0.11396276850716666	0.14374671935998634	0.2655906659822927	0.27929235828970733
LAML	B cell naive	CIBERSORT-ABS	167	0.189317959892094	0.02939089031055461	0.33979433787670565	0.014271636193663497	0.20980765921461608	0.006667294931556705	0.046774599762970895	0.024804113399035883
LAML	B cell memory	CIBERSORT-ABS	167	0.05875347438321014	-0.10304207300894785	0.2175200792122277	0.4507223572923201	0.07263528932132748	0.3523721999122938	0.6190110351292488	0.5284907179352009
LAML	B cell plasma	CIBERSORT-ABS	167	0.276827991739456	0.12141130545999457	0.4189961960783817	0.000292816348935406	0.2838054298200949	0.00021103048999107337	0.001805854770248324	0.0013482503527207465
LAML	T cell CD8+	CIBERSORT-ABS	167	0.01734374072899502	-0.14387949434078953	0.17767009243671922	0.8239528284189856	0.05447218368496594	0.4857780591267573	0.8961489733291331	0.6545114442403932
LAML	T cell CD4+ naive	CIBERSORT-ABS	167	-0.26776339207429845	-0.41089141329121814	-0.11175384222564123	0.0004680968287970243	-0.26376214305463536	0.0005954708034172741	0.0026987017313680347	0.00330723130875219
LAML	T cell CD4+ memory resting	CIBERSORT-ABS	167	0.19458694920099326	0.03485580267672371	0.34462424949461773	0.01173999975674634	0.24828341157628597	0.001257997881098548	0.04033690601834639	0.006202738606677582
LAML	T cell CD4+ memory activated	CIBERSORT-ABS	167	-0.043110905014624265	-0.20252865636033535	0.11853282286310089	0.5801343414379012	-0.033353765534847	0.6696672506555489	0.7274936738364958	0.7930863681725648
LAML	T cell follicular helper	CIBERSORT-ABS	167	-0.0871998600428019	-0.24459171045957895	0.07466919316169746	0.26248261913593546	-0.09409088355325443	0.2278973671174926	0.4303174175352233	0.38894749254884153
LAML	T cell regulatory (Tregs)	CIBERSORT-ABS	167	-0.2322380322938689	-0.3789081243274011	-0.07418691831577304	0.002527439824172699	-0.22871883547740424	0.0030370756259090843	0.011128704631210871	0.012935692480723878
LAML	T cell gamma delta	CIBERSORT-ABS	167	0.06709570968860105	-0.09474858991702707	0.22548454620288738	0.38894811885915964	0.06335611405028721	0.4174039128400027	0.5636341048394982	0.5915365346880792
LAML	NK cell resting	CIBERSORT-ABS	167	0.11686990757075132	-0.044793923764477675	0.2725688289232024	0.13255368521460295	0.1753314944526877	0.023855389518944406	0.2611373814377482	0.07007856725700423
LAML	NK cell activated	CIBERSORT-ABS	167	-0.027676387406037013	-0.18766302363294868	0.1337408075427156	0.7225600509724326	-0.02961678082682276	0.7048473379818431	0.8336411328717058	0.817547639130527
LAML	Monocyte	CIBERSORT-ABS	167	-0.23986637731408175	-0.3858055494430295	-0.08221600441115716	0.0017951418267228953	-0.23772462102035744	0.00204197092745559	0.008416072592909498	0.009316343437982913
LAML	Macrophage M0	CIBERSORT-ABS	167	-0.05362011417569797	-0.21260864689686593	0.10813427768433577	0.49131715055081426	-0.060744300179155795	0.43689923172090456	0.6556484841821446	0.6100244023689536
LAML	Macrophage M1	CIBERSORT-ABS	167	-0.04726671746745701	-0.2065187786389968	0.11442500564459969	0.5441350274322576	-0.056397010915737227	0.47047358548106416	0.6988673075528337	0.6403050380826193
LAML	Macrophage M2	CIBERSORT-ABS	167	0.14538746502359484	-0.015803974119704918	0.29921332988493	0.060836524305382424	0.148336661079377	0.05648070395319643	0.14638203694402785	0.1369972409782866
LAML	Myeloid dendritic cell resting	CIBERSORT-ABS	167	0.05712393405645384	-0.10465946818698073	0.21596185849146432	0.46340087293542115	0.05647209153116895	0.46988200682773407	0.631323140479964	0.6401528385701882
LAML	Myeloid dendritic cell activated	CIBERSORT-ABS	167	0.09137182586816153	-0.07048585368145627	0.24854152809475913	0.2402453403881742	0.09511610312815584	0.2228476689665615	0.4031100961039812	0.38233189366356096
LAML	Mast cell activated	CIBERSORT-ABS	167	0.22477687428553225	0.06635357417265408	0.37214606684355456	0.0034957596097053263	0.22547164455925178	0.003491857564601389	0.014571876411458238	0.014524641571905778
LAML	Mast cell resting	CIBERSORT-ABS	167	0.02974342022446065	-0.13170851213360055	0.18965812934739135	0.7027824419496081	0.03640192498259753	0.6414901024294849	0.8202624919471546	0.7698668816756556
LAML	Eosinophil	CIBERSORT-ABS	167	0.22540893564465506	0.06701640853549275	0.3727195120202204	0.003402345251791962	0.2339894467298648	0.002411753733674703	0.014335312429425186	0.010643292436419965
LAML	Neutrophil	CIBERSORT-ABS	167	-0.11532689897727282	-0.2711203237369227	0.04635476584710433	0.13777852440826927	-0.11267564270041736	0.14835642820077216	0.2693555721269478	0.2850484689262993
LAML	B cell	QUANTISEQ	167	0.21035022513092377	0.05126246049081915	0.3590266572869219	0.006362243219807174	0.2505823181216684	0.0011289710197016935	0.0241752876476638	0.005652082825907325
LAML	Macrophage M1	QUANTISEQ	167	0.1238131863804501	-0.03776061693678965	0.27907813630477235	0.11090437188564807	0.1257295418945309	0.10650943924287529	0.2303356048806732	0.2233737700599966
LAML	Macrophage M2	QUANTISEQ	167	-0.1211497829204739	-0.27658288768055556	0.040460448532036515	0.11885649342242988	-0.11643105178105005	0.13521239719292172	0.24098755331464117	0.2674155149339018
LAML	Monocyte	QUANTISEQ	167	-0.36246347567449455	-0.4944621701125917	-0.21412324451207043	1.4824358677596786e-06	-0.37393755619540725	6.952854152537284e-07	1.735426420042019e-05	9.092193891779524e-06
LAML	Neutrophil	QUANTISEQ	167	-0.02842245219993477	-0.18838327969021448	0.13300743724720637	0.7153995988675949	-0.02702737947926673	0.7296017882585029	0.8292951175725751	0.8329176619243055
LAML	NK cell	QUANTISEQ	167	0.2810754752227153	0.12594673925776678	0.4227861504274466	0.00023371619023239217	0.2815203715119307	0.00023847867312366748	0.0014956306117981234	0.0014887625837319426
LAML	T cell CD4+ (non-regulatory)	QUANTISEQ	167	-0.06734774359700925	-0.22572483804231458	0.09449767879643182	0.38716500552396055	-0.05081124950441569	0.5156079425349329	0.562401917721603	0.67837130004497
LAML	T cell CD8+	QUANTISEQ	167	-0.08062206205561312	-0.23835353768196202	0.08125337113722915	0.30032890460190803	-0.0653585764207152	0.4028071761015048	0.4716008100375343	0.5769143071636937
LAML	T cell regulatory (Tregs)	QUANTISEQ	167	0.20583201635517057	0.04655104431631336	0.3549057388530151	0.007616945282149509	0.21842173399647763	0.004696866779654761	0.028087658921461495	0.01873953990658175
LAML	Myeloid dendritic cell	QUANTISEQ	167	0.16261835698389723	0.0018446815315990817	0.31519705436736056	0.03575477273027908	0.18625308314964142	0.01627753279108345	0.09699251425281026	0.05143427148259895
LAML	uncharacterized cell	QUANTISEQ	167	0.21906666801067587	0.06037168747721277	0.36696031005521457	0.0044504248603246315	0.216332658521652	0.005119474766237965	0.01797640620234433	0.02015620447127225
LAML	T cell	MCPCOUNTER	167	-0.005559023235172314	-0.16623232807247315	0.1554018266477612	0.9431594825137793	0.032701094075845975	0.6757626225510739	0.9661368140719084	0.797490263848867
LAML	T cell CD8+	MCPCOUNTER	167	-0.1101807423325323	-0.2662842431068916	0.05155469870003201	0.1563443944420217	-0.10145836914225757	0.19336766232188435	0.29517459307981886	0.3453940427951429
LAML	cytotoxicity score	MCPCOUNTER	167	-0.09904594793587083	-0.2557933951561708	0.06277591314310167	0.20284924383135342	-0.08808890026702355	0.2590812001727206	0.3569489394152079	0.42869551107716364
LAML	NK cell	MCPCOUNTER	167	0.08071727503510688	-0.08115816647457982	0.23844392755188934	0.2997565949164062	0.14227572178236603	0.06746607884733571	0.4712699180229788	0.1577705551992121
LAML	B cell	MCPCOUNTER	167	0.09352557376142973	-0.06832400365956286	0.2505785499232646	0.2292954084004766	0.1469589862732206	0.05883849830826955	0.389463530341383	0.14176535428379863
LAML	Monocyte	MCPCOUNTER	167	-0.06372328303159401	-0.22226738318306893	0.09810401545552358	0.41328120660159806	-0.05384184654662933	0.4908473196299101	0.5850909418317036	0.6581663305051263
LAML	Macrophage/Monocyte	MCPCOUNTER	167	-0.06372328303159401	-0.22226738318306893	0.09810401545552358	0.41328120660159806	-0.05384184654662933	0.4908473196299101	0.5850909418317036	0.6581663305051263
LAML	Myeloid dendritic cell	MCPCOUNTER	167	0.03899819057981486	-0.12259259991807477	0.1985746956488808	0.6168125765089424	0.06550269505146329	0.40176846574541536	0.7576931115771174	0.5764824591062657
LAML	Neutrophil	MCPCOUNTER	167	-0.16845064289495265	-0.3205876636351043	-0.00784114521172897	0.029548809181669054	-0.16199501176565637	0.037052816015735776	0.08335919473327995	0.09896581753400037
LAML	Endothelial cell	MCPCOUNTER	167	0.28423549903351036	0.12932520331747316	0.4256025715870133	0.0001971642211191325	0.32673538956361475	1.7359594166858056e-05	0.001286998505134905	0.0001545199780201812
LAML	Cancer associated fibroblast	MCPCOUNTER	167	-0.028713675519239982	-0.18866438199016458	0.13272112119665655	0.7126112245197274	-0.008694030666344877	0.9114812022928335	0.8277807153511985	0.9486003462776096
LAML	Myeloid dendritic cell activated	XCELL	167	0.14681099101320672	-0.01434973089909977	0.30053710091889235	0.058326260934481115	0.14848187729714735	0.05623678135084123	0.14271319164819846	0.13683000316228328
LAML	B cell	XCELL	167	-0.040748253743168476	-0.20025784025486854	0.12086572367327256	0.6010817100523779	-0.026361097091734023	0.736018035374114	0.746495850280297	0.8377963663210439
LAML	T cell CD4+ memory	XCELL	167	0.05106021280429895	-0.11067048779061044	0.21015641079267514	0.5122649802138063	0.05526056922845368	0.47947746676724573	0.672633397960934	0.648480420290533
LAML	T cell CD4+ naive	XCELL	167	-0.07907903079819559	-0.2368882891346172	0.08279585587458445	0.3097043952668706	-0.07000463267846611	0.37012923042200435	0.4826401695868729	0.5459092006601423
LAML	T cell CD4+ (non-regulatory)	XCELL	167	0.057672920196832164	-0.1041146692790178	0.2164869077063111	0.4591076758811013	0.06836581055936015	0.38146480499487273	0.627661193250037	0.5565400699738628
LAML	T cell CD4+ central memory	XCELL	167	-0.0021482162400986824	-0.16291385138425732	0.15872854000023803	0.9780189939174311	0.01686425711216053	0.8292572709006656	0.9878724531689888	0.8956525084565364
LAML	T cell CD4+ effector memory	XCELL	167	-0.08418375832564824	-0.2417329527973696	0.07768997330813085	0.279410697510383	-0.08462126379592315	0.27837551644804986	0.448111496007218	0.4508899210074047
LAML	T cell CD8+ naive	XCELL	167	-0.01909904689198526	-0.17937002239440888	0.14215952119000694	0.8064698863783427	-0.024177691914947768	0.7571700634786678	0.8842673179302636	0.8519525030795945
LAML	T cell CD8+	XCELL	167	-0.1281410278939696	-0.28312827142630526	0.03336854595946982	0.09887749099731166	-0.11920605677918558	0.12608682105654703	0.2109964316419049	0.2532097947257827
LAML	T cell CD8+ central memory	XCELL	167	-0.008053473608397534	-0.16865695199098835	0.15296656353587637	0.9177297990094623	0.01694781467521226	0.8284242997899001	0.9533271822866625	0.895037030168143
LAML	T cell CD8+ effector memory	XCELL	167	0.004540608591835369	-0.15639551467223528	0.1652418627913623	0.9535597137996773	0.011672852883670693	0.8813462341245868	0.9723821873880296	0.9293591627365518
LAML	Class-switched memory B cell	XCELL	167	-0.17209090162249735	-0.3239472595008067	-0.011589740489120495	0.026160653280875343	-0.16536723801611283	0.033238556435963594	0.07628576120921253	0.09069278134306884
LAML	Common lymphoid progenitor	XCELL	167	0.2524192934463739	0.09547306122544534	0.3971202905998183	0.0009985594176237628	0.25373584585770304	0.0009716557429890738	0.005037893319882468	0.004966240464166377
LAML	Common myeloid progenitor	XCELL	167	0.00601250942071462	-0.1549592460476574	0.16667326448763378	0.9385313839081503	-0.016305880730431974	0.8348284691315692	0.9634134810324649	0.8989753000012216
LAML	Myeloid dendritic cell	XCELL	167	-0.10471542519496266	-0.2611396129123109	0.05706754143121908	0.17805651000371361	-0.09884314069912752	0.20516002266940508	0.32563187750913014	0.3610607822725233
LAML	Endothelial cell	XCELL	167	0.19559267866311103	0.03590001618467751	0.3455452671261037	0.011304406396485027	0.20622128762886963	0.007684810241865199	0.03918460018639757	0.027925286287818707
LAML	Eosinophil	XCELL	167	-0.013169911892871498	-0.17362409290465322	0.1479653990392929	0.8658581621464181	-0.01929882993953778	0.805069087726969	0.9219785985818341	0.8798671037518219
LAML	Cancer associated fibroblast	XCELL	167	0.059998043773507266	-0.10180620299517056	0.21870963307465394	0.4411716335242518	0.05760400877776497	0.46101288183642375	0.6103967045576166	0.6333662571962111
LAML	Granulocyte-monocyte progenitor	XCELL	167	0.1670313498671276	0.00638083512482539	0.3192767597370557	0.030967632708553055	0.16636825754069642	0.03217251638512979	0.08650357534382543	0.08821496428180747
LAML	Hematopoietic stem cell	XCELL	167	0.17616035615160908	0.01578565205875907	0.32769843193136156	0.02277228366370574	0.2041464291461157	0.008334471050379252	0.06870341753479124	0.029760531330577968
LAML	Macrophage	XCELL	167	-0.019502172152435365	-0.17976029480784148	0.1417643729935761	0.8024678963272608	-0.022533448572934135	0.7732196802055475	0.8810176323817783	0.8628107732887246
LAML	Macrophage M1	XCELL	167	-0.04386196053727254	-0.2032501597587136	0.11779085062258106	0.5735471980828379	-0.04390260184510346	0.5743598531152471	0.721083454824404	0.7219715296950725
LAML	Macrophage M2	XCELL	167	-0.1339086203149675	-0.28851719390111874	0.02750564454040296	0.0844802507013966	-0.1337311449103945	0.08584954589515001	0.1879198928106864	0.1908309974133238
LAML	Mast cell	XCELL	167	0.22527131615968404	0.06687207689989695	0.3725946646887707	0.0034224905304216804	0.22627352741147663	0.0033741766070687212	0.014387268988349676	0.014136923654781539
LAML	B cell memory	XCELL	167	-0.056784323627107905	-0.21563700977960537	0.10499643973035161	0.4660677617834121	-0.046569673103496065	0.5513103240834231	0.6338521560254404	0.7035324305372664
LAML	Monocyte	XCELL	167	-0.30720899213506964	-0.4459960565890266	-0.153995358861863	5.3842049271266785e-05	-0.30380688494380603	6.91568698296908e-05	0.00041511449166744516	0.0005114379425361385
LAML	B cell naive	XCELL	167	-0.17542027615136177	-0.32701659066815364	-0.015022153860619804	0.0233587840623359	-0.16905838737556605	0.029450467875394633	0.07003898137851455	0.08219224082283584
LAML	Neutrophil	XCELL	167	-0.17980680160297463	-0.3310556261653313	-0.019550214031399425	0.02006412251588168	-0.19328327179365973	0.012594397810267144	0.06211458356064717	0.04188572098784113
LAML	NK cell	XCELL	167	-0.15546721545293554	-0.30857400157098763	0.005492017577054483	0.044834449637206515	-0.16907702706116123	0.0294323140572254	0.11624847352883122	0.08219224082283584
LAML	T cell NK	XCELL	167	-0.26072728871826256	-0.4045847026336395	-0.10427780764679212	0.0006662912724593701	-0.26091576017144447	0.0006856131679008805	0.0035687655826248453	0.003692489650816037
LAML	Plasmacytoid dendritic cell	XCELL	167	-0.16895430642492348	-0.32105272313095373	-0.008359529174247374	0.029058811343480574	-0.16342519768543784	0.03539229592619907	0.08231289805991428	0.09530570046242312
LAML	B cell plasma	XCELL	167	-0.1442488041095573	-0.2981540353113137	0.016966714669023376	0.06290771039351083	-0.14603456489240826	0.060465524968329805	0.14934374477147985	0.14459951230958382
LAML	T cell gamma delta	XCELL	167	-0.007603296836290088	-0.1682195205751579	0.15340620337140062	0.9223137219329988	-0.006979365283842217	0.9288876571257921	0.956197048680885	0.9585512640173786
LAML	T cell CD4+ Th1	XCELL	167	0.22840544209483568	0.07016070878320153	0.3754365978470334	0.0029894042663918055	0.22588678302931597	0.0034304794113633763	0.012856652981523102	0.014315020809424546
LAML	T cell CD4+ Th2	XCELL	167	0.12651416747350433	-0.03502028265628133	0.2816064505679259	0.10327138894459574	0.11946558223933817	0.12525828834509692	0.21779456891767493	0.251804579655182
LAML	T cell regulatory (Tregs)	XCELL	167	-0.07179147811301023	-0.22995837936510868	0.09007036080405117	0.35654296247132744	-0.06539627325396347	0.4025353287382821	0.5333140716384431	0.5768656055415559
LAML	immune score	XCELL	167	-0.31453893925082743	-0.452472639958923	-0.16190704911363332	3.476449539843638e-05	-0.31546033395486445	3.474268959284732e-05	0.0002831857854330963	0.00028419229353144986
LAML	stroma score	XCELL	167	0.17316200252028027	0.012693577725383775	0.32493505014077956	0.02522940468852952	0.18133617668540078	0.019381160406609133	0.07433833634675992	0.05938897898890417
LAML	microenvironment score	XCELL	167	-0.3109304052805569	-0.4492860344249999	-0.1580096691651059	4.318073830614272e-05	-0.3136490298161726	3.873971856452262e-05	0.00034316399751426434	0.00031231401976759474
LAML	B cell	EPIC	167	0.10768530131132056	-0.054073063136518565	0.26393632924791405	0.1659974637799026	0.15455815057670097	0.046783047836425284	0.30833733177169553	0.11947858722431277
LAML	Cancer associated fibroblast	EPIC	167	-0.04666745253091121	-0.2059437327419931	0.11501769107103542	0.549257479162541	-0.050948914210085815	0.5144694331007862	0.7022202346883276	0.6782115588078469
LAML	T cell CD4+	EPIC	167	0.14496876189669408	-0.016231582385226193	0.2988238550547123	0.061591526687241736	0.2550721257285964	0.0009112782615152777	0.14723204040179622	0.004706866581934922
LAML	T cell CD8+	EPIC	167	-0.23904959383062888	-0.3850678062050686	-0.08135533330930503	0.0018630752490694453	-0.23437892754091347	0.002370540298626025	0.008682508014137702	0.010508857786426028
LAML	Endothelial cell	EPIC	167	0.046390467595670885	-0.11529159601091088	0.20567790485812676	0.5516330541918192	0.07410244950136709	0.34270494731890344	0.7041740913777385	0.5191694475075213
LAML	Macrophage	EPIC	167	-0.1806920887305511	-0.33187011139157213	-0.020464863622492075	0.0194502984407054	-0.17457625846003577	0.024476562267867593	0.06069486584449969	0.07131397799356355
LAML	NK cell	EPIC	167	-0.09469148709348789	-0.2516806946950073	0.06715306985372398	0.22351680543762173	-0.08474868463600188	0.27764982515841	0.3829757709294921	0.45027408393587026
LAML	uncharacterized cell	EPIC	167	0.04837702931725506	-0.1133265799607873	0.20758392703625028	0.5347068434896998	0.015319675347512203	0.844688254861614	0.691598993729648	0.9064247340004716
LGG	B cell	TIMER	509	0.04974726795784322	-0.042544823997768565	0.1411975291525601	0.2625928119456854	0.05554067823201048	0.21140757361924462	0.4303176423753688	0.3681976003791744
LGG	T cell CD4+	TIMER	509	-0.09927281906475192	-0.18963619292302242	-0.007241860218674473	0.02510875214495422	-0.10488173669110455	0.01804878204158484	0.07426264817456203	0.055875485180203265
LGG	T cell CD8+	TIMER	509	0.14020304430102637	0.04873515812247501	0.2293389198922261	0.0015190255710903018	0.15581205095252124	0.00042392425688743423	0.007199260585409794	0.002454325544692264
LGG	Neutrophil	TIMER	509	0.07621526305387144	-0.01599417273505308	0.16713924691461016	0.08583923632231337	0.08757426317851724	0.04852373361062291	0.18983677263588536	0.12272173248223517
LGG	Macrophage	TIMER	509	-0.053685637734142755	-0.1450655601035408	0.038602393227996565	0.2266254140179016	-0.042555073619681555	0.33845948444868384	0.3866079270549717	0.5149325230328226
LGG	Myeloid dendritic cell	TIMER	509	-0.041491739061277344	-0.133080372130932	0.0507995491511177	0.35020219218614707	-0.03556368462235817	0.4238016545277925	0.5284795721527731	0.5958520205694602
LGG	B cell naive	CIBERSORT	509	-0.07017237747134106	-0.16122758494500797	0.022067406387587217	0.11382812244055208	-0.06167930771833237	0.1651132162158161	0.23461674156170723	0.3075763599320379
LGG	B cell memory	CIBERSORT	509	0.08602474710381368	-0.0061209160158613544	0.1767218138839607	0.0524244351865376	0.08002315621543826	0.07153311575167132	0.13164048121830418	0.16559768063293953
LGG	B cell plasma	CIBERSORT	509	0.014113117882232774	-0.07808554533983945	0.10607241659865786	0.7507584484701135	0.02351581428204082	0.5969532148252198	0.8481553116203825	0.7346827415695969
LGG	T cell CD8+	CIBERSORT	509	0.0076312463033693404	-0.08452532879751067	0.09965837411719325	0.8636356674228479	0.023121038527758576	0.6031280434396449	0.9213684746584817	0.7389723296962688
LGG	T cell CD4+ naive	CIBERSORT	509	0.1217435634352563	0.029982565753721692	0.2114696844251239	0.0059569169088370425	0.11225633740498152	0.011344509473944832	0.02287396345077013	0.038504368092989835
LGG	T cell CD4+ memory resting	CIBERSORT	509	-0.020549196728167653	-0.11243358293520214	0.07168363552200607	0.643708443080291	-0.02394477607178925	0.5902763752775066	0.7750697818638169	0.7310947483906748
LGG	T cell CD4+ memory activated	CIBERSORT	509	-0.0293347354674378	-0.12110472269763874	0.0629324550863141	0.5090377336868681	-0.021725371804767368	0.6251840961156189	0.671182081980292	0.7570120063964246
LGG	T cell follicular helper	CIBERSORT	509	0.0912317489906676	-0.0008727533773234502	0.18180138926488545	0.03963680287049969	0.09642485363089148	0.029778984654168828	0.10528525762476482	0.08281353484907547
LGG	T cell regulatory (Tregs)	CIBERSORT	509	-0.008518569460630215	-0.10053686398994931	0.08364422178569422	0.847962590260701	-0.017135594732016778	0.700019927137071	0.9120349279153954	0.8146065223529605
LGG	T cell gamma delta	CIBERSORT	509	-0.011081131619201854	-0.1030731106306651	0.0810988023538282	0.8030554582630839	-0.007738184637863653	0.8618789919928059	0.8810176323817783	0.9164935704900383
LGG	NK cell resting	CIBERSORT	509	0.05720266131850335	-0.03507931296171974	0.14851741075396577	0.19759523838790286	0.04940591609970231	0.2663581319239714	0.3503843002706123	0.4370374720196089
LGG	NK cell activated	CIBERSORT	509	-0.032813535561483025	-0.12453435786203848	0.05946333397205844	0.46009772464097315	-0.027788213151594694	0.5320417330017754	0.6285751584018886	0.6890636555273076
LGG	Monocyte	CIBERSORT	509	-0.14412559108355327	-0.23312831794040026	-0.05272831413858032	0.001111506772639947	-0.15602083087395613	0.0004163369359194921	0.005475261503793528	0.0024260468248065784
LGG	Macrophage M0	CIBERSORT	509	0.10969788331036813	0.017780346409595905	0.19977673534791218	0.013275585907662224	0.11534829521524616	0.009265354616813624	0.044276333358893236	0.03254944883355011
LGG	Macrophage M1	CIBERSORT	509	0.040276653505798204	-0.052013452747748795	0.13188461456181816	0.3645037622953397	0.0506594476930112	0.2544008362020916	0.5408765505027622	0.4222033865465783
LGG	Macrophage M2	CIBERSORT	509	0.08274838597662519	-0.009420576552874005	0.17352315407187496	0.062111474307347536	0.07609263441496283	0.08665724036234272	0.14799260483956664	0.19218934192669315
LGG	Myeloid dendritic cell resting	CIBERSORT	509	0.03960347778556175	-0.05268585626307523	0.13122203205067995	0.37258147258059504	0.03822649078582826	0.3899140843010737	0.5491117820543259	0.564235406964174
LGG	Myeloid dendritic cell activated	CIBERSORT	509	-0.038350370637161166	-0.12998842597288846	0.05393730312310739	0.38790975488757123	-0.04069200898215261	0.3600493240496699	0.5627930024528399	0.5365064241746224
LGG	Mast cell activated	CIBERSORT	509	0.05903360817758538	-0.03324430472806207	0.1503135485685189	0.18360252330369853	0.052756011184746876	0.23524432927977842	0.3335900864858091	0.3978396745172723
LGG	Mast cell resting	CIBERSORT	509	-0.10913116148991814	-0.1992259760699322	-0.017206933385384503	0.013761883912913227	-0.10918816359789717	0.013805701068199503	0.04548517844420179	0.04512908905919166
LGG	Eosinophil	CIBERSORT	509	-0.02943878380166061	-0.12120733234074176	0.06282872857965549	0.5075355458315872	-0.03387809834901839	0.44611295695346775	0.670200602567209	0.6184712444247021
LGG	Neutrophil	CIBERSORT	509	0.04661243671347128	-0.045680834661981626	0.13811668857628112	0.29389764613702324	0.04650539739841411	0.29548605109624476	0.46396263144677824	0.46908260649058753
LGG	B cell naive	CIBERSORT-ABS	509	-0.058193504978124866	-0.14948949179457002	0.0340863486766156	0.18992924230445293	-0.042844672202550005	0.33517950377481043	0.34190761390902896	0.5123345816104412
LGG	B cell memory	CIBERSORT-ABS	509	0.08978093400951034	-0.002335546955632033	0.18038656442764733	0.042902233343737654	0.08488671102742196	0.055877691290667164	0.11235615028400149	0.1363806323011914
LGG	B cell plasma	CIBERSORT-ABS	509	0.023809920307723508	-0.06843732017721307	0.11565348164775936	0.5920058377977063	0.04516052593201292	0.30968773171245056	0.7374140891331736	0.4843516123982727
LGG	T cell CD8+	CIBERSORT-ABS	509	0.02432822571863632	-0.06792112501830577	0.11616512004514262	0.5839656239977112	0.045468286887436184	0.30639879799617714	0.7304240530489606	0.4811493186737346
LGG	T cell CD4+ naive	CIBERSORT-ABS	509	0.11489602375061823	0.023042682838113192	0.20482580860222785	0.009475721276060672	0.10600582142780869	0.01684369731903605	0.03380480856696827	0.052771519645377366
LGG	T cell CD4+ memory resting	CIBERSORT-ABS	509	0.004325551312779613	-0.08780659762403299	0.0963843239221448	0.9224489175509714	0.011465941302148076	0.7965604561317863	0.956197048680885	0.877091349894476
LGG	T cell CD4+ memory activated	CIBERSORT-ABS	509	-0.029085434030159486	-0.12085886040745755	0.06318097731018694	0.5126464260674126	-0.021463710644197286	0.6293575159661476	0.672633397960934	0.7604412507501969
LGG	T cell follicular helper	CIBERSORT-ABS	509	0.11640004754844246	0.024566231035615227	0.20628580930458873	0.008573994739338335	0.13752736566531917	0.001890933583730717	0.031127501792769626	0.008770522315998936
LGG	T cell regulatory (Tregs)	CIBERSORT-ABS	509	-0.0009440716801662871	-0.09303315212100424	0.09116102376816021	0.9830487283200648	-0.00812744445756706	0.8550059084765055	0.9898842461322311	0.9121618286884411
LGG	T cell gamma delta	CIBERSORT-ABS	509	-0.01109184037806952	-0.10308370690966447	0.08108816270967585	0.8028690393583884	-0.007740671096451699	0.8618350554044868	0.8810176323817783	0.9164935704900383
LGG	NK cell resting	CIBERSORT-ABS	509	0.0654786382918317	-0.026780025230287392	0.15663125891256677	0.14015423429126073	0.059607257655675934	0.17980271849321747	0.2724421417566992	0.32759954767403554
LGG	NK cell activated	CIBERSORT-ABS	509	0.002023164628250734	-0.09009079111676077	0.09410279999856294	0.9636828703033683	0.021271865909888596	0.6324249100608212	0.9797191947181929	0.763675539943734
LGG	Monocyte	CIBERSORT-ABS	509	-0.08401570737098402	-0.17476064717648054	0.008144480767228754	0.058202369385855185	-0.0753461356666333	0.08980176557310848	0.14249922623587588	0.19773222936292492
LGG	Macrophage M0	CIBERSORT-ABS	509	0.1099572450545054	0.018042790570337672	0.2000287728079582	0.013058127889155963	0.11568049492404713	0.009063506443946743	0.043863642651718056	0.03189766894314291
LGG	Macrophage M1	CIBERSORT-ABS	509	0.05731996092143454	-0.03496177181883637	0.14863249838075301	0.19667610546089206	0.07332972250639487	0.09875496179963299	0.3502070287616796	0.21042610388913624
LGG	Macrophage M2	CIBERSORT-ABS	509	0.1073359214247175	0.015390896250961426	0.19748092574222004	0.01540743840341841	0.11876031083287308	0.00737065197807019	0.04982885372817699	0.0268836280170284
LGG	Myeloid dendritic cell resting	CIBERSORT-ABS	509	0.04173638091919658	-0.05055511228176981	0.1333210903054624	0.3473662617480963	0.040754307913295644	0.3593137364781593	0.525416666706018	0.5356390940714116
LGG	Myeloid dendritic cell activated	CIBERSORT-ABS	509	-0.03905196953306933	-0.13067914142075437	0.053236669518827266	0.37928098465175375	-0.04102529258363755	0.3561250817282578	0.5554264606697966	0.532051549864501
LGG	Mast cell activated	CIBERSORT-ABS	509	0.06515851278297771	-0.027101289069805183	0.15631763334901758	0.1421071653176648	0.06046695995772149	0.17359456786595398	0.274525205727307	0.3200163886637813
LGG	Mast cell resting	CIBERSORT-ABS	509	-0.09195657840545815	-0.18250809750559285	0.00014179175239300085	0.03808579333161899	-0.08723134315318684	0.04941443168343025	0.10185735425898103	0.12465188895626599
LGG	Eosinophil	CIBERSORT-ABS	509	-0.025336418696120987	-0.11716020494800654	0.06691689535206162	0.5684729820566483	-0.028577333330862206	0.5204545085616568	0.7190971723848253	0.6815060711574273
LGG	Neutrophil	CIBERSORT-ABS	509	0.05156267319121216	-0.04072790384295562	0.14298085841931624	0.24555268073715977	0.054485054740135194	0.22023014788553588	0.40929611734908555	0.3793391534063636
LGG	B cell	QUANTISEQ	509	0.1455245602565463	0.054153173419737605	0.23447914626268032	0.0009924580729731261	0.21381308764327372	1.1527796017791193e-06	0.00502006606122241	1.440053751743245e-05
LGG	Macrophage M1	QUANTISEQ	509	-0.034250399653855595	-0.1259502758619232	0.058029816893113845	0.44067689303235336	-0.030859047999501794	0.4876950458846632	0.6101439984973448	0.6555131073939613
LGG	Macrophage M2	QUANTISEQ	509	-0.016527880307038636	-0.10845995504167912	0.07568449376579198	0.7098968561346043	-0.015979992990343094	0.7193658557672931	0.8251179273145965	0.8270274907527538
LGG	Monocyte	QUANTISEQ	509	-0.22599593216533742	-0.31160743349632203	-0.13674491482805623	2.5637934385697216e-07	-0.22914524050642218	1.7739955738665836e-07	3.6189286443348778e-06	2.6273949597796753e-06
LGG	NK cell	QUANTISEQ	509	-0.08923450866970116	-0.17985359695983946	0.0028863816557267207	0.04418953549046902	-0.07897132917224861	0.07535184076842204	0.11488103973918475	0.17219503062801295
LGG	T cell CD4+ (non-regulatory)	QUANTISEQ	509	0.24715342376218694	0.15866787330332696	0.33170038555842624	1.6024632254632627e-08	0.24547335910055607	2.0820304848131898e-08	2.8880720430568363e-07	3.913816920970948e-07
LGG	T cell CD8+	QUANTISEQ	509	-0.05449863776461263	-0.1458636923881494	0.03778819696208423	0.21965924209472396	-0.046564273835374995	0.29487442052971224	0.3775242358638992	0.4683017807762692
LGG	T cell regulatory (Tregs)	QUANTISEQ	509	0.32204545668217865	0.23697689771328062	0.4022131938634825	9.539481174915136e-14	0.3282329979196652	3.172241619359582e-14	4.4939001679419495e-12	1.6537952975594624e-12
LGG	Myeloid dendritic cell	QUANTISEQ	509	0.18005266282638208	0.08943859473304598	0.2677105644033157	4.39586801696326e-05	0.1988110771383207	6.329162334494399e-06	0.00034793206369081674	6.351928546896402e-05
LGG	uncharacterized cell	QUANTISEQ	509	0.12164997104458464	0.02988765154293989	0.21137893157756343	0.005995755029885414	0.10205995460984356	0.021410955556307617	0.022983727614560752	0.06410408286269009
LGG	T cell	MCPCOUNTER	509	-0.4149713066555306	-0.4884028508070305	-0.33570396493562016	1.3216951719563878e-22	-0.41053500663255693	4.489287477166884e-22	1.7820096973618882e-20	6.751197706047122e-20
LGG	T cell CD8+	MCPCOUNTER	509	-0.1933969539662518	-0.2804980843966205	-0.10313678611227478	1.1125404512292656e-05	-0.18277877240595636	3.406457313755354e-05	0.00010357221819777211	0.0002803714250308281
LGG	cytotoxicity score	MCPCOUNTER	509	0.2927972807751001	0.20626213507947494	0.3747879917976655	1.6081836938975618e-11	0.2862708560719244	4.884666833013637e-11	5.564600215167669e-10	1.5527680745596196e-09
LGG	NK cell	MCPCOUNTER	509	-0.32569293717129955	-0.4056232750970109	-0.2408192365868834	4.8329574306809755e-14	-0.31950413179231163	1.6096222358958791e-13	2.4678193582813517e-12	7.769481363121145e-12
LGG	B cell	MCPCOUNTER	509	-0.19362920758978047	-0.28072037416660295	-0.10337550278474136	1.08532027607254e-05	-0.1836886391556958	3.107693082386647e-05	0.00010176504267250915	0.00025894987161772175
LGG	Monocyte	MCPCOUNTER	509	-0.026653543608023807	-0.11845992747022975	0.06560466654322461	0.5485332080758101	-0.04875456260069191	0.2727212244598829	0.7022202346883276	0.4441232768172187
LGG	Macrophage/Monocyte	MCPCOUNTER	509	-0.026653543608023807	-0.11845992747022975	0.06560466654322461	0.5485332080758101	-0.04875456260069191	0.2727212244598829	0.7022202346883276	0.4441232768172187
LGG	Myeloid dendritic cell	MCPCOUNTER	509	0.0559222655330081	-0.03636217928941902	0.14726099913901525	0.20783256176664697	0.0753930650240926	0.08960142079608828	0.36261727644247643	0.19748678427999164
LGG	Neutrophil	MCPCOUNTER	509	0.1742198416861218	0.08346183029618198	0.26211139327938093	7.776940408146034e-05	0.18990009370078112	1.64100672880822e-05	0.0005652014311496468	0.00014716367682660872
LGG	Endothelial cell	MCPCOUNTER	509	0.10294915749017307	0.01095586427897729	0.19321439812750038	0.020173566134234454	0.15114007333113363	0.0006313276286752756	0.0622071321647135	0.0034625011806527013
LGG	Cancer associated fibroblast	MCPCOUNTER	509	0.056107309031652425	-0.03617679754680427	0.14744259465536805	0.20632980185595473	0.08590546343381994	0.052987914503869464	0.3608003243545541	0.13121136523757418
LGG	Myeloid dendritic cell activated	XCELL	509	-0.02823142906619947	-0.12001655120004835	0.06403222627616766	0.5251083620230849	-0.027788531192383996	0.5320370368692159	0.684391231836754	0.6890636555273076
LGG	B cell	XCELL	509	-0.09533619440610923	-0.185801986319513	-0.003267716255667074	0.031516100323191534	-0.09519889770019294	0.0319318460220109	0.08758205562450526	0.08761650382179834
LGG	T cell CD4+ memory	XCELL	509	-0.029177382539936975	-0.12094954178567943	0.06308931752541347	0.5113139057745005	-0.024887849497230392	0.5757192222509243	0.672633397960934	0.7224314709620431
LGG	T cell CD4+ naive	XCELL	509	0.06698294461796059	-0.025270114523968136	0.15810477514269358	0.13125176230670063	0.06482909526459639	0.14453501553525874	0.2594511580481291	0.28018438807281193
LGG	T cell CD4+ (non-regulatory)	XCELL	509	0.05287768741279585	-0.039411410971314974	0.1442722673462253	0.2337025663857546	0.04982688288942295	0.26230030635783147	0.3948906804530253	0.4329228357362267
LGG	T cell CD4+ central memory	XCELL	509	0.018126625835263227	-0.07409423722606186	0.11004009303325543	0.6832858666883066	0.02746833831973968	0.5367755202766117	0.806413443631536	0.6917575096511376
LGG	T cell CD4+ effector memory	XCELL	509	0.014141815999535156	-0.07805701644719823	0.10610079740117348	0.7502684500165885	0.02462984516335556	0.5796849110080119	0.8478770805680951	0.7253081302231633
LGG	T cell CD8+ naive	XCELL	509	0.11992638879099596	0.028140022658868863	0.20970736524244857	0.006752844494440278	0.1263155366343293	0.004352395032547943	0.02538809805121297	0.017544190285837584
LGG	T cell CD8+	XCELL	509	-0.07325375649887733	-0.1642428673022831	0.01897140271119371	0.09877220566542946	-0.07394867590407268	0.09593415009953403	0.21092262378581605	0.20616766884840015
LGG	T cell CD8+ central memory	XCELL	509	-0.04531194747117579	-0.13683807753451813	0.046981279537000785	0.3075886312852067	-0.04323162794268919	0.33082883424943094	0.48049202889538883	0.5076690509871566
LGG	T cell CD8+ effector memory	XCELL	509	0.020206007009151355	-0.07202519516439203	0.11209457774234627	0.6492574871160495	0.011620459136089561	0.7938800814591208	0.778710667062501	0.8753506044157393
LGG	Class-switched memory B cell	XCELL	509	-0.20441541886364994	-0.29103356656809526	-0.1144733338378519	3.3246718478843542e-06	-0.20018606860266838	5.442738179109384e-06	3.561497787733651e-05	5.5419547604993996e-05
LGG	Common lymphoid progenitor	XCELL	509	0.13466028848955905	0.043097608430759514	0.22397969935500855	0.002330806445422249	0.13189433246460613	0.002897140869077302	0.010487287918988486	0.01240114917510569
LGG	Common myeloid progenitor	XCELL	509	-0.009560038679730567	-0.10156778240360788	0.0826098647141996	0.8296433988153366	-0.012892632526114766	0.7719069758463606	0.9001279152261682	0.8623970618108795
LGG	Myeloid dendritic cell	XCELL	509	-0.0911271450080491	-0.18169939271921598	0.0009782342054167512	0.039864991260537275	-0.09077892009696088	0.040831485442032675	0.10574770409002764	0.10750916368912307
LGG	Endothelial cell	XCELL	509	-0.019413556206986895	-0.11131170759979102	0.07281379936141952	0.6621446051688996	-0.0040622314539631756	0.9272280943250262	0.7895655401678552	0.9573440319014661
LGG	Eosinophil	XCELL	509	0.0402950100738402	-0.051995116064558644	0.1319026811212987	0.3642850338107441	0.042106935081100534	0.343575430111008	0.5408765505027622	0.5198838745100779
LGG	Cancer associated fibroblast	XCELL	509	-0.04514992771910196	-0.13667876208251467	0.04714327184834409	0.3093233250388205	-0.06569553283353864	0.13923328710141528	0.4822385171059761	0.27370646182329494
LGG	Granulocyte-monocyte progenitor	XCELL	509	-0.04910822869905611	-0.14056963966565794	0.0431842512922319	0.26878040115513235	-0.03622254984204923	0.41526065109261695	0.43665337739313387	0.5897817456491581
LGG	Hematopoietic stem cell	XCELL	509	-0.28113378759916463	-0.3638112910339834	-0.1940611777096593	1.06259139713753e-10	-0.27394733744381483	3.3905952917116895e-10	3.1005465394087626e-09	9.747961463671108e-09
LGG	Macrophage	XCELL	509	-0.1442297540515474	-0.23322890832437848	-0.052834391983475684	0.0011022083938336687	-0.1470986091379682	0.0008830018633170368	0.005441458105921269	0.004585042875922461
LGG	Macrophage M1	XCELL	509	-0.07706710992233799	-0.16797207016186413	0.015137500280281834	0.08238318314423401	-0.08349514976434384	0.060035341852822846	0.18519264286512047	0.1439228612167611
LGG	Macrophage M2	XCELL	509	-0.20665585786627744	-0.29317323126424993	-0.11678131960292508	2.5793707842474553e-06	-0.19633460353027488	8.283803092280857e-06	2.817134012963003e-05	7.977751253896096e-05
LGG	Mast cell	XCELL	509	0.05879393716676628	-0.033484542766788895	0.15007846833383434	0.18539137557464702	0.041485437408137274	0.3507514845154215	0.3360594707913166	0.5270114417827497
LGG	B cell memory	XCELL	509	0.010450173635045815	-0.08172565103050168	0.10244874307863489	0.8140586005602891	0.013123909753502288	0.7679312875251351	0.8900920380846561	0.8603470871699936
LGG	Monocyte	XCELL	509	-0.07953486869487995	-0.17038398618656386	0.012654997688612368	0.07300206982509931	-0.07986710180984752	0.07208948464289688	0.16810252827805552	0.1666882820542441
LGG	B cell naive	XCELL	509	0.0021810266042244053	-0.08993420748608198	0.09425926241965829	0.9608513307341626	0.006048137593421722	0.8918342986048349	0.9774477920553443	0.9351225818034069
LGG	Neutrophil	XCELL	509	-0.027782600690493982	-0.11957381663169485	0.06447955239995878	0.5317192425950713	-0.0419666428864424	0.3451870727552739	0.6900173377187948	0.5213570985545456
LGG	NK cell	XCELL	509	-0.010769130414802363	-0.10276437737674192	0.08140878066903595	0.8084916625689961	-0.020292314364765668	0.6481844452024025	0.8859872199116521	0.7755205571424093
LGG	T cell NK	XCELL	509	-0.14315728524489676	-0.2321931319203036	-0.05174230617800218	0.0012014714443886539	-0.16852635738695484	0.00013543274321274327	0.005828478098709226	0.0009067500444551818
LGG	Plasmacytoid dendritic cell	XCELL	509	0.013111081924542732	-0.07908157790121001	0.10508136618645171	0.7679290018748952	0.017054185093725357	0.7013766432234722	0.8585771256148912	0.815699784355674
LGG	B cell plasma	XCELL	509	0.18291300057035395	0.09237190710173246	0.2704541614153568	3.30107145925295e-05	0.17730729845338936	5.860938323753621e-05	0.00027173030327745336	0.00044154660589357724
LGG	T cell gamma delta	XCELL	509	0.032462413058673506	-0.05981358071734683	0.12418829709177544	0.464915122632661	0.02761031957649131	0.5346717535356241	0.6329450311607606	0.6902849125366459
LGG	T cell CD4+ Th1	XCELL	509	0.06447116191542533	-0.02779101969508265	0.15564417659202825	0.14637068201888537	0.04537589153318509	0.30738376157031194	0.28178698507820865	0.4822915360112037
LGG	T cell CD4+ Th2	XCELL	509	0.4159746696375991	0.33677955523804914	0.4893257265480473	1.0213287910995123e-22	0.4122016909360483	2.945095880481141e-22	1.426212704713962e-20	4.606129957072505e-20
LGG	T cell regulatory (Tregs)	XCELL	509	-0.12748580103566345	-0.2170347477267304	-0.035809068896704724	0.003965378302624351	-0.11573576403196119	0.00903030680758563	0.016372364480740458	0.03180945911500884
LGG	immune score	XCELL	509	-0.10350096657587711	-0.19375127050103058	-0.011513546046357577	0.019510898804765562	-0.11112563044907987	0.012202235460685383	0.06083541812331208	0.04095342545174236
LGG	stroma score	XCELL	509	-0.08251629674953283	-0.17329649634999333	0.009654240147941294	0.06285031804669518	-0.08347001066254013	0.06011274170081102	0.1492981431121374	0.14400737932885704
LGG	microenvironment score	XCELL	509	-0.09920328923350025	-0.18956849593014188	-0.00717164248089046	0.025211341424783748	-0.10098712020109199	0.022825122727464085	0.07433833634675992	0.06771337622487449
LGG	B cell	EPIC	509	0.06868330562761664	-0.02356291179896016	0.15976984473086442	0.1217224281506946	0.10851209303593393	0.014407374921171959	0.24520076974199684	0.04656140651118258
LGG	Cancer associated fibroblast	EPIC	509	0.006485258216441033	-0.08566307543670376	0.09852358198193868	0.8839561981630634	0.026347499666560085	0.55352756179667	0.930006291044141	0.7059010980512
LGG	T cell CD4+	EPIC	509	0.07419347969863194	-0.01802686738875244	0.16516209487333852	0.09451032820583172	0.13633098623134338	0.0020730317019850624	0.20405046012413144	0.009414116091476882
LGG	T cell CD8+	EPIC	509	0.0658613353998279	-0.026395942282988413	0.15700616147671603	0.13784667514732035	0.12347730632883262	0.005322257007573082	0.2693555721269478	0.020747781554945915
LGG	Endothelial cell	EPIC	509	-0.10958542612510451	-0.1996674502090743	-0.0176665566494775	0.013370861774240883	-0.08809967147609862	0.04718514301542345	0.044455841443266884	0.12026982346173776
LGG	Macrophage	EPIC	509	-0.10644046012724546	-0.19661028535844174	-0.014485288120409891	0.016290991873109204	-0.10563096100842477	0.017237502050035557	0.05225412487601065	0.05370409005230202
LGG	NK cell	EPIC	509	-0.07165696875544966	-0.16268054346053462	0.02057598984586673	0.10636343230121205	-0.06823490834494797	0.12455341404145212	0.2227536262976642	0.2506453159557786
LGG	uncharacterized cell	EPIC	509	0.06670383612871822	-0.025550294654586404	0.15783141009835963	0.132869632657987	-0.0017530467620567667	0.9685600281535184	0.26145961937228446	0.9811061425078386
LIHC	B cell	TIMER	369	0.3474744794441952	0.24864937259083558	0.43913969062579833	6.544312854683622e-12	0.1886485428149542	0.00027335448726884345	2.413987100171034e-10	0.0016790273381405458
LIHC	T cell CD4+	TIMER	369	0.2866450075434388	0.1841849642536882	0.3829422475065685	2.0747338763981396e-08	0.14525744976332905	0.005240553245474715	3.654148403926453e-07	0.02047009309670943
LIHC	T cell CD8+	TIMER	369	0.0995467229242733	-0.008718162246493596	0.2055048399612615	0.05607014084636384	0.08454194743149868	0.10540892335592629	0.13849289368874454	0.22148713451880642
LIHC	Neutrophil	TIMER	369	0.3794951383406846	0.282938876931227	0.46843664737652074	4.372841651107875e-14	0.1813415424648889	0.0004724179475162377	2.2797081141109055e-12	0.0026809204278497667
LIHC	Macrophage	TIMER	369	0.30571573194727003	0.2043008681911671	0.4006378155700363	2.0117113134546095e-09	0.16103863052350842	0.0019417674328284546	4.520569675636508e-08	0.008942650956842471
LIHC	Myeloid dendritic cell	TIMER	369	0.4037954636932697	0.30912679380520347	0.4905401849471309	6.646469947664675e-16	0.22556733742608692	1.2490606522075393e-05	4.480637499201531e-14	0.00011464382981529292
LIHC	B cell naive	CIBERSORT	369	-0.030902733859343095	-0.1386103972116634	0.07752743066945496	0.5540183953690482	0.033797354225428976	0.5180691422147833	0.7058440921518887	0.6796901804603969
LIHC	B cell memory	CIBERSORT	369	0.11573667715797303	0.007661587885437232	0.22113916528977023	0.026204896263569862	0.043553230096127	0.40481722716056934	0.07634958598402247	0.5792379947410577
LIHC	B cell plasma	CIBERSORT	369	0.029435124196033006	-0.07898738115667302	0.13716938057513364	0.5730032361809465	-0.0700047505799743	0.18024544291918373	0.721083454824404	0.32810041052793687
LIHC	T cell CD8+	CIBERSORT	369	-0.13108440671482033	-0.23591031615584973	-0.023242973817961594	0.011722480413965545	-0.08134758286604712	0.11928281042893815	0.04031213581231775	0.2432946211670048
LIHC	T cell CD4+ naive	CIBERSORT	369	0.04543623934949764	-0.06304462505126684	0.15285597738069437	0.38414197968276736	0.09858438727415374	0.05884531202112664	0.5612836848130122	0.14176535428379863
LIHC	T cell CD4+ memory resting	CIBERSORT	369	-0.031638607996843454	-0.1393327657077752	0.07679522183763252	0.5446160322540881	-0.02976417549808797	0.5692478983478118	0.6988673075528337	0.718450381710763
LIHC	T cell CD4+ memory activated	CIBERSORT	369	0.13777426161680606	0.03005111136334255	0.2423337257150064	0.008043757807996488	0.0993461724398619	0.05690769890368504	0.029366099933955433	0.13777653418786906
LIHC	T cell follicular helper	CIBERSORT	369	-0.00018898536687076884	-0.10835777763277835	0.10798422952190306	0.9971132811539486	-0.05304937721338731	0.3101457982321983	0.9984338485439977	0.4848740788036367
LIHC	T cell regulatory (Tregs)	CIBERSORT	369	0.13113693064885096	0.023296387492905916	0.2359607838545462	0.011688593663187877	0.057951962638819896	0.26748996884828236	0.04023098699213433	0.43811236903824674
LIHC	T cell gamma delta	CIBERSORT	369	-0.05646248325962893	-0.16363407855247097	0.05202628003603072	0.2793448797773151	-0.007580276517057756	0.8847722287997255	0.448111496007218	0.9317154361990106
LIHC	NK cell resting	CIBERSORT	369	-0.073639747192115	-0.18037395238561924	0.03480853404310999	0.158040890021906	-0.0260131067469845	0.6189039021647459	0.2972386990428305	0.7515261669143343
LIHC	NK cell activated	CIBERSORT	369	-0.024132032641189287	-0.13195857717714005	0.0842589230912388	0.6440413609400362	-0.043172181318633214	0.4089439042648848	0.7750697818638169	0.5837789944051477
LIHC	Monocyte	CIBERSORT	369	-0.038781176908301025	-0.14633829530513018	0.06968214702248889	0.45765485399642486	0.04696194212551632	0.3690165165286583	0.6258938367002523	0.5446789655066266
LIHC	Macrophage M0	CIBERSORT	369	0.17427488745996914	0.06737397998383236	0.2772198868910651	0.0007734730401890358	0.08703303015362802	0.09550096322591653	0.004021901503032127	0.20539536095342886
LIHC	Macrophage M1	CIBERSORT	369	0.0019060565271570532	-0.10628686510001635	0.11005437290604551	0.9708916858133191	0.06274569571782425	0.22984444306040558	0.9839678261050411	0.3910756189583054
LIHC	Macrophage M2	CIBERSORT	369	0.00839029794997851	-0.09987135138388577	0.11645561174833542	0.8723861183519082	-0.014938563622730041	0.7751750487026771	0.9245417808846218	0.8639864616238306
LIHC	Myeloid dendritic cell resting	CIBERSORT	369	0.06585111112411068	-0.04262351125816133	0.17279129484630099	0.20693548670635017	0.1077387692914213	0.03884991046972399	0.3615360826728459	0.10305505423108602
LIHC	Myeloid dendritic cell activated	CIBERSORT	369	-0.044785281292076796	-0.1522188690959753	0.06369429112186235	0.39099804877358535	-0.08346941378995668	0.10991746906238911	0.5651764771551641	0.22836201064502734
LIHC	Mast cell activated	CIBERSORT	369	-0.01090436231451987	-0.11893508151678077	0.09738151006388084	0.8346344390489142	0.07179649184450938	0.16932247189522068	0.9029940942670875	0.31376818251673594
LIHC	Mast cell resting	CIBERSORT	369	-0.00048622948678994995	-0.10865152225407411	0.1076904419880396	0.9925730192280503	-0.05382539403605455	0.30311143478909347	0.9966513880795266	0.47823214562871785
LIHC	Eosinophil	CIBERSORT	369	0.013477030340125113	-0.0948322257451781	0.12147095446915544	0.7963925022233804	0.04206939770761404	0.42102647615254274	0.8768619775018998	0.5935906885690209
LIHC	Neutrophil	CIBERSORT	369	0.08086828848690387	-0.027543659944908094	0.1873999948940098	0.12097376789877803	0.012403379754531721	0.8125499492590417	0.2440698826027978	0.8835011962188134
LIHC	B cell naive	CIBERSORT-ABS	369	0.10413968415454661	-0.0040772530667972234	0.2099456756536748	0.04559651814433221	0.10176747560654162	0.05109701641815392	0.11791163091556807	0.12757939603766402
LIHC	B cell memory	CIBERSORT-ABS	369	0.13171932258722785	0.023888686253500952	0.2365203381062067	0.01131861340161035	0.05447527640951925	0.29730234609574085	0.039199095128694836	0.47120071878165654
LIHC	B cell plasma	CIBERSORT-ABS	369	0.10129509805426293	-0.006952084673384217	0.20719582089274372	0.05186930343095931	-0.020843638130687504	0.6902371216301686	0.13042377904504882	0.8073487073009235
LIHC	T cell CD8+	CIBERSORT-ABS	369	0.08157923918868319	-0.026828516679928586	0.18809044089248103	0.11772891267914344	0.03512234284734274	0.5017884325834265	0.24025054727319983	0.668481353117955
LIHC	T cell CD4+ naive	CIBERSORT-ABS	369	0.045056188969528836	-0.0634239322969811	0.15248402379354073	0.3881358300209611	0.09726709638369728	0.06232444805981225	0.562912127367195	0.14786133667502227
LIHC	T cell CD4+ memory resting	CIBERSORT-ABS	369	0.1742777250320106	0.0673768931543466	0.27722258844328135	0.0007733173200397185	0.09353620051645752	0.07310704254573704	0.004021901503032127	0.1684984189778501
LIHC	T cell CD4+ memory activated	CIBERSORT-ABS	369	0.1399595164873259	0.03227717132481599	0.24442996135440537	0.0070880596585844655	0.10065625055607162	0.053699232071510734	0.026495519373867363	0.13255302866136803
LIHC	T cell follicular helper	CIBERSORT-ABS	369	0.1585778484584013	0.05128658684419773	0.26225033796323943	0.002249102913553965	0.04308184312836183	0.40992589157598175	0.010213696157951223	0.5849559899450764
LIHC	T cell regulatory (Tregs)	CIBERSORT-ABS	369	0.305478144527821	0.2040497317013104	0.4004177949067875	2.073243526625555e-09	0.18175359209457934	0.0004583161761313026	4.60589897108291e-08	0.00261822318393419
LIHC	T cell gamma delta	CIBERSORT-ABS	369	-0.039219529021160604	-0.14676788599416002	0.06924524550931883	0.45258315719667536	0.0013104103491713278	0.9800130728849491	0.6204769090599582	0.9880998233574397
LIHC	NK cell resting	CIBERSORT-ABS	369	-0.05692335911871869	-0.16408402616230852	0.05156515852829845	0.27543280931846337	-0.019941369930610995	0.702996761952186	0.44367586814820675	0.8166582972300791
LIHC	NK cell activated	CIBERSORT-ABS	369	0.24773876012823132	0.14341089971474355	0.34662096643735385	1.449517084254567e-06	0.1251499873391553	0.016302298838778193	1.701985525355963e-05	0.05144631836934845
LIHC	Monocyte	CIBERSORT-ABS	369	0.16956646018352098	0.06254262046620823	0.2727349160693697	0.001075762125572262	0.15829665577104024	0.0023225522528130564	0.005317610506937478	0.010319521941476194
LIHC	Macrophage M0	CIBERSORT-ABS	369	0.26963408407932427	0.16631388568247873	0.36709809175808716	1.4432333515318671e-07	0.14377493329678107	0.005726090618024144	2.155653088495193e-06	0.022058142183718623
LIHC	Macrophage M1	CIBERSORT-ABS	369	0.23192460179679586	0.12693815769398076	0.3317722665444665	6.746415279972674e-06	0.17029413372312557	0.0010392431940363142	6.763713780690552e-05	0.005270351347188052
LIHC	Macrophage M2	CIBERSORT-ABS	369	0.3055854253697442	0.20416312887271643	0.40051714496543267	2.0452362934216844e-09	0.1589381175506149	0.0022278220344970233	4.569642232730735e-08	0.009977988722661353
LIHC	Myeloid dendritic cell resting	CIBERSORT-ABS	369	0.09858326667251899	-0.009691085012193262	0.20457274078673301	0.05850317462440295	0.12141790752795122	0.019811360473784716	0.142877834341921	0.06037600892634313
LIHC	Myeloid dendritic cell activated	CIBERSORT-ABS	369	-0.04434632282706229	-0.15178919949473343	0.06413232646724441	0.39566278572306174	-0.08360027511044885	0.109359379091123	0.5696311341490928	0.22756528592138953
LIHC	Mast cell activated	CIBERSORT-ABS	369	0.07460608218924679	-0.03383800518559499	0.18131384783785823	0.15264023255635886	0.11775109097516301	0.023881079217307012	0.2908495659334129	0.07010136617092375
LIHC	Mast cell resting	CIBERSORT-ABS	369	0.03400021507611999	-0.07444458741588836	0.1416502558464671	0.5149850697432099	-0.03050024256564257	0.5597308883026644	0.6746003443026942	0.7101063508317383
LIHC	Eosinophil	CIBERSORT-ABS	369	0.01423159255867655	-0.0940842524350543	0.12221445743273918	0.7852635501454039	0.041989317240439986	0.4219119234365259	0.8688116811172975	0.5941631980295972
LIHC	Neutrophil	CIBERSORT-ABS	369	0.11664821085035827	0.00858553534905305	0.22201780765544418	0.02503960110272761	0.03246184712828328	0.5347501278960359	0.07411418645848974	0.6902849125366459
LIHC	B cell	QUANTISEQ	369	0.363279339273249	0.26554319482548044	0.4536245825705245	5.923752088517514e-13	0.2320001686392957	6.895251887230951e-06	2.5175946376199432e-11	6.860161546837919e-05
LIHC	Macrophage M1	QUANTISEQ	369	0.20857197602509678	0.1027184447355575	0.3097544761563217	5.403920108918915e-05	0.055700856138813745	0.2865502113842233	0.00041511449166744516	0.458433439653156
LIHC	Macrophage M2	QUANTISEQ	369	0.43115486590498	0.33878423207439523	0.5152933853248389	3.886619081772881e-18	0.32728819941384546	1.2330733712152027e-10	3.4537910476663554e-16	3.7087052934241865e-09
LIHC	Monocyte	QUANTISEQ	369	0.18405991254002502	0.07743054308859	0.2865261987449302	0.0003792882359368327	0.0116721568642987	0.8234136005519631	0.002257255711587543	0.8915943445467117
LIHC	Neutrophil	QUANTISEQ	369	0.03229797954617343	-0.07613903517603833	0.13997993833342273	0.5362587699890845	0.07096029601105555	0.17435700821847513	0.6933769148999075	0.32081689512199424
LIHC	NK cell	QUANTISEQ	369	0.13332762507899068	0.02552474017047625	0.23806521229345048	0.010350128788449405	0.16189748777433177	0.001834802686052408	0.03649143693673325	0.008530414390564704
LIHC	T cell CD4+ (non-regulatory)	QUANTISEQ	369	0.068883782279115	-0.03958216082629074	0.17574527156477607	0.18673703497530275	0.0002384994344858977	0.9963619403942277	0.3375597812082449	0.9976854588842843
LIHC	T cell CD8+	QUANTISEQ	369	0.2265895378574088	0.12139394691324895	0.326751723733995	1.1068501996917882e-05	0.10164091616831245	0.05138797754171877	0.00010328840765620268	0.12814221440568901
LIHC	T cell regulatory (Tregs)	QUANTISEQ	369	0.2953494914726679	0.19335586601538718	0.39102784279717695	7.304996900639673e-09	0.12797019983541066	0.014023889130779097	1.4070215705172968e-07	0.04561851472559907
LIHC	Myeloid dendritic cell	QUANTISEQ	369	0.06411442299394475	-0.044364264851354605	0.1710988051293225	0.21919040930590325	0.03574618045086062	0.4942175212924611	0.3768841250598424	0.6610983606751704
LIHC	uncharacterized cell	QUANTISEQ	369	-0.4024908051427136	-0.4893562983440064	-0.3077171359012932	8.395619114980579e-16	-0.2375059232106099	4.0903857343646045e-06	5.512140330908621e-14	4.31089170387213e-05
LIHC	T cell	MCPCOUNTER	369	0.16908876377303222	0.06205273199092833	0.2722796398932301	0.0011118561723816012	0.05615810690501208	0.2826065419687404	0.005475261503793528	0.4554399506838177
LIHC	T cell CD8+	MCPCOUNTER	369	0.10574209324483484	-0.0024570180855856567	0.21149398407120773	0.04235224770275395	0.04508434760941592	0.38848725616178487	0.11128850034796232	0.5627955433836899
LIHC	cytotoxicity score	MCPCOUNTER	369	0.12454025713536471	0.016592781807174595	0.22961793323138574	0.016686251050501137	0.03822730331617916	0.4647185196841975	0.05322878288696645	0.6368907858272738
LIHC	NK cell	MCPCOUNTER	369	0.1332089220493108	0.025403969166500267	0.2379512087905803	0.0104190129841636	0.036210813855492505	0.4886185043835852	0.036701207899170876	0.6565286433470165
LIHC	B cell	MCPCOUNTER	369	0.21787487303463388	0.11235174280801039	0.3185386430760144	2.4228847735780746e-05	0.08398689375166996	0.10772357651314779	0.0002082083398833027	0.22511982050582996
LIHC	Monocyte	MCPCOUNTER	369	0.399291794318705	0.30426242751207183	0.48645206359654103	1.4823704491437384e-15	0.24204482986166972	2.634176700353912e-06	8.917028394080027e-14	2.9013044784179703e-05
LIHC	Macrophage/Monocyte	MCPCOUNTER	369	0.399291794318705	0.30426242751207183	0.48645206359654103	1.4823704491437384e-15	0.24204482986166972	2.634176700353912e-06	8.917028394080027e-14	2.9013044784179703e-05
LIHC	Myeloid dendritic cell	MCPCOUNTER	369	0.29653712571600704	0.19460852129346687	0.39212989249575647	6.317936643349559e-09	0.1937729739804701	0.00018396718866790936	1.2413634309294863e-07	0.001194869946331438
LIHC	Neutrophil	MCPCOUNTER	369	0.04221421275320818	-0.06625935832291495	0.14970162952591734	0.4187925945271014	0.020165516981470823	0.6998189772177136	0.5902344895738543	0.8146065223529605
LIHC	Endothelial cell	MCPCOUNTER	369	0.32637398010482815	0.22618837276005818	0.4197268653699903	1.319158368404279e-10	0.2636826738567635	2.8635784419285627e-07	3.764897241212212e-09	4.03324215889434e-06
LIHC	Cancer associated fibroblast	MCPCOUNTER	369	0.16761524598307245	0.060541930998889125	0.27087498915057145	0.0012303355642499184	0.07281101433083399	0.16336102539067626	0.0059317041383689035	0.3060573115848319
LIHC	Myeloid dendritic cell activated	XCELL	369	0.03128703799739617	-0.07714505529830928	0.138987662439353	0.5490982269522255	0.02082104993287221	0.6905555084632596	0.7022202346883276	0.8073487073009235
LIHC	B cell	XCELL	369	0.08864463054038928	-0.01971542369555163	0.1949463405621702	0.0890596210772824	0.02272452631626618	0.66392173028492	0.19497375051073582	0.7887006973710592
LIHC	T cell CD4+ memory	XCELL	369	0.32295066888297014	0.22255435281340882	0.4165692868066447	2.1022371685466813e-10	0.25681180958839994	5.922016826476418e-07	5.8296080347642015e-09	8.001349748345665e-06
LIHC	T cell CD4+ naive	XCELL	369	-0.06422068527716493	-0.1712023811937464	0.04425777273191513	0.21842598087634424	-0.06619521593959157	0.20518594839118845	0.3757349693033462	0.3610607822725233
LIHC	T cell CD4+ (non-regulatory)	XCELL	369	0.04393192681243902	-0.064545812662531	0.15138353530870166	0.40009708550147255	0.11135748038108559	0.032713210434934796	0.5749281897503703	0.08938410398364434
LIHC	T cell CD4+ central memory	XCELL	369	-0.029121306714356133	-0.1368611902632924	0.07929950053776952	0.5771022851312155	-0.00231151273716203	0.9647515934651945	0.7243884221069191	0.9780084859862355
LIHC	T cell CD4+ effector memory	XCELL	369	-0.13469450497621063	-0.23937776863721225	-0.026915659828941965	0.009585524267572058	-0.11078881226050148	0.033619004959460706	0.034103184609833255	0.09147551105879706
LIHC	T cell CD8+ naive	XCELL	369	-0.07768012928444228	-0.18430249116357633	0.030749256048400005	0.1363886214494578	0.051743428896888266	0.3222242711355048	0.26730802499618045	0.49818284542245767
LIHC	T cell CD8+	XCELL	369	-0.03581294375936673	-0.14342832099745015	0.07263946326579712	0.49282022342042275	-0.007323638976860549	0.8886476086797808	0.6566131873982544	0.9344982778339592
LIHC	T cell CD8+ central memory	XCELL	369	-0.08129574322458957	-0.18781513392423102	0.027113697757007622	0.11901456916894428	-0.05601223157110017	0.28386067898925615	0.24098755331464117	0.4562480201156739
LIHC	T cell CD8+ effector memory	XCELL	369	0.04325366649391335	-0.06522250347330488	0.1507194886494724	0.4074187784111873	0.02670153421225626	0.609650320378714	0.5804692730971215	0.7434088999767916
LIHC	Class-switched memory B cell	XCELL	369	0.13019716048691754	0.022340790916260154	0.2350577188631461	0.01230816386897941	0.08139749569084719	0.11905557160211065	0.041884178179033504	0.2430516217376753
LIHC	Common lymphoid progenitor	XCELL	369	0.36987002233812755	0.2726057567063644	0.45965076442993424	2.0903618822588005e-13	0.22763421556152658	1.0339221405820216e-05	9.183499954642595e-12	9.741290529339047e-05
LIHC	Common myeloid progenitor	XCELL	369	-0.12906632687860292	-0.2339708128663019	-0.021191174440893152	0.013091969013360719	-0.14102023237527156	0.006736703937466564	0.043939569821665594	0.025034945889423975
LIHC	Myeloid dendritic cell	XCELL	369	-0.0661883749872566	-0.173119902189832	0.04228538149807713	0.20461416792087891	-0.061294243942377334	0.24082373227169052	0.35924624902139046	0.40465010450464545
LIHC	Endothelial cell	XCELL	369	-0.3155432932838025	-0.409729164292244	-0.21470058270782177	5.649006827485616e-10	-0.17731814769040152	0.0006329292444425622	1.5128504585937506e-08	0.003466041100518793
LIHC	Eosinophil	XCELL	369	-0.027161055371116898	-0.13493561669986784	0.08124866374454182	0.6030129757945862	-0.07255586283826497	0.16484527910288424	0.748141213517464	0.3074584624470449
LIHC	Cancer associated fibroblast	XCELL	369	-0.07017825754253848	-0.17700557089957714	0.038283368582519385	0.1785717963533834	-0.024451229936842855	0.6401206849427292	0.3262690297858547	0.7686952942647639
LIHC	Granulocyte-monocyte progenitor	XCELL	369	-0.2322669323933524	-0.3320942225338174	-0.12729413254903352	6.532819457634025e-06	-0.14678237818660997	0.0047800800041038136	6.583330948285834e-05	0.01901333958905993
LIHC	Hematopoietic stem cell	XCELL	369	-0.2869851405860142	-0.38325847435431537	-0.18454298823515797	1.993124293117347e-08	-0.15585884758026722	0.0027170292770734273	3.526296826284537e-07	0.011764766858645737
LIHC	Macrophage	XCELL	369	-0.20018682346216313	-0.3018220522815104	-0.09405246677773867	0.00010808879342009838	-0.1414094426050184	0.006584849283542708	0.0007493389756606111	0.024567519750622123
LIHC	Macrophage M1	XCELL	369	-0.07286617844827638	-0.17962140847816058	0.035585312663766785	0.1624671064868736	-0.06359745916383963	0.2235689644442357	0.30340954587031865	0.3834011627091937
LIHC	Macrophage M2	XCELL	369	-0.4101138536405625	-0.49626915598987037	-0.3159595806104304	2.112877344285122e-16	-0.28435277267979425	2.8358190262490805e-08	1.5020637120281504e-14	5.205658400297608e-07
LIHC	Mast cell	XCELL	369	0.36217360148743893	0.2643593152702713	0.45261274278983477	7.038536000946593e-13	0.2736282026068091	9.640816443297059e-08	2.9592124477098044e-11	1.5323411501338008e-06
LIHC	B cell memory	XCELL	369	0.06299308405654755	-0.045487878899420686	0.17000566851522575	0.22737387857152858	0.006887626107645118	0.89523769528301	0.3873777190477894	0.9376853438404954
LIHC	Monocyte	XCELL	369	0.04741252442496832	-0.06107169898263066	0.15478966815891063	0.36378015784380147	0.0008966774660798225	0.9863227423664366	0.5404180916296595	0.9911390189290072
LIHC	B cell naive	XCELL	369	0.08193505899521437	-0.02647055688969722	0.18843595888799686	0.11613065692106861	0.03278619685227024	0.5306742030114369	0.23785797200700798	0.688444727479351
LIHC	Neutrophil	XCELL	369	-0.014652131058467667	-0.12262877971371276	0.09366733304433218	0.7790798357559534	-0.03690257845040825	0.48034595334985986	0.8652364508664082	0.648757401588239
LIHC	NK cell	XCELL	369	0.033105910306372985	-0.07533487879863948	0.1407727962877547	0.5261069773122043	0.056144568666601426	0.28272277683057023	0.68546427233946	0.4554399506838177
LIHC	T cell NK	XCELL	369	-0.07180843149720341	-0.17859220777860738	0.03664723662073919	0.1686692356848101	-0.1015696018206419	0.05155253730174622	0.31196627792223625	0.12830707883502718
LIHC	Plasmacytoid dendritic cell	XCELL	369	-0.1080311361232291	-0.21370482381897893	0.00014152511164587393	0.038056690933381265	-0.07655581641084018	0.14271620875119664	0.10184918654997999	0.2780508897010768
LIHC	B cell plasma	XCELL	369	-0.07322034288634158	-0.17996596258369005	0.03522969490473355	0.16042921855374354	-0.042077582599824484	0.42093603726858364	0.30070865030927	0.5935906885690209
LIHC	T cell gamma delta	XCELL	369	0.05568570108423752	-0.052803371558789856	0.162875614449305	0.28602325615985474	0.06738541056025686	0.19713923244596243	0.45565176013551295	0.35132834952767233
LIHC	T cell CD4+ Th1	XCELL	369	-0.025472324593895417	-0.1332761073995889	0.08292717761120873	0.6257436577257001	-0.046453902183181316	0.3742243077915443	0.7626738471656757	0.5493401381648115
LIHC	T cell CD4+ Th2	XCELL	369	0.33872738672736924	0.23932537664360698	0.43110258725224937	2.3369375995889482e-11	0.24750207338869376	1.5340391505565082e-06	7.614521678660657e-10	1.8455671011310608e-05
LIHC	T cell regulatory (Tregs)	XCELL	369	-0.014619255769695994	-0.12259639172935533	0.09369992678079735	0.7795627472054139	-0.005681557916454216	0.9135028972272363	0.8652364508664082	0.9499458319570463
LIHC	immune score	XCELL	369	-0.05688394874107109	-0.16404555202359183	0.051604591720652515	0.2757658747719962	-0.060590901214960406	0.24627434521999078	0.443751288521354	0.4118617150599504
LIHC	stroma score	XCELL	369	-0.3392311662089071	-0.4315658737963252	-0.23986188517019738	2.174088665139495e-11	-0.17528816212371007	0.0007318635858210517	7.14343418545834e-10	0.003909271339563269
LIHC	microenvironment score	XCELL	369	-0.2011513596781245	-0.30273522837178274	-0.09504848811869057	9.994643009279056e-05	-0.11498250331201729	0.027414635136410043	0.0007015988180660881	0.0779628258362192
LIHC	B cell	EPIC	369	0.09481123859744998	-0.013498204046156747	0.20092162849211326	0.06888319104767385	0.16264226433257473	0.0017464406434794888	0.1608209935015813	0.008177943611981797
LIHC	Cancer associated fibroblast	EPIC	369	0.3134005987815554	0.21243119113527442	0.40774857929159414	7.481171961009387e-10	0.16048347115544737	0.0020139112249068143	1.9118550567023988e-08	0.009242245175335263
LIHC	T cell CD4+	EPIC	369	0.2723931205503947	0.169207828288889	0.36967173609901816	1.0630905154633576e-07	0.24240846092062543	2.5419671406679547e-06	1.6237046544772376e-06	2.8236055454578702e-05
LIHC	T cell CD8+	EPIC	369	0.002112173527110689	-0.10608307129764717	0.11025798962499839	0.9677455979052729	0.1350707070659368	0.009481441301314434	0.9825721339417339	0.03312996915830155
LIHC	Endothelial cell	EPIC	369	-0.04493470945254151	-0.15236512592117785	0.06354516766849279	0.389417721116213	0.012919872375764006	0.8048979712750174	0.5637257643703787	0.8798671037518219
LIHC	Macrophage	EPIC	369	-0.5997807337698332	-0.6648190234097282	-0.5257177055605589	2.0231342384464074e-37	-0.20165724284064987	9.804190910151127e-05	1.130064981760779e-34	0.0006784847160830248
LIHC	NK cell	EPIC	369	-0.14391870585992542	-0.24822538235475092	-0.03631301333346515	0.005611814402348055	-0.01988108806524439	0.7038522773036238	0.021749719309167387	0.8167383717263684
LIHC	uncharacterized cell	EPIC	369	0.5806696654109196	0.5041661521265269	0.6481305417746023	1.2009392979980394e-34	0.00829240294626178	0.8740333444652608	5.217414061302593e-32	0.9248904944138484
LUAD	B cell	TIMER	512	-0.16974597830375066	-0.2575582493263184	-0.07915285854973188	0.00011358705511763735	-0.20357609726448825	3.4959136196105534e-06	0.0007846738259893322	3.734705533518378e-05
LUAD	T cell CD4+	TIMER	512	-0.01719773910763295	-0.10885273208214394	0.07474719762629545	0.6978547081494668	-0.07392017076998407	0.09508164208745931	0.8169496733126992	0.20494444352919838
LUAD	T cell CD8+	TIMER	512	0.049528873273692105	-0.04249127539788111	0.1407157811124591	0.2632860986049672	0.01805168507936815	0.6839361816083396	0.43102884683990117	0.8030602012278101
LUAD	Neutrophil	TIMER	512	0.06963803153542597	-0.022331666365026544	0.16043897620667452	0.11553635871957078	0.029104956196882012	0.5115318078890121	0.23701320178044163	0.6755211869004268
LUAD	Macrophage	TIMER	512	0.0675337921151618	-0.02444469450345187	0.15837851551037022	0.12697922934754063	0.03307242830292888	0.45567605895035584	0.2529234777121161	0.6284632770708611
LUAD	Myeloid dendritic cell	TIMER	512	-0.052636146955686275	-0.14376815081236274	0.0393810930075703	0.23446590887880595	-0.13831817455230372	0.0017235539264124134	0.39566754584209374	0.008090151083160309
LUAD	B cell naive	CIBERSORT	512	0.16701640582062044	0.0763606231562565	0.2549334882511389	0.0001466869784082969	0.17286534857391023	8.57577724699483e-05	0.0009905804586812451	0.0006063524237929437
LUAD	B cell memory	CIBERSORT	512	-0.290740605801808	-0.37261938032814435	-0.204369940188958	1.972093580206707e-11	-0.3137972185554078	3.862549954728496e-13	6.691252459435063e-10	1.7162011730668658e-11
LUAD	B cell plasma	CIBERSORT	512	-0.08759510197650179	-0.1779903163606304	0.004266107668025131	0.047589517516431354	-0.08229968236536667	0.06302595364392742	0.12193644396411966	0.148991220524641
LUAD	T cell CD8+	CIBERSORT	512	-0.026134300231929645	-0.1176787857982048	0.0658506250211363	0.5551858657538283	-0.025094504381740844	0.5714148861790391	0.7066330517895406	0.7200232694038167
LUAD	T cell CD4+ naive	CIBERSORT	512	0.04863673744787824	-0.043383916931193	0.13983908846382642	0.27199316970607895	0.05263718585583143	0.2349163698803044	0.43982352917732365	0.39762900702683557
LUAD	T cell CD4+ memory resting	CIBERSORT	512	0.07166355220936504	-0.020296909313513703	0.16242160867496272	0.10530087698289585	0.0627223137406283	0.15684012625214963	0.22097147908260056	0.2969708928067337
LUAD	T cell CD4+ memory activated	CIBERSORT	512	0.10512779494767611	0.013430552740893368	0.1950715550272653	0.017333631803909642	0.10059703353890617	0.02295217548344372	0.055056458451085866	0.06783296004555174
LUAD	T cell follicular helper	CIBERSORT	512	-0.025587395568601786	-0.11713905917669881	0.066395502880453	0.5634962929624227	-0.011607025868140367	0.7935167564066079	0.7139567418934131	0.8753506044157393
LUAD	T cell regulatory (Tregs)	CIBERSORT	512	-0.13126080922991304	-0.22043079166460308	-0.03991502101640865	0.0029230324724070895	-0.1353588395689386	0.002166104309783595	0.012628792228852728	0.009757451441536702
LUAD	T cell gamma delta	CIBERSORT	512	-0.15782372962401264	-0.2460842574617942	-0.06696735672544507	0.0003371990114699996	-0.15451575198987544	0.00045592779392399606	0.0020252659521470024	0.0026100698012340036
LUAD	NK cell resting	CIBERSORT	512	-0.0444590325942122	-0.13573179763157414	0.04756203591753052	0.31536377817361844	-0.04563402736825023	0.3032065189293073	0.48985194422885275	0.47823214562871785
LUAD	NK cell activated	CIBERSORT	512	0.04758905983956647	-0.04443200087085068	0.1388093639229593	0.2824666883290154	0.06073463721162223	0.17042834754595274	0.4515309694875103	0.31507084581781336
LUAD	Monocyte	CIBERSORT	512	-0.007214010494358805	-0.09897534009163758	0.08466897247495042	0.8706463243725578	-0.006657047031468284	0.8806717230719152	0.924308207520147	0.9288984184545963
LUAD	Macrophage M0	CIBERSORT	512	0.1089310796950865	0.01727700331251005	0.19876972022080502	0.013657525711593755	0.09832655519174449	0.026239597774281417	0.04521670239824859	0.0751074870405859
LUAD	Macrophage M1	CIBERSORT	512	0.14286384021942897	0.05171538623219291	0.23165175525528706	0.0011895246570389247	0.13330558625255828	0.002531745551064245	0.005792081455818426	0.011097673884149326
LUAD	Macrophage M2	CIBERSORT	512	0.037198941265407286	-0.05481519478465618	0.12858660185509405	0.4009367522724486	0.03211046098422077	0.4688962627550618	0.5751622105869603	0.6399604391414461
LUAD	Myeloid dendritic cell resting	CIBERSORT	512	-0.06525272798344856	-0.15614401485164317	0.026734357936386274	0.14035680081085888	-0.06347151294473082	0.15193662490259122	0.2724421417566992	0.29049985494823066
LUAD	Myeloid dendritic cell activated	CIBERSORT	512	0.026480608571870234	-0.06550557171601797	0.11802052092928884	0.5499546343869615	0.04233720582848573	0.3395118722398392	0.7024902386321527	0.5159313721172838
LUAD	Mast cell activated	CIBERSORT	512	-0.09603348104161977	-0.18621821864586477	-0.004244011835113687	0.029802733425041476	-0.09676502217517735	0.02872929810992259	0.08389394362268694	0.08075597096319002
LUAD	Mast cell resting	CIBERSORT	512	0.10043656321734164	0.008689812587655634	0.1905064593267899	0.023037329636271434	0.1044371563056758	0.01820050204545377	0.06939596215548637	0.05625609723140256
LUAD	Eosinophil	CIBERSORT	512	-0.02052146628981839	-0.11213704755099278	0.07144005179279182	0.6431768487609683	-0.016562714233515168	0.7087659273470883	0.7749919905705922	0.8199037798600932
LUAD	Neutrophil	CIBERSORT	512	0.076020794605922	-0.015917214383974015	0.1666841087679463	0.08571688444557854	0.07145865091522471	0.10664631560329321	0.1896734681280204	0.2233737700599966
LUAD	B cell naive	CIBERSORT-ABS	512	0.16616641373315685	0.07549140799992696	0.25411586993302265	0.00015871828080346424	0.1607674923945834	0.00026319995149944237	0.001057220575709617	0.001628341472093069
LUAD	B cell memory	CIBERSORT-ABS	512	-0.27259158316785054	-0.35551938738025635	-0.18540562066453875	3.561360352343574e-10	-0.3123212018142711	5.036058982262326e-13	9.737705578785576e-09	2.1638451231478788e-11
LUAD	B cell plasma	CIBERSORT-ABS	512	-0.10990552468950271	-0.19971682084181583	-0.018262944656765413	0.012834024422180889	-0.1310612258355926	0.002995132665447465	0.04337168149587491	0.01277095825725146
LUAD	T cell CD8+	CIBERSORT-ABS	512	-0.028055350918310892	-0.11957419444248368	0.06393625879755122	0.5264768968114826	-0.06419522652068853	0.14731129658102665	0.6854893994448541	0.28405795555944197
LUAD	T cell CD4+ naive	CIBERSORT-ABS	512	0.04863673744787824	-0.043383916931193	0.13983908846382642	0.27199316970607895	0.05263718585583143	0.2349163698803044	0.43982352917732365	0.39762900702683557
LUAD	T cell CD4+ memory resting	CIBERSORT-ABS	512	0.031306423575649486	-0.06069495540206371	0.12278035293563684	0.4796750070313477	-0.0069813827265536536	0.8749045924160485	0.6458434151145211	0.9253115921954962
LUAD	T cell CD4+ memory activated	CIBERSORT-ABS	512	0.10580183596876136	0.014112046064382655	0.19572715264755772	0.016625073257886955	0.099785889879919	0.024083189254716718	0.053206934880797606	0.07048298651642393
LUAD	T cell follicular helper	CIBERSORT-ABS	512	-0.02393791965986618	-0.11551090480120539	0.06803853373106844	0.5889164858879216	-0.04687450548362036	0.29023822195985466	0.7347362666948862	0.4624415027966715
LUAD	T cell regulatory (Tregs)	CIBERSORT-ABS	512	-0.12906058754818014	-0.21830035402813514	-0.03768025013233915	0.0034399862347442795	-0.15256548519030833	0.000538926184126857	0.014424770069186974	0.003001711367430215
LUAD	T cell gamma delta	CIBERSORT-ABS	512	-0.15853927301827153	-0.24677359610377658	-0.06769793618476534	0.0003165471736917975	-0.15616042963055343	0.0003953475631239721	0.0019248825025426567	0.002315513411761606
LUAD	NK cell resting	CIBERSORT-ABS	512	-0.0441565000303211	-0.13543424229575274	0.0478644734883294	0.31867136903360194	-0.04701144056511916	0.2888298232645989	0.4935041720093905	0.4609488199855435
LUAD	NK cell activated	CIBERSORT-ABS	512	0.011889060026666749	-0.08002520116320709	0.10360284796297542	0.788414004905659	-0.006589002041298801	0.8818824674340026	0.871064922063048	0.9296738872113642
LUAD	Monocyte	CIBERSORT-ABS	512	-0.009398910859634674	-0.10113851579739236	0.08249918678411312	0.8319838062659881	-0.025168808441477238	0.5702758408224305	0.9011237347645468	0.7188196446214389
LUAD	Macrophage M0	CIBERSORT-ABS	512	0.07631135609646786	-0.01562503012417538	0.1669682319253528	0.08452304603371272	0.05282472619250689	0.233250531848965	0.1879198928106864	0.39549418019490595
LUAD	Macrophage M1	CIBERSORT-ABS	512	0.10456442534989864	0.012861019790735857	0.1945235389205359	0.017945969274506795	0.08133307249280709	0.06619495136649232	0.05672493117487596	0.155355498105033
LUAD	Macrophage M2	CIBERSORT-ABS	512	-0.003467170941800338	-0.09526373575697719	0.08838786478574644	0.9376199573604284	-0.06361917300129522	0.15098407099532318	0.9633464629009576	0.28890479910094513
LUAD	Myeloid dendritic cell resting	CIBERSORT-ABS	512	-0.05785734633388386	-0.1488931924191737	0.034150987939208385	0.19119315261856873	-0.06325366199773284	0.1533503011631284	0.3430472378386029	0.2925611128911807
LUAD	Myeloid dendritic cell activated	CIBERSORT-ABS	512	0.03392791592204699	-0.05807992664844048	0.12536423908069863	0.44364935950029	0.04246450621151294	0.33806040495401063	0.6129572422777858	0.5149325230328226
LUAD	Mast cell activated	CIBERSORT-ABS	512	-0.09895264961312983	-0.1890616331721247	-0.007191096778957965	0.02515149426438553	-0.11466358456219314	0.0094805948588089	0.07428982194038822	0.03312996915830155
LUAD	Mast cell resting	CIBERSORT-ABS	512	0.10346582611330721	0.01175057282603546	0.1934547182119638	0.019194590255987888	0.10317569652768423	0.019656775626439832	0.06008874932018626	0.0601392744126602
LUAD	Eosinophil	CIBERSORT-ABS	512	-0.020602961170519057	-0.11221755095798815	0.07135893806859765	0.6418586139945969	-0.016651763562891206	0.7072719356756391	0.7746520317355177	0.8197455123433808
LUAD	Neutrophil	CIBERSORT-ABS	512	0.08043540803623869	-0.01147625193524793	0.17099927932678538	0.06898094717145489	0.06886152947538421	0.12002469916750881	0.16083214277900337	0.2436266826877275
LUAD	B cell	QUANTISEQ	512	-0.1193334202551781	-0.20887149758316706	-0.02781128192768018	0.0068660293375375206	-0.17769746859459962	5.3620250673930145e-05	0.025764083214752116	0.0004094827737013025
LUAD	Macrophage M1	QUANTISEQ	512	0.05601202957558262	-0.03600002819611226	0.14708241911969136	0.20576262138267593	0.0320669319030919	0.4694994400889894	0.36045333763721454	0.6400776885453099
LUAD	Macrophage M2	QUANTISEQ	512	-0.1450655172443147	-0.23377827136920015	-0.05395738418679187	0.0009952573528591172	-0.20570806014790283	2.7461676069492593e-06	0.005027721252815437	3.0077073790396648e-05
LUAD	Monocyte	QUANTISEQ	512	0.020172169416507808	-0.0717877012049353	0.11179198662915177	0.648839616089642	0.034484920763652935	0.43664882838795205	0.7784660867004776	0.6100244023689536
LUAD	Neutrophil	QUANTISEQ	512	0.10152728940580232	0.009791681786073947	0.1915682061718907	0.02158313642728264	0.09194622624649512	0.037729086580997065	0.06598128493406967	0.10028601531726616
LUAD	NK cell	QUANTISEQ	512	0.021936753245906264	-0.07003121134074289	0.11353494511626583	0.6204459289625736	0.00890440523369846	0.8408566254211399	0.7599648809378934	0.903617576286335
LUAD	T cell CD4+ (non-regulatory)	QUANTISEQ	512	0.029434437246022856	-0.06256155352587747	0.12093446159787165	0.5063438513262678	0.040496760049953874	0.3609403557016656	0.6688528576640902	0.5372199432027074
LUAD	T cell CD8+	QUANTISEQ	512	-0.06025510287445302	-0.15124515238813874	0.031747451854340795	0.17341192786320525	-0.09227259394122912	0.03705181805734607	0.3189278635677952	0.09896581753400037
LUAD	T cell regulatory (Tregs)	QUANTISEQ	512	0.010912296811540738	-0.08099575920756462	0.10263634568806813	0.8054338158621125	-0.03984368226299731	0.36874322074372134	0.8833790238487685	0.5444811152220357
LUAD	Myeloid dendritic cell	QUANTISEQ	512	0.21376750287139598	0.12438218124373104	0.2997111852293439	1.0516193619668886e-06	0.21874716369138847	5.934504928440519e-07	1.2809444564768018e-05	8.001349748345665e-06
LUAD	uncharacterized cell	QUANTISEQ	512	-0.021301203205636714	-0.11290724883059514	0.07066391189548692	0.6306105229888008	0.02374324906890531	0.5923148222033795	0.7657413493435439	0.7324323070256843
LUAD	T cell	MCPCOUNTER	512	-0.14169727134912025	-0.2305246667244257	-0.05052782539489166	0.0013060781883444282	-0.2072974117304412	2.2901096158157386e-06	0.006265970204204557	2.565710199954022e-05
LUAD	T cell CD8+	MCPCOUNTER	512	-0.07680808020390427	-0.16745391462902684	0.015125495473875605	0.08251323598556201	-0.10591785494662193	0.016612062846333823	0.18523317140850762	0.05216850875904676
LUAD	cytotoxicity score	MCPCOUNTER	512	-0.021558070419391204	-0.11316095063429994	0.0704082052543436	0.6264938072520907	-0.05190717565598834	0.24148064752673976	0.7632359322464035	0.4053741571507409
LUAD	NK cell	MCPCOUNTER	512	0.02904240139641714	-0.06295237947831096	0.12054781047018467	0.5120257547017829	0.00101460574578972	0.9817465405191954	0.672633397960934	0.9888276593070722
LUAD	B cell	MCPCOUNTER	512	-0.18276486710083345	-0.2700594274235535	-0.09249021051326144	3.1757577361464276e-05	-0.2565947493607331	3.980243718663141e-09	0.0002636350901981429	8.743119629198247e-08
LUAD	Monocyte	MCPCOUNTER	512	0.06363905337413271	-0.02835353318103788	0.1545627182083547	0.15045514141477428	0.029333676926816443	0.5082177791848439	0.28752267133621423	0.6726917794897561
LUAD	Macrophage/Monocyte	MCPCOUNTER	512	0.06363905337413271	-0.02835353318103788	0.1545627182083547	0.15045514141477428	0.029333676926816443	0.5082177791848439	0.28752267133621423	0.6726917794897561
LUAD	Myeloid dendritic cell	MCPCOUNTER	512	-0.14419169071220533	-0.23293437711696174	-0.05306744467216818	0.0010685591351332871	-0.17256894547044638	8.82281909951608e-05	0.005295394446604756	0.0006204536453076956
LUAD	Neutrophil	MCPCOUNTER	512	0.14463242406765356	0.0535162868683987	0.23336003018366516	0.0010309871233332285	0.1414817602930667	0.0013433676146541573	0.005161536046392988	0.006590423304012239
LUAD	Endothelial cell	MCPCOUNTER	512	0.12098222249551084	0.02948286524234059	0.21047090724523057	0.0061271428602188965	0.09738455999390414	0.027718234269751157	0.023395633382281136	0.07864898112824893
LUAD	Cancer associated fibroblast	MCPCOUNTER	512	0.08309010632295473	-0.00880396192263841	0.17359250657608247	0.06027603886963209	0.04200075671451543	0.3433671848607783	0.14548105677793918	0.5197699159139152
LUAD	Myeloid dendritic cell activated	XCELL	512	-0.21752406643786157	-0.3032928207609246	-0.1282590904410847	6.70890062873196e-07	-0.2765720223311482	2.0020748306677297e-10	8.60059064207933e-06	5.8857989382788145e-09
LUAD	B cell	XCELL	512	-0.21500801092409444	-0.3008941957904427	-0.12566212858311612	9.073657589382382e-07	-0.25313989693675626	6.5110724476279466e-09	1.130482279988023e-05	1.3399101721171195e-07
LUAD	T cell CD4+ memory	XCELL	512	0.048862717999594824	-0.04315782217594829	0.1400611707381552	0.2697692769758287	0.04099936523508814	0.3550061813371243	0.4378571494294273	0.5308123017316084
LUAD	T cell CD4+ naive	XCELL	512	-0.11046112144970507	-0.20025675162354228	-0.018825176051836093	0.012384370935962282	-0.15006528555109822	0.0006658805063384094	0.04210686118227176	0.0036010965142229336
LUAD	T cell CD4+ (non-regulatory)	XCELL	512	0.08798101572401647	-0.0038772031307945003	0.1783668803495216	0.046615477665128	0.08290398580741425	0.06110905677236163	0.11975461082171517	0.14546137184232344
LUAD	T cell CD4+ central memory	XCELL	512	-0.1202240607155178	-0.2097355169379779	-0.02871416457249182	0.006457544487819037	-0.11747137054320117	0.007856330436409964	0.024442399755442823	0.028364036940316674
LUAD	T cell CD4+ effector memory	XCELL	512	-0.15956738619990257	-0.24776390125189335	-0.06874782418844867	0.00028893311794037747	-0.16283706456555155	0.0002184467692627596	0.001787545080928601	0.0013843223141286709
LUAD	T cell CD8+ naive	XCELL	512	-0.039410749907747636	-0.13076441268097552	0.052606526203063456	0.3735036674189106	-0.030869444341964467	0.4862595233662484	0.5499107224300053	0.654708931254143
LUAD	T cell CD8+	XCELL	512	-0.18637448788543262	-0.2735203041345802	-0.09619387331864156	2.1946497377189276e-05	-0.2061307679878096	2.617040075236421e-06	0.00019069067721068903	2.8987611031655542e-05
LUAD	T cell CD8+ central memory	XCELL	512	-0.21306990809056223	-0.29904580781025886	-0.12366253859088698	1.1421542848343523e-06	-0.2484052863669248	1.2632237949196684e-08	1.37834051040195e-05	2.4820125819778407e-07
LUAD	T cell CD8+ effector memory	XCELL	512	-0.062159897373868435	-0.15311283177042165	0.029837307334942754	0.1601882944364949	-0.07512048765328946	0.0898175795118939	0.30040107014229983	0.19773222936292492
LUAD	Class-switched memory B cell	XCELL	512	-0.22074441429404168	-0.30636128196912393	-0.1315847789943046	4.534416842317794e-07	-0.2510244773608375	8.769579572915012e-09	6.071770497761155e-06	1.7494416392906988e-07
LUAD	Common lymphoid progenitor	XCELL	512	0.2181237455963528	0.1288782336074449	0.3038643510540564	6.239731233281331e-07	0.27323160865672835	3.3581474876954476e-10	8.105431602036547e-06	9.726190131029039e-09
LUAD	Common myeloid progenitor	XCELL	512	-0.18861447522976874	-0.27566685282244086	-0.09849347572627853	1.7387152501282677e-05	-0.1887740652122917	1.7427956600230155e-05	0.00015346222636572295	0.0001545199780201812
LUAD	Myeloid dendritic cell	XCELL	512	-0.2357948538400489	-0.3206783224726481	-0.14715418696353438	6.712713678079806e-08	-0.28305479157316166	7.191436960785097e-11	1.066939450459026e-06	2.231628453703947e-09
LUAD	Endothelial cell	XCELL	512	-0.03721417615551317	-0.128601605584383	0.054799984602326955	0.4007437602035568	-0.08831316875457793	0.04600388926432655	0.5751622105869603	0.11802835106529976
LUAD	Eosinophil	XCELL	512	-0.12094163756073452	-0.21043154384889412	-0.029441713411476365	0.006144437371740287	-0.1315575823064888	0.002886467700628603	0.023415935792889395	0.012375097269142366
LUAD	Cancer associated fibroblast	XCELL	512	-0.2682970783311748	-0.35146497020537715	-0.1809276783667254	6.850589436226785e-10	-0.36973846032865065	5.340589737849242e-18	1.762223993134653e-08	4.745842244316031e-16
LUAD	Granulocyte-monocyte progenitor	XCELL	512	0.0013543198905109203	-0.09048382778855975	0.0931696278766809	0.9756125676396802	-0.02014181425807572	0.6496539450759199	0.9865705844051866	0.7765658591399716
LUAD	Hematopoietic stem cell	XCELL	512	-0.24995513429213342	-0.33411325984384443	-0.1618429567209475	9.851310005046066e-09	-0.28712505131039245	3.7297540294576275e-11	1.8518568326793327e-07	1.2358761233202816e-09
LUAD	Macrophage	XCELL	512	-0.17275472870361652	-0.26044996758932343	-0.08223232890563616	8.529350437086507e-05	-0.21698891832811296	7.337421370714292e-07	0.000614176062780999	9.523635545892255e-06
LUAD	Macrophage M1	XCELL	512	-0.08166193973256433	-0.17219756594757685	0.010241755598423137	0.06483890977950187	-0.1246009404293141	0.004791226156110717	0.15281503148755413	0.019038307185358642
LUAD	Macrophage M2	XCELL	512	-0.253229642376114	-0.33721517438638066	-0.16524524338974367	6.213616097474171e-09	-0.272907541090849	3.529628611895426e-10	1.2270322697537377e-07	9.928667534180659e-09
LUAD	Mast cell	XCELL	512	0.10874411449943218	0.01708785270900891	0.1985879823576978	0.013820745793463504	0.09764966062705778	0.027295035896920533	0.04556417879632572	0.07773021875962075
LUAD	B cell memory	XCELL	512	-0.26685487802671376	-0.35010269714123565	-0.17942468733170247	8.511750997299234e-10	-0.2894754831528214	2.5404881429579666e-11	2.133393999964103e-08	8.637659686057086e-10
LUAD	Monocyte	XCELL	512	-0.21313104689198292	-0.2991041263511802	-0.1237256059585196	1.133929811518184e-06	-0.26740271117130715	8.142998243687271e-10	1.3726518771009596e-05	2.1226082088544818e-08
LUAD	B cell naive	XCELL	512	0.03761530519632992	-0.05439949074343363	0.12899663319426097	0.3956823939511346	0.02606797549574215	0.5565782980545201	0.5696311341490928	0.7079444194512601
LUAD	Neutrophil	XCELL	512	0.05180811053776036	-0.04021007884310194	0.14295491482237246	0.24191870071721475	0.05492475550574824	0.21516547143210094	0.40527083110724493	0.3732462259536445
LUAD	NK cell	XCELL	512	0.002613680253914222	-0.08923463144538107	0.0944179142142902	0.9529549878511829	0.005623263905542293	0.8990944829128754	0.972352297102851	0.9389581806061279
LUAD	T cell NK	XCELL	512	-0.2791303350659858	-0.36168659769402756	-0.19223063273852617	1.2863596044397782e-10	-0.2841323619777217	6.050301195670244e-11	3.6982838627643623e-09	1.907796586699246e-09
LUAD	Plasmacytoid dendritic cell	XCELL	512	-0.13548567876894274	-0.22451927781872077	-0.0442087956880337	0.0021236211230060273	-0.16789273281466802	0.0001372500100318178	0.009722902331327362	0.0009136472181131818
LUAD	B cell plasma	XCELL	512	-0.284117891325129	-0.36638590120734654	-0.19744219701134227	5.8089995793268366e-11	-0.2865010109764812	4.127585342258087e-11	1.7471683350129177e-09	1.3449048906857599e-09
LUAD	T cell gamma delta	XCELL	512	0.021314318858712385	-0.07065085579412185	0.11292020314705467	0.6304000446424802	0.02951546524715037	0.5055918047875676	0.7657235708456346	0.6710332507533568
LUAD	T cell CD4+ Th1	XCELL	512	0.09968708303182325	0.0079328047319823	0.1897767698055448	0.024085073572334297	0.1173539070089164	0.007918949964378114	0.07183267556661106	0.02848490741556433
LUAD	T cell CD4+ Th2	XCELL	512	0.20623449362596405	0.11661605891831886	0.29252165055138996	2.5283571536073e-06	0.21192151281094093	1.339311302806339e-06	2.7769315928664446e-05	1.646763268544901e-05
LUAD	T cell regulatory (Tregs)	XCELL	512	0.07887793789276527	-0.013043432039630532	0.16947728905018253	0.07455036114317964	0.07069882700181543	0.11043233996660211	0.1704631064735862	0.2291881365548908
LUAD	immune score	XCELL	512	-0.2894874276440582	-0.371440421463618	-0.203058379192644	2.424660235589876e-11	-0.3665775883591904	1.0685475981224564e-17	7.835059108393731e-10	9.28449135257512e-16
LUAD	stroma score	XCELL	512	-0.21596269694391765	-0.30180445220175145	-0.12664736937182852	8.094888735278231e-07	-0.330887452580127	1.6052324299116012e-14	1.0276303556798014e-05	8.597888768430631e-13
LUAD	microenvironment score	XCELL	512	-0.30989080260029617	-0.3906025890243721	-0.22445095371111878	7.380343236918186e-13	-0.43537127605070347	4.753616901456889e-25	3.0699087293989474e-11	9.293321042348219e-23
LUAD	B cell	EPIC	512	-0.19652143409600273	-0.2832370464891893	-0.10661857302063621	7.476188723286926e-06	-0.2587129671017572	2.9329308422235464e-09	7.400480483051109e-05	6.667302089008179e-08
LUAD	Cancer associated fibroblast	EPIC	512	0.15152858902808225	0.060544129411165465	0.24001580795518584	0.0005812737026584885	0.14941650540019125	0.0007030829958622701	0.0032192353787460198	0.0037709938461199946
LUAD	T cell CD4+	EPIC	512	0.25957156149136734	0.17184059911042773	0.34321764061073373	2.4983860035020483e-09	0.25418380906802285	5.615648151879978e-09	5.3674116888423125e-08	1.1679353337154636e-07
LUAD	T cell CD8+	EPIC	512	-0.084700063830117	-0.17516457348489908	0.007182696180644208	0.05545396777587568	-0.07118157249585734	0.10801487171607392	0.1372310215213126	0.22558980410771742
LUAD	Endothelial cell	EPIC	512	0.12147516972246365	0.029982722789969368	0.21094899442229528	0.005920545120737837	0.0976859307728495	0.027237569904653706	0.02278477502173715	0.07762310373702332
LUAD	Macrophage	EPIC	512	-0.1421460960665054	-0.2309583300213794	-0.050984696032041296	0.001260044943908929	-0.20768199542833854	2.1911851046847648e-06	0.0060599947486886995	2.476165826392321e-05
LUAD	NK cell	EPIC	512	-0.12963680580836434	-0.21885837870036742	-0.03826542818709816	0.0032971331886408528	-0.14689069928824677	0.0008670246169097789	0.013982419487620102	0.0045080668246239835
LUAD	uncharacterized cell	EPIC	512	-0.07256637369901477	-0.16330507784189457	0.01938972544417907	0.10097622838383477	0.03322552233529896	0.4535915662256258	0.2145744853156489	0.6260300119810084
LUSC	B cell	TIMER	498	-0.09886360998357901	-0.1902215916642269	-0.0058080852418661835	0.027377376879473742	-0.10142207805292026	0.023747317161760557	0.0788839672798396	0.06983564550887046
LUSC	T cell CD4+	TIMER	498	0.0566911064561997	-0.036611132326858406	0.1490135344219058	0.20660695512178964	0.06982035502684254	0.12006089978061026	0.36112346648466587	0.2436266826877275
LUSC	T cell CD8+	TIMER	498	-0.18395312053070131	-0.2723965852224216	-0.09242719610920037	3.626649511007974e-05	-0.1957378613826287	1.1062977012599952e-05	0.0002935859127958836	0.00010299104790301385
LUSC	Neutrophil	TIMER	498	-0.17178235728218413	-0.26072124483232795	-0.07995216196922211	0.0001169077161127612	-0.19946645373985397	7.439439312024653e-06	0.0008061890123472597	7.345506997478887e-05
LUSC	Macrophage	TIMER	498	-0.038950276089277085	-0.1315820665212326	0.05435584062722686	0.38574704251822856	-0.04107639204908613	0.360813378188201	0.5623870661641305	0.5372199432027074
LUSC	Myeloid dendritic cell	TIMER	498	-0.17365241781633686	-0.26251687588593514	-0.08186710569043312	9.815577501101631e-05	-0.22077094376647763	6.666784471081095e-07	0.000690268130023514	8.80646191956996e-06
LUSC	B cell naive	CIBERSORT	498	0.035502719528947284	-0.05779732529248155	0.1281879672178976	0.42921602281700466	0.03528011752660777	0.4325819445151373	0.5985144968667933	0.605583746170493
LUSC	B cell memory	CIBERSORT	498	-0.12160395363643624	-0.21230908940684234	-0.02882129174609166	0.006588185695915951	-0.12375981037127715	0.0057321935619777335	0.024816768854558156	0.02205991813713872
LUSC	B cell plasma	CIBERSORT	498	-0.1096863960620818	-0.20074521613786112	-0.016748455820922423	0.01432556916789494	-0.11010722492040362	0.014050656009740927	0.046912039737411405	0.045667551951859536
LUSC	T cell CD8+	CIBERSORT	498	-0.11984644271912809	-0.2106053326116312	-0.027039178296914688	0.007419194431056134	-0.12169835424221545	0.006600541172884985	0.027548955579705114	0.024602589119142315
LUSC	T cell CD4+ naive	CIBERSORT	498	0.028460834863265675	-0.06481992400689715	0.12124851988331097	0.5263015218333337	0.02817246284970918	0.5309177790622306	0.6854893239068404	0.688444727479351
LUSC	T cell CD4+ memory resting	CIBERSORT	498	0.047109352987048714	-0.04620229301895965	0.1396059873497635	0.2940727189609984	0.0537839551676612	0.23135344891367482	0.4640130472709862	0.3931299370936413
LUSC	T cell CD4+ memory activated	CIBERSORT	498	-0.15495364163100603	-0.24453458874869966	-0.0627499831427637	0.0005200237720303767	-0.15511750999294407	0.0005196218374155191	0.0029258878325743587	0.0029149517708675463
LUSC	T cell follicular helper	CIBERSORT	498	0.08057428498866027	-0.012629452257585485	0.17238997133030748	0.07241628471747526	0.08371127338890501	0.0622105605660834	0.16695027903616053	0.14768870176890472
LUSC	T cell regulatory (Tregs)	CIBERSORT	498	-0.02422024403791166	-0.11706523629139329	0.06904444833950077	0.5897366204962384	-0.02387980266408181	0.5953497978924124	0.7355247802680358	0.7334703881298871
LUSC	T cell gamma delta	CIBERSORT	498	-0.272790791804855	-0.35683639486437146	-0.1843645284229783	6.014131899808513e-10	-0.2733015010908945	5.797184692266818e-10	1.5912644060420856e-08	1.563240837707811e-08
LUSC	NK cell resting	CIBERSORT	498	0.1119521644813318	0.019041661359148632	0.20294569738990095	0.012422842215119448	0.11211922567063666	0.012379900121992811	0.04220096703832932	0.04142551259016036
LUSC	NK cell activated	CIBERSORT	498	0.07402386120395671	-0.019217580567403823	0.16598880742175418	0.09893817555686248	0.07448993663018169	0.09716319577627709	0.2109964316419049	0.20789549822164208
LUSC	Monocyte	CIBERSORT	498	0.024903696623389524	-0.06836381120466695	0.1177396755014539	0.5792790085652793	0.024733117714562294	0.5822621460825919	0.7266541300899075	0.7254621282302122
LUSC	Macrophage M0	CIBERSORT	498	0.1378859132422111	0.045359265759941	0.22806688396172378	0.002041955695131599	0.14244232095366938	0.001453602287080982	0.009415149490524235	0.007042856186476629
LUSC	Macrophage M1	CIBERSORT	498	-0.03690035152733419	-0.12956418948494014	0.05640242203650358	0.4112615503862677	-0.037136745455600424	0.4087426990199638	0.5837667685581526	0.583704876978838
LUSC	Macrophage M2	CIBERSORT	498	-0.09856669506217118	-0.18993258782091374	-0.00550825810620365	0.027846894019215005	-0.09859474452202352	0.02796019726535459	0.0798836064674473	0.07922055891850467
LUSC	Myeloid dendritic cell resting	CIBERSORT	498	-0.049341391223170286	-0.14179893758354073	0.04396959939565599	0.27176775506527046	-0.04978145453025147	0.2679935203843211	0.43982352917732365	0.4385803243229307
LUSC	Myeloid dendritic cell activated	CIBERSORT	498	0.015349517922111955	-0.07787076195819562	0.10830372130989295	0.7325782774621974	0.014879936537339286	0.7407133360680098	0.8395020705970668	0.8407645913141955
LUSC	Mast cell activated	CIBERSORT	498	0.05800238207338171	-0.03529723083777637	0.15029967091061686	0.19628389549207229	0.05972044324422513	0.1837781368579666	0.35001635452322577	0.3325185169433824
LUSC	Mast cell resting	CIBERSORT	498	-0.02669614135532202	-0.11950807471634002	0.0665783378317001	0.5522729357628473	-0.027735149042628165	0.537317034519518	0.7045308903206307	0.692046814661609
LUSC	Eosinophil	CIBERSORT	498	0.08132729009259097	-0.011871593891831865	0.17312532161300792	0.06977989453132415	0.08140922541035632	0.06977983250314214	0.1623077856142043	0.16269477941996766
LUSC	Neutrophil	CIBERSORT	498	-0.12516974533983344	-0.21576412646924545	-0.03243881246377653	0.005153696662205646	-0.12510314066424535	0.0052230751690521575	0.020313461642362984	0.020422223910993936
LUSC	B cell naive	CIBERSORT-ABS	498	0.013125775097913035	-0.08008108290077023	0.10610508982775378	0.7701412231148976	0.013372769711534789	0.7661699875292235	0.8600438742371784	0.8596053518620557
LUSC	B cell memory	CIBERSORT-ABS	498	-0.13270161999585903	-0.2230546098053744	-0.040087946489516475	0.003006737030627082	-0.13710225241236476	0.002189327049920093	0.012897942234876022	0.009839389385273062
LUSC	B cell plasma	CIBERSORT-ABS	498	-0.16039245181839434	-0.24977136026705776	-0.06830350625180094	0.00032613879563391613	-0.16506175072068588	0.00021909254571020329	0.0019648731755448567	0.0013861680481017716
LUSC	T cell CD8+	CIBERSORT-ABS	498	-0.18314054385441184	-0.27161789581520746	-0.09159340879126066	3.930917512460119e-05	-0.19125194893710964	1.7657246451981853e-05	0.00031483358976194077	0.00015619871861368562
LUSC	T cell CD4+ naive	CIBERSORT-ABS	498	0.028868201925807153	-0.06441392425163489	0.12165020835179643	0.520395822906549	0.028582709817499073	0.5249498430990246	0.6794153521157197	0.6846338248485703
LUSC	T cell CD4+ memory resting	CIBERSORT-ABS	498	-0.02760965022459187	-0.12040910244238191	0.0656681520213286	0.5387505817113202	-0.03176218793940207	0.4798862516988375	0.6954843449640744	0.648757401588239
LUSC	T cell CD4+ memory activated	CIBERSORT-ABS	498	-0.16563427738418593	-0.2548135217374823	-0.07366129615089781	0.0002050868235760703	-0.16559011335136936	0.00020897218562022774	0.001329833300468383	0.0013416769224549926
LUSC	T cell follicular helper	CIBERSORT-ABS	498	-0.06293696424692402	-0.155136851441954	0.030349874623540576	0.160808671894743	-0.06329981083194641	0.15882507658268263	0.30103008453266755	0.2994243247050574
LUSC	T cell regulatory (Tregs)	CIBERSORT-ABS	498	-0.06861360138841828	-0.1606959769176	0.024652883310986664	0.12623223374642795	-0.07148751287811035	0.11144523161190137	0.25233539567920926	0.23080024131490165
LUSC	T cell gamma delta	CIBERSORT-ABS	498	-0.27227574438939633	-0.35635077093947537	-0.18382701298071316	6.495560039816052e-10	-0.272626568976977	6.412584952007667e-10	1.704539580918172e-08	1.6827655813657704e-08
LUSC	NK cell resting	CIBERSORT-ABS	498	0.09953761706199583	0.006488765251251294	0.1908775815601983	0.026336766295501385	0.10025392701526575	0.025416279606313034	0.07663732380368227	0.07350418140583134
LUSC	NK cell activated	CIBERSORT-ABS	498	-0.003384111602247138	-0.09646270574509307	0.08975315752207404	0.9399521674984964	-0.0029387660762409925	0.9478948991184459	0.9639684879417363	0.9687059737462425
LUSC	Monocyte	CIBERSORT-ABS	498	-0.023907161773797904	-0.11675625435444127	0.06935621188138218	0.5945559371556254	-0.02356665012101577	0.6001860933264379	0.7401189793946181	0.7370375706364234
LUSC	Macrophage M0	CIBERSORT-ABS	498	0.06852494996943369	-0.024741899186047852	0.1606092055488053	0.1267238187875215	0.08120129734217962	0.07049912453004906	0.2526934150178508	0.16393044012336652
LUSC	Macrophage M1	CIBERSORT-ABS	498	-0.1139896739372717	-0.20492371233831308	-0.02110467897885169	0.010906082404365683	-0.11919474650825225	0.007812536832387527	0.038073912679526624	0.028310490282331076
LUSC	Macrophage M2	CIBERSORT-ABS	498	-0.17432327491244096	-0.2631608825233173	-0.08255422918255845	9.214803600638483e-05	-0.2084576712963321	2.7705276252142758e-06	0.0006538998562340557	3.0259114565887758e-05
LUSC	Myeloid dendritic cell resting	CIBERSORT-ABS	498	-0.060155700139374324	-0.15241102911035162	0.03313890074349653	0.1801575958320816	-0.06008492309378877	0.1811121185751409	0.32839916070090397	0.3293713412226981
LUSC	Myeloid dendritic cell activated	CIBERSORT-ABS	498	-0.004287290191577982	-0.09735741524046304	0.08885716897339996	0.9239694673159855	-0.0045063806992451235	0.9201771894248716	0.9572656643363814	0.954095150000331
LUSC	Mast cell activated	CIBERSORT-ABS	498	0.027421020426976295	-0.0658561083601747	0.12022306239238964	0.5415291901152162	0.029562664160965414	0.5108341589304162	0.6969648233543433	0.6752405549080214
LUSC	Mast cell resting	CIBERSORT-ABS	498	-0.051647968844533494	-0.1440641687761576	0.04166136477546744	0.24996137809690658	-0.051715402117041884	0.24982099834481114	0.41483403580598677	0.4163637195424614
LUSC	Eosinophil	CIBERSORT-ABS	498	0.081561919440182	-0.01163543043205652	0.17335442897213493	0.06897465655019999	0.08164412377440511	0.06897447817105516	0.16083214277900337	0.1610090803873586
LUSC	Neutrophil	CIBERSORT-ABS	498	-0.1511450421390558	-0.2408643559000156	-0.05886445062357142	0.0007145787929219	-0.1520714439888702	0.0006702431088552696	0.003796199837397594	0.0036196830878785966
LUSC	B cell	QUANTISEQ	498	-0.04962217808735923	-0.14207474299168588	0.043688664065735974	0.269045867665852	-0.052190771374889006	0.2454887475771945	0.43686434492254206	0.4107554719360086
LUSC	Macrophage M1	QUANTISEQ	498	-0.20658139089014074	-0.29403474349657194	-0.11569780131979475	3.3402579468209534e-06	-0.23460921631328158	1.2157306629561876e-07	3.5684176426420564e-05	1.8641203498661544e-06
LUSC	Macrophage M2	QUANTISEQ	498	-0.09386495063566483	-0.18535400636398044	-0.0007626270514924833	0.036256109328255404	-0.11488756414873379	0.010368574796077702	0.09810951415802546	0.03589655702853726
LUSC	Monocyte	QUANTISEQ	498	-0.10617943054105457	-0.19733748962315906	-0.013200949862275347	0.017776523002376046	-0.11071996861944275	0.013521978307848601	0.056337291877030536	0.04442935729721684
LUSC	Neutrophil	QUANTISEQ	498	-0.07013659770719452	-0.16218645247647873	0.023123394793832453	0.11801625375764822	-0.0713035378769248	0.11237142262954687	0.24033518343354404	0.23224182172634486
LUSC	NK cell	QUANTISEQ	498	0.1845039003179716	0.09299242586458006	0.2729243297109036	3.433237915081885e-05	0.1847458826108245	3.4132173482013854e-05	0.0002808359884512588	0.0002803714250308281
LUSC	T cell CD4+ (non-regulatory)	QUANTISEQ	498	0.09410957218776651	0.0010094285586920123	0.18559231801375983	0.03577064080627938	0.09403368461484861	0.036108228441213974	0.09699251425281026	0.09689991297539233
LUSC	T cell CD8+	QUANTISEQ	498	-0.24311562345405174	-0.32878221576987054	-0.15348086598809405	3.9213094212234467e-08	-0.2558199968073444	7.2381269985090425e-09	6.55227343460841e-07	1.4702786419658088e-07
LUSC	T cell regulatory (Tregs)	QUANTISEQ	498	-0.21702455432178894	-0.30399081974066255	-0.12647116036976971	1.0118315008225631e-06	-0.2687029928413392	1.1464814949721992e-09	1.2441072856025856e-05	2.873552977782884e-08
LUSC	Myeloid dendritic cell	QUANTISEQ	498	0.1948808588783191	0.10365266433105746	0.28285735568451625	1.1863554535078843e-05	0.1949872893204758	1.197212262538437e-05	0.00010940211847207141	0.00011066430133629523
LUSC	uncharacterized cell	QUANTISEQ	498	0.17119038927125363	0.07934612738574522	0.26015270923167455	0.00012351341357427775	0.23014945403451242	2.1288704882866335e-07	0.0008457748635296427	3.071543767232744e-06
LUSC	T cell	MCPCOUNTER	498	-0.22455639678413608	-0.3111595925692954	-0.13425442909724344	4.1185442966661186e-07	-0.24378602548343206	3.703838866254386e-08	5.552933862056733e-06	6.643123838098463e-07
LUSC	T cell CD8+	MCPCOUNTER	498	-0.20917541038849646	-0.2965095462696851	-0.11837184487578331	2.4967467975991017e-06	-0.21699469625919768	1.041141071132226e-06	2.749938022144363e-05	1.3131811574603237e-05
LUSC	cytotoxicity score	MCPCOUNTER	498	-0.05392089790223382	-0.146295407536248	0.039385828139829694	0.22969525182385486	-0.05439026173558224	0.22612850236148832	0.38988541665541615	0.3869419887235971
LUSC	NK cell	MCPCOUNTER	498	-0.15259660598198974	-0.24226348703121958	-0.0603450061150236	0.0006336038220856852	-0.16286360385193308	0.00026632494503925336	0.0034312893966136136	0.0016424771847058056
LUSC	B cell	MCPCOUNTER	498	-0.2297107270703737	-0.3160597868519197	-0.13958724909402193	2.185938717873304e-07	-0.2579419382151564	5.379877112644138e-09	3.1891867115241114e-06	1.1248833962801379e-07
LUSC	Monocyte	MCPCOUNTER	498	-0.10511286410765122	-0.19630066749731453	-0.012122517921016433	0.01896094072037573	-0.11415050279268414	0.010873585513811696	0.059452508593960784	0.03716409034877949
LUSC	Macrophage/Monocyte	MCPCOUNTER	498	-0.10511286410765122	-0.19630066749731453	-0.012122517921016433	0.01896094072037573	-0.11415050279268414	0.010873585513811696	0.059452508593960784	0.03716409034877949
LUSC	Myeloid dendritic cell	MCPCOUNTER	498	-0.1500132224909601	-0.2397731605180322	-0.05771030709623333	0.0007842571308242838	-0.1628787860547752	0.0002659683303654084	0.00406690368902248	0.0016424771847058056
LUSC	Neutrophil	MCPCOUNTER	498	0.16332131289437102	0.0712965075384597	0.2525892570101822	0.0002521074367837392	0.16381070020661614	0.0002449135869698674	0.0015924718543205499	0.0015224358108937703
LUSC	Endothelial cell	MCPCOUNTER	498	0.08258077761460941	-0.010609789887882344	0.17434919314954267	0.06556579797533957	0.10809495093963079	0.015916956586395872	0.15416243579421218	0.05051305453611705
LUSC	Cancer associated fibroblast	MCPCOUNTER	498	-0.03759579140270219	-0.13024884322372698	0.05570820420026149	0.40249583349479745	-0.060894157627310076	0.17529541899728324	0.5762371051701035	0.32208885727414355
LUSC	Myeloid dendritic cell activated	XCELL	498	-0.2877783043697461	-0.37094783959270744	-0.2000290432607061	5.955403312678461e-11	-0.3202156960151414	2.5888250763805565e-13	1.7775287750055557e-09	1.1908595351350559e-11
LUSC	B cell	XCELL	498	-0.2542679703984327	-0.33934313471916794	-0.16506687959579588	8.67384214081115e-09	-0.26791978463162414	1.2860326560385328e-09	1.646345765561728e-07	3.202794703892142e-08
LUSC	T cell CD4+ memory	XCELL	498	-0.10108976947697067	-0.19238793249663994	-0.008056612571436786	0.02406916033536705	-0.10103451063501799	0.024290218346124735	0.07183267556661106	0.07098262610863057
LUSC	T cell CD4+ naive	XCELL	498	-0.1376626001599605	-0.2278510790564055	-0.045132097793268613	0.002076839263876598	-0.14111898815977017	0.0016109819691797309	0.009542234455649235	0.007644344052782461
LUSC	T cell CD4+ (non-regulatory)	XCELL	498	0.11252810688905163	0.019624733955997477	0.20350489779618555	0.01197626964417085	0.11326608506289786	0.011508237214476302	0.04100456594457795	0.038958621219569126
LUSC	T cell CD4+ central memory	XCELL	498	-0.010579894850115889	-0.10358684187446611	0.08261047204053452	0.8138103533210942	-0.010336336097651338	0.8182013485178368	0.8900695053106233	0.8886575757513171
LUSC	T cell CD4+ effector memory	XCELL	498	-0.3217021091675267	-0.4027474590191743	-0.23565167960732644	1.8736065989234717e-13	-0.33725638654394424	1.0991420245540534e-14	8.324774774762243e-12	6.214693425979953e-13
LUSC	T cell CD8+ naive	XCELL	498	-0.041700214834012664	-0.13428780897422415	0.05160915491015403	0.35307367379302995	-0.04294118336305874	0.33940612249714447	0.5308064170194151	0.5159313721172838
LUSC	T cell CD8+	XCELL	498	-0.27345009431226974	-0.35745796663118545	-0.1850526690290012	5.448283811658571e-10	-0.2813675272128647	1.6990263762968653e-10	1.4691579105920697e-08	5.0327220691823815e-09
LUSC	T cell CD8+ central memory	XCELL	498	-0.36255205039610344	-0.44078163737527815	-0.2788563758825653	6.469761069165087e-17	-0.3772301073992733	2.970907258090519e-18	5.0593531560870975e-15	2.7014528788683557e-16
LUSC	T cell CD8+ effector memory	XCELL	498	-0.2343793408849926	-0.32049424036995783	-0.14442204906341793	1.215676631833961e-07	-0.2375822163757917	8.315857944394151e-08	1.8495313737240417e-06	1.3604604419490012e-06
LUSC	Class-switched memory B cell	XCELL	498	-0.1439789294482679	-0.23395162523257762	-0.05156115581786549	0.0012741079818288242	-0.14996633675180285	0.0007969815796900524	0.006120100993796932	0.004177209083898264
LUSC	Common lymphoid progenitor	XCELL	498	0.041493512678212635	-0.05181566162697394	0.13408447685576078	0.35546718644778774	0.04327520383482537	0.33565922504142914	0.5323158556150326	0.5128673583087097
LUSC	Common myeloid progenitor	XCELL	498	-0.0308018086696418	-0.1235564467091011	0.06248638630917183	0.49283550611407234	-0.030529783155734125	0.4970997626996897	0.6566131873982544	0.663591694146735
LUSC	Myeloid dendritic cell	XCELL	498	-0.30645366289950204	-0.3884779799429152	-0.21961096353842413	2.739098247633081e-12	-0.3504112959890129	8.359426843752766e-16	1.10411073693251e-10	5.635406717081606e-14
LUSC	Endothelial cell	XCELL	498	-0.08652594311940864	-0.17819929714206795	0.006636511588077839	0.05364730783323546	-0.10250175568977232	0.022289908198439193	0.13401901663328508	0.06638007546768113
LUSC	Eosinophil	XCELL	498	-0.053400123062241414	-0.1457842677906394	0.039907285911987854	0.2342324389868364	-0.053712902732782924	0.23197130636939134	0.3954442298957385	0.39400860465000875
LUSC	Cancer associated fibroblast	XCELL	498	-0.19498181650019603	-0.2829539016796545	-0.10375648104107811	1.1738227887816099e-05	-0.2253782466395963	3.8286365676536224e-07	0.00010850229560605425	5.2897416888783265e-06
LUSC	Granulocyte-monocyte progenitor	XCELL	498	-0.02154167328331836	-0.11442116476748117	0.07171114813897522	0.631533364495171	-0.02114694833995047	0.6381371736765901	0.7666238606569756	0.767728107407836
LUSC	Hematopoietic stem cell	XCELL	498	-0.1487380869741464	-0.23854352153747385	-0.05641031645298308	0.0008702617040201794	-0.16447709800489826	0.0002308249065884774	0.0044713840508789765	0.0014556861044531398
LUSC	Macrophage	XCELL	498	-0.3340475393656104	-0.41427151223428377	-0.2486729838580945	1.904978671423414e-14	-0.3634346258860231	5.775199523506398e-17	1.0203378911322669e-12	4.804474497214897e-15
LUSC	Macrophage M1	XCELL	498	-0.3003691434279783	-0.38277309136087956	-0.21322338753803555	7.655386669624418e-12	-0.33000360433189774	4.320448504678679e-14	2.771533507243655e-10	2.2227570596438997e-12
LUSC	Macrophage M2	XCELL	498	-0.30552145590997254	-0.38760434376651015	-0.21863184214464523	3.211222452938844e-12	-0.32278093112135375	1.6294052986596776e-13	1.255587979099088e-10	7.769481363121145e-12
LUSC	Mast cell	XCELL	498	0.17485118648201334	0.08309500247253176	0.263667609242803	8.766568789394742e-05	0.1834123093144442	3.896164202045343e-05	0.0006297793210120327	0.0003134568318929484
LUSC	B cell memory	XCELL	498	-0.32588206297141215	-0.4066521876076413	-0.24005701612867633	8.741360532716739e-14	-0.33672785367957786	1.2159271085837751e-14	4.16813654669786e-12	6.696161964172621e-13
LUSC	Monocyte	XCELL	498	-0.3705509311614409	-0.4481964163114228	-0.28735619750587105	1.18044983027443e-17	-0.40581177874247487	3.9805627502747406e-21	9.905992756707498e-16	5.020645275346528e-19
LUSC	B cell naive	XCELL	498	-0.003513277398061079	-0.09659066957326835	0.08962502922927269	0.9376648126407119	-0.003078958433847951	0.945413033300403	0.9633464629009576	0.9672004786825974
LUSC	Neutrophil	XCELL	498	-0.09498756463112254	-0.18644757441751378	-0.0018953386846762325	0.03407347082016563	-0.0949357994976183	0.03435308716461122	0.09310081824377892	0.09301978588201515
LUSC	NK cell	XCELL	498	-0.05775776396531414	-0.1500597662012234	0.035542363276144066	0.19818051252030122	-0.058815548623396156	0.1905221439534044	0.35048393685035373	0.34161928349091747
LUSC	T cell NK	XCELL	498	-0.0759904400536068	-0.16791138967192637	0.017240532180925985	0.09026819122321966	-0.07616230361062623	0.08986449400969759	0.19685208808324262	0.19773222936292492
LUSC	Plasmacytoid dendritic cell	XCELL	498	-0.3099204443398097	-0.39172564917857217	-0.22325375051751836	1.5087224742560581e-12	-0.3179004179898194	3.9168975043380926e-13	6.14490091077207e-11	1.7207942968496564e-11
LUSC	B cell plasma	XCELL	498	-0.30458158654835615	-0.38672337734818957	-0.21764484985386076	3.767492755278537e-12	-0.30780543222974205	2.28592186285628e-12	1.444205556190106e-10	8.937954483768055e-11
LUSC	T cell gamma delta	XCELL	498	0.06345152253427357	-0.02983372101114926	0.15564099866750775	0.15740729933906983	0.06344030961182348	0.1579005305763816	0.2966084532124159	0.29825655775538745
LUSC	T cell CD4+ Th1	XCELL	498	0.11108953558704608	0.0181684712829133	0.202108033115811	0.01311921214245353	0.11427380155706746	0.010787616224620454	0.04399324140393937	0.03695611071408441
LUSC	T cell CD4+ Th2	XCELL	498	0.013971463172790426	-0.079240607154686	0.10694133521908325	0.7557872072371355	0.013345434492078739	0.7666341166200825	0.8513765428686834	0.8598793448033628
LUSC	T cell regulatory (Tregs)	XCELL	498	-0.09196849992778076	-0.18350610856036162	0.0011503392286025325	0.040213101870893345	-0.09377279018806706	0.036629812810901996	0.10659879885775794	0.09816488560015545
LUSC	immune score	XCELL	498	-0.35002142779535467	-0.4291445354975517	-0.2655673153990893	8.458527362008114e-16	-0.3919435119088251	1.068998062266241e-19	5.512140330908621e-14	1.1296709252597304e-17
LUSC	stroma score	XCELL	498	-0.1883782858974866	-0.27663517340557947	-0.09697012524355396	2.3243796486586193e-05	-0.2558009064626868	7.257385624025604e-09	0.00020151495401896232	1.4702786419658088e-07
LUSC	microenvironment score	XCELL	498	-0.3495971227121297	-0.4287500259977651	-0.26511788955312765	9.209491375729405e-16	-0.41000139879812486	1.4284520824630894e-21	5.807921174048706e-14	1.9947313008681e-19
LUSC	B cell	EPIC	498	-0.22080619860465936	-0.30759140277591324	-0.13037764946276598	6.468895233107603e-07	-0.24078172193352296	5.494840225088439e-08	8.375291510414149e-06	9.506559858449468e-07
LUSC	Cancer associated fibroblast	EPIC	498	-0.0023279939990999764	-0.09541630052553209	0.09080067639168495	0.9586714559793732	0.002192026439485035	0.9611225589079175	0.9756390923683886	0.9763546909145122
LUSC	T cell CD4+	EPIC	498	0.21629716765669477	0.12572008216686434	0.3032979745842784	1.1017451150670455e-06	0.23445935237340276	1.239062555074497e-07	1.3378333540099836e-05	1.8851107355413553e-06
LUSC	T cell CD8+	EPIC	498	0.038150050241093914	-0.0551548547064839	0.13079444234828366	0.3955902765000345	0.03844378235993751	0.39243796608226433	0.5696311341490928	0.567257836370297
LUSC	Endothelial cell	EPIC	498	0.09913780905887609	0.0060849885897924704	0.19048847084584972	0.026949844713301963	0.12937328616522206	0.0038638174169342626	0.07793926984394281	0.01586925010526572
LUSC	Macrophage	EPIC	498	-0.28088714740601417	-0.3644642592363004	-0.1928210299053208	1.7545519331446948e-10	-0.32800259898341355	6.263033220174922e-14	4.900212898996969e-09	3.180319466348564e-12
LUSC	NK cell	EPIC	498	-0.17559438843653766	-0.26438090377089585	-0.08385640295319492	8.170238484423023e-05	-0.17968315969061951	5.6130825733010776e-05	0.0005915857865572966	0.00042497634614925914
LUSC	uncharacterized cell	EPIC	498	0.004148998320098797	-0.0889943697026335	0.09722042988280238	0.9264148668688554	-0.03535286207320325	0.43163305130475066	0.958131155959173	0.6046883663925385
MESO	B cell	TIMER	87	0.4239082889844718	0.22200715128495568	0.5909518782839506	4.286894203098215e-05	0.41883951810540054	5.9828434256880195e-05	0.0003413799660715686	0.0004481401876329532
MESO	T cell CD4+	TIMER	87	-0.10308376467157539	-0.3186392191338835	0.1226093374070064	0.3420468547848375	-0.1461007837564472	0.179507904028058	0.520187943293938	0.3274261872425129
MESO	T cell CD8+	TIMER	87	0.18726762411606035	-0.03715948249830235	0.3937112673184516	0.08241309426734261	0.18111145747140014	0.09515443644135849	0.18519264286512047	0.20498834517119102
MESO	Neutrophil	TIMER	87	-0.05495006196690238	-0.2744648380120535	0.17000820160655447	0.6132013574906215	-0.0568067225760679	0.6034016868544427	0.7560434458884554	0.7389723296962688
MESO	Macrophage	TIMER	87	0.03359345333482071	-0.19071059431218515	0.25456365255302843	0.7574021395695862	-0.003419853188629934	0.975069829864976	0.851815876521087	0.9848106829316723
MESO	Myeloid dendritic cell	TIMER	87	0.23711452941605304	0.015032807759052875	0.4369016726944235	0.02701463128212222	0.22699128291571782	0.03557552087688238	0.0780688901057634	0.09573316354343434
MESO	B cell naive	CIBERSORT	87	0.04766932998446617	-0.17708828231434046	0.2677013384007306	0.6610613332587586	0.03861338170115553	0.7241052534109342	0.7885516642080485	0.8293062509773734
MESO	B cell memory	CIBERSORT	87	-0.1897978952764642	-0.3959258308794953	0.03453933079458698	0.07828006735826376	-0.18188242801127374	0.09373081086854851	0.1776407796696525	0.20360415027556927
MESO	B cell plasma	CIBERSORT	87	-0.03766547570085664	-0.2583726682811202	0.18677864494813382	0.7290708897527344	-0.034770859474165014	0.7506143746191275	0.8367088872712625	0.8469747251414844
MESO	T cell CD8+	CIBERSORT	87	-0.07530801195596704	-0.2932619605171633	0.1500872700314828	0.48815139064749835	-0.07401533128936247	0.49823096960595	0.6531034570109756	0.6646479328417825
MESO	T cell CD4+ naive	CIBERSORT	87	0.038645002981883524	-0.18583173817069457	0.2592879063854	0.7223080397400253	0.029244892271666385	0.7892423648870126	0.8335963504673846	0.8732138219321504
MESO	T cell CD4+ memory resting	CIBERSORT	87	0.1559589553177911	-0.06932698131856742	0.3661093289141996	0.1491638936210711	0.16502874699368977	0.12890074073742896	0.2856174456701215	0.25806548708824745
MESO	T cell CD4+ memory activated	CIBERSORT	87	-0.0793255046235522	-0.2969516329051179	0.14613427804255297	0.4651766398148245	-0.07922068153419068	0.46841970023076135	0.6330806340675126	0.6399604391414461
MESO	T cell follicular helper	CIBERSORT	87	-0.0593609178439759	-0.27855180337123503	0.165707578663906	0.5849590735761333	-0.05236597385447961	0.6320491153393276	0.7311988419701666	0.7634575350561542
MESO	T cell regulatory (Tregs)	CIBERSORT	87	0.1106037264333989	-0.11511000584569267	0.325457068757951	0.30779742943307153	0.10703399212965656	0.32664740850046986	0.48062617774892563	0.5028312469436367
MESO	T cell gamma delta	CIBERSORT	87	-0.13931979974244635	-0.3512880943044461	0.08623402133848436	0.19810130321118533	-0.14815150690982748	0.17341205372798726	0.35048393685035373	0.3198447509050884
MESO	NK cell resting	CIBERSORT	87	0.05549854366077256	-0.16947389328830575	0.2749734766594665	0.6096574352484488	0.05664307066497921	0.6044471795796088	0.7536391311480983	0.7394832516133512
MESO	NK cell activated	CIBERSORT	87	-0.05465944922263124	-0.274195286291451	0.17029125099781878	0.6150827155933656	-0.037626373778480354	0.7308849971954158	0.7563845630088182	0.8336523742806521
MESO	Monocyte	CIBERSORT	87	0.0756736087650034	-0.14972784067628106	0.2935979940277814	0.4860361057873512	0.08932889465397575	0.41340458482471215	0.6515453090151978	0.587572492426254
MESO	Macrophage M0	CIBERSORT	87	0.015584907044428893	-0.2080137928586896	0.2376356417271862	0.8860749910563581	-0.0016828585343863494	0.9877307506518495	0.9308310626089092	0.9920439853708531
MESO	Macrophage M1	CIBERSORT	87	0.10517538354686504	-0.12052604083653676	0.32053779270420474	0.33228883720145364	0.10963291483973837	0.314969378971515	0.5091102482200955	0.49006377707068194
MESO	Macrophage M2	CIBERSORT	87	-0.009386163155208863	-0.23177745893183757	0.21393754703307719	0.9312407267327907	-0.018269921811257236	0.8673992037884946	0.9602837134044738	0.9211110501936485
MESO	Myeloid dendritic cell resting	CIBERSORT	87	0.0630185872529218	-0.1621348145973083	0.2819348788613708	0.5620000348713813	0.06257575657155852	0.5670689774102599	0.7127538554482973	0.7168573235286505
MESO	Myeloid dendritic cell activated	CIBERSORT	87	0.16137375940947551	-0.06379694796616091	0.3709096508776584	0.13537719243136703	0.18673227684640006	0.0851562716793067	0.2657253124531351	0.18967188316496414
MESO	Mast cell activated	CIBERSORT	87	0.03358170731434945	-0.19072192588170625	0.2545526552666458	0.7574843485073708	0.03815253441977852	0.7272681994031625	0.851815876521087	0.8320583615416406
MESO	Mast cell resting	CIBERSORT	87	-0.11718611688298368	-0.3314066048968971	0.10852448793802695	0.2797151561963219	-0.12399816834400085	0.2553371520122331	0.44841585105683424	0.4232167292784364
MESO	Eosinophil	CIBERSORT	87	-0.17627818605557766	-0.38406511971451074	0.04850359631845338	0.10241660759557346	-0.17236785811305563	0.11251577889875232	0.21645888416145523	0.23227914228834295
MESO	Neutrophil	CIBERSORT	87	0.005812447182715573	-0.21734527714703777	0.22839273755973133	0.9573883546566976	-0.0050967846485763515	0.9628525238483813	0.9749113070833837	0.9768431157880567
MESO	B cell naive	CIBERSORT-ABS	87	0.06438846628190449	-0.1607952133423662	0.28320051666836094	0.5535128632127129	0.05206089502879636	0.6340379064910087	0.7058440921518887	0.7652997215730901
MESO	B cell memory	CIBERSORT-ABS	87	-0.17098443850845504	-0.37940220737491126	0.0539475780835982	0.11331798167911272	-0.16672901564645828	0.12495166948621297	0.23379115768043665	0.25131740107566497
MESO	B cell plasma	CIBERSORT-ABS	87	-0.039731358795124974	-0.2603024982940674	0.18478107263622728	0.7148324927355045	-0.042724013722504894	0.6961025864370433	0.8288834657757481	0.8119812389525176
MESO	T cell CD8+	CIBERSORT-ABS	87	0.02485966319165998	-0.19911974803315033	0.24637077787078437	0.8192132279300973	0.011677627472085627	0.9150168172764855	0.8927323637699778	0.9508355815020028
MESO	T cell CD4+ naive	CIBERSORT-ABS	87	0.038645002981883524	-0.18583173817069457	0.2592879063854	0.7223080397400253	0.029244892271666385	0.7892423648870126	0.8335963504673846	0.8732138219321504
MESO	T cell CD4+ memory resting	CIBERSORT-ABS	87	0.21344341775466302	-0.009903887643477377	0.4165057962030336	0.047143273220663515	0.20286940128751108	0.061022250322953484	0.12095157368293591	0.14546137184232344
MESO	T cell CD4+ memory activated	CIBERSORT-ABS	87	-0.07622213778324805	-0.2941020662757065	0.14918845332695796	0.48287156110584595	-0.0764952572273973	0.4839060538064101	0.648806805472116	0.6524388518562287
MESO	T cell follicular helper	CIBERSORT-ABS	87	0.009185723854271985	-0.2141288206619885	0.23158776222038438	0.9327056026857833	-0.0017553057515771575	0.9872026018839187	0.9607162556642288	0.9917682870930428
MESO	T cell regulatory (Tregs)	CIBERSORT-ABS	87	0.08272412354148692	-0.14278459268649898	0.30006786482880765	0.4462116046293033	0.07115208330257823	0.5150415110709471	0.6149919021318009	0.67837130004497
MESO	T cell gamma delta	CIBERSORT-ABS	87	-0.1409708534863443	-0.3527635242739389	0.08456217213293457	0.1927848177737285	-0.15022225629316302	0.16741223122852494	0.34482554322748327	0.3109652371038159
MESO	NK cell resting	CIBERSORT-ABS	87	0.059119138307794056	-0.16594353778878254	0.27832798323624613	0.5864916780927629	0.0599724316780659	0.5833368039333322	0.7328803008445839	0.726153105182849
MESO	NK cell activated	CIBERSORT-ABS	87	-0.00036451783409557345	-0.22322254581538659	0.22252972410299038	0.997326438368939	-0.006913124132231661	0.9496293031928892	0.9984338485439977	0.9693142226442527
MESO	Monocyte	CIBERSORT-ABS	87	0.1393881986550749	-0.08616478613728223	0.3513492384862967	0.19787898465283066	0.1358642809433825	0.21228406396330216	0.35048393685035373	0.36923073402869727
MESO	Macrophage M0	CIBERSORT-ABS	87	0.010782710294647667	-0.2126043856015877	0.23309868850803536	0.9210409202767897	-0.007675313466327814	0.9440843001082959	0.9554974789817585	0.9668333193880139
MESO	Macrophage M1	CIBERSORT-ABS	87	0.09906954289385407	-0.12660202321505726	0.3149906372537943	0.36127283350321215	0.08991654655823067	0.4103263116903553	0.5383295651667529	0.5851115531397846
MESO	Macrophage M2	CIBERSORT-ABS	87	0.08704527228985928	-0.13851818746322314	0.3040232874518754	0.4227355595045899	0.05682393526504339	0.6032917697533603	0.5925642663494878	0.7389723296962688
MESO	Myeloid dendritic cell resting	CIBERSORT-ABS	87	0.06122603242782119	-0.16388649683353096	0.28027757726687264	0.5731983298282012	0.06048765984516145	0.5801003106597155	0.721083454824404	0.7253081302231633
MESO	Myeloid dendritic cell activated	CIBERSORT-ABS	87	0.17183702167881887	-0.05307170140262777	0.3801539074682608	0.11150403936486648	0.196664479947835	0.06954363897874113	0.23108234813038403	0.16224082840505838
MESO	Mast cell activated	CIBERSORT-ABS	87	0.058897466930719	-0.16615985017969173	0.2781227567033735	0.5878984243859866	0.06245120794750645	0.567842378537836	0.7340503236648246	0.7171660403616743
MESO	Mast cell resting	CIBERSORT-ABS	87	-0.12211573120483664	-0.3358511394285012	0.10357952321823662	0.2598404714722625	-0.1375606024569733	0.20657785655854388	0.42679648964710476	0.36236851464509046
MESO	Eosinophil	CIBERSORT-ABS	87	-0.17627818605557766	-0.38406511971451074	0.04850359631845338	0.10241660759557346	-0.17236785811305563	0.11251577889875232	0.21645888416145523	0.23227914228834295
MESO	Neutrophil	CIBERSORT-ABS	87	-0.010136092104595226	-0.23248704527670827	0.2132217588483003	0.9257620689903205	-0.02334515163953353	0.8310499816261979	0.958131155959173	0.896387704319568
MESO	B cell	QUANTISEQ	87	-0.103924034500648	-0.31940214442711273	0.121772649862433	0.3381053201070287	-0.11199881904876886	0.30457570136037704	0.5157985960274999	0.47961779795371495
MESO	Macrophage M1	QUANTISEQ	87	-0.0410621856090982	-0.2615447480950601	0.1834932679492622	0.7057112220719963	-0.05647709338496344	0.6055083425918966	0.8221325928717527	0.7398555061044736
MESO	Macrophage M2	QUANTISEQ	87	-0.023966610774950787	-0.24553124754104277	0.1999777507314962	0.8256032588814095	-0.035696288323253535	0.7442021193342824	0.8971953146821321	0.842860314735152
MESO	Monocyte	QUANTISEQ	87	-0.0642428372826458	-0.2830660055311143	0.16093766299620357	0.5544121792351293	-0.061402289761222716	0.5743753610524265	0.7061080198076077	0.7219715296950725
MESO	Neutrophil	QUANTISEQ	87	0.15555820432640433	-0.069735710916842	0.3657536108408298	0.15022460937445525	0.15093058626410547	0.16539546981527822	0.28736703652354206	0.30795061284654185
MESO	NK cell	QUANTISEQ	87	-0.14751289637113127	-0.3585993497956033	0.07792522272201716	0.17273128147910846	-0.13708087773409847	0.20818038017329743	0.3178255579215596	0.36436225894252144
MESO	T cell CD4+ (non-regulatory)	QUANTISEQ	87	-0.09643263946431097	-0.3125904410462097	0.12922080656319593	0.3742571538190653	-0.109887249720357	0.3138412057047146	0.5505438191996032	0.48889207741252355
MESO	T cell CD8+	QUANTISEQ	87	0.01514682032428149	-0.20843298443621547	0.2372221534150077	0.8892568143858057	0.003396552708140415	0.9752396328162238	0.9324199904125773	0.9848106829316723
MESO	T cell regulatory (Tregs)	QUANTISEQ	87	0.3016876868119851	0.08449272987440269	0.4915148835624641	0.00451504404117838	0.2942198205585715	0.005964984180655944	0.01816236851955501	0.022776453267934316
MESO	Myeloid dendritic cell	QUANTISEQ	87	0.23922895579662412	0.017273804881190822	0.43871359786432335	0.025640374412326496	0.2332335944055292	0.030682227716727108	0.07537884507683955	0.08468695099473852
MESO	uncharacterized cell	QUANTISEQ	87	-0.032423270394401106	-0.2534677804924948	0.19183919449461664	0.7656052047278472	-0.009911560508064897	0.9278317057392014	0.8584790222213601	0.9577143530729348
MESO	T cell	MCPCOUNTER	87	-0.011081140191003862	-0.23338091730556956	0.21231939278862838	0.9188629077006512	-0.03912175270501486	0.7206214962927017	0.953997336460315	0.8274978121892698
MESO	T cell CD8+	MCPCOUNTER	87	0.024458700882117077	-0.19950501621571343	0.24599388700194252	0.8220807893583176	0.005759997689380822	0.9580228823889629	0.8946106001644927	0.9744717664258181
MESO	cytotoxicity score	MCPCOUNTER	87	-0.24950790989283364	-0.44749894078243946	-0.028199926832098807	0.019775325001913105	-0.2425753394697452	0.024426256225265796	0.06141502840149344	0.0712204786284782
MESO	NK cell	MCPCOUNTER	87	-0.13175256980389297	-0.3445122990089038	0.09388034331931372	0.22381638457693076	-0.12065157041990977	0.2684876409736741	0.38315326781777553	0.4386906294220918
MESO	B cell	MCPCOUNTER	87	-0.025278851060727563	-0.2467647285221799	0.19871689361831354	0.8162178605201356	-0.03611720283835893	0.7412913434003949	0.8910996220228344	0.8409616234178086
MESO	Monocyte	MCPCOUNTER	87	-0.0817780855872275	-0.29920089765492863	0.14371752865909354	0.4514468176940814	-0.1217350569419045	0.26418099705189135	0.619353353397845	0.4346483223310195
MESO	Macrophage/Monocyte	MCPCOUNTER	87	-0.0817780855872275	-0.29920089765492863	0.14371752865909354	0.4514468176940814	-0.1217350569419045	0.26418099705189135	0.619353353397845	0.4346483223310195
MESO	Myeloid dendritic cell	MCPCOUNTER	87	-0.02023037107239192	-0.24201531917186558	0.20356363347768236	0.852455660443052	-0.030289513374204373	0.781897906616478	0.9156872616297619	0.8690261210548477
MESO	Neutrophil	MCPCOUNTER	87	0.2572355471312969	0.0364490701548921	0.45407862363128065	0.016161185288900582	0.2480105224860231	0.021312811773554683	0.0519229535576017	0.06393944434433364
MESO	Endothelial cell	MCPCOUNTER	87	0.3892432747685354	0.18217100120376564	0.5632553221049058	0.00019439560796018888	0.39543871706770123	0.00016436345010541878	0.0012731772648648886	0.0010769505763438948
MESO	Cancer associated fibroblast	MCPCOUNTER	87	0.12570168404170007	-0.0999753802186331	0.3390782614166148	0.24600103072720259	0.12632865116233005	0.24644351372963244	0.4097663533069889	0.41196842183961646
MESO	Myeloid dendritic cell activated	XCELL	87	-0.03982922007679618	-0.26039387101756906	0.1846864012080034	0.7141603844012578	-0.039477178006082206	0.718189216373406	0.8286470556274834	0.8264037186639251
MESO	B cell	XCELL	87	-0.20066065573434688	-0.4054060558154291	0.023255553317251813	0.06238216024552185	-0.19948999352032373	0.06555132926234433	0.14845663211198443	0.15412248792289018
MESO	T cell CD4+ memory	XCELL	87	0.2020130095449885	-0.021846780477562864	0.40658321686615645	0.060601216896578616	0.19078722360808292	0.07847577595806363	0.14608554751271416	0.17787842550494423
MESO	T cell CD4+ naive	XCELL	87	-0.08458537680761768	-0.3017725052558527	0.14094794602744465	0.4360115281838966	-0.08660664743227565	0.42783854288702944	0.6060451742620105	0.6004482062772021
MESO	T cell CD4+ (non-regulatory)	XCELL	87	-0.000658053262166004	-0.2235014366635612	0.22225070610364042	0.9951735183214744	0.006790099344492655	0.9505245522568992	0.9975407949025287	0.9693142226442527
MESO	T cell CD4+ central memory	XCELL	87	-0.17729742156048345	-0.3849616817406	0.047453899909497284	0.10041507585369737	-0.16394305254330677	0.13147176241227976	0.2137305098464653	0.26227275052653765
MESO	T cell CD4+ effector memory	XCELL	87	-0.2610555345031329	-0.4573232343056525	-0.0405379958805716	0.014595825672567035	-0.25302126582405693	0.018749627237021678	0.0476772584626041	0.05763446737166255
MESO	T cell CD8+ naive	XCELL	87	0.036553723365592934	-0.1878528683408572	0.25733340316986664	0.7367717870112731	0.0347478573418064	0.7507739730997987	0.8408574685388436	0.8469747251414844
MESO	T cell CD8+	XCELL	87	0.01269643381364805	-0.21077616945589506	0.23490787049135894	0.9070848906077248	0.008003278613333997	0.9416991241205783	0.9478091721742928	0.9651490367788889
MESO	T cell CD8+ central memory	XCELL	87	-0.041358822564868745	-0.261821542005336	0.18320611539789922	0.7036837148989267	-0.041567674887053804	0.7039407449406295	0.820701136618837	0.8167383717263684
MESO	T cell CD8+ effector memory	XCELL	87	-0.10067295035469902	-0.3164487624196144	0.12500809448136607	0.3535149283490756	-0.11692365071682803	0.2836656473336473	0.5308064170194151	0.4562480201156739
MESO	Class-switched memory B cell	XCELL	87	0.04100291153150622	-0.1835506422570658	0.2614894347126356	0.7061166057748205	0.04169744344600394	0.7030595598478409	0.8221325928717527	0.8166582972300791
MESO	Common lymphoid progenitor	XCELL	87	0.41975827624195516	0.21720228001351802	0.5876567342156067	5.1830115759893414e-05	0.44271736122756866	1.969878327405766e-05	0.00040209474726425246	0.0001726956112142723
MESO	Common myeloid progenitor	XCELL	87	-0.1088534522183836	-0.32387220368104985	0.11685777872977686	0.31556267375483993	-0.10357801359077988	0.3425986879252583	0.48985194422885275	0.5191694475075213
MESO	Myeloid dendritic cell	XCELL	87	0.042946038075739316	-0.1816689967500112	0.26330196737951367	0.6928705647133424	0.03376249186233166	0.7576206054987418	0.8140396358260724	0.8520926397379859
MESO	Endothelial cell	XCELL	87	0.04576855094376754	-0.17893285594651812	0.26593201626844937	0.6737939547934824	0.0037670937363747637	0.9725394395678655	0.7969523305681356	0.9838425995358058
MESO	Eosinophil	XCELL	87	-0.14156302456737	-0.35329244921299974	0.08396223294089782	0.1909033157549958	-0.13432452672108583	0.21755962458220593	0.3427152278324186	0.37589842338330764
MESO	Cancer associated fibroblast	XCELL	87	-0.05055372621404997	-0.2703834196992968	0.174286157459636	0.641923463831994	-0.07107737826425602	0.515483954609971	0.7746520317355177	0.67837130004497
MESO	Granulocyte-monocyte progenitor	XCELL	87	-0.13874127018393667	-0.35077085415331527	0.08681953723767476	0.19998889197908307	-0.14169686115382485	0.19312448869724966	0.3530277957734604	0.3451892445815737
MESO	Hematopoietic stem cell	XCELL	87	0.09988563409392383	-0.12579090202930288	0.3157329110711741	0.3573112541830041	0.07442380066792871	0.4958563728663173	0.5342588924877805	0.6628216062902341
MESO	Macrophage	XCELL	87	-0.23044106198035222	-0.4311722938065752	-0.007974466014782482	0.031768411499021584	-0.23427874635173826	0.029921161776370844	0.08822051772810681	0.08309072623977982
MESO	Macrophage M1	XCELL	87	-0.3229512865191064	-0.5091777783679634	-0.10783703285373716	0.0022814432767896977	-0.3248554469718319	0.002275297599618046	0.01033655065150373	0.01013258953816237
MESO	Macrophage M2	XCELL	87	-0.25016631606836426	-0.44806037615063754	-0.028901593345021057	0.019442479809603525	-0.2478276810857676	0.02141174737050467	0.06069486584449969	0.06410408286269009
MESO	Mast cell	XCELL	87	-0.039793151866152336	-0.26036019471992894	0.18472129423622247	0.7144080744726947	-0.013995115753451194	0.89823408443284	0.8286470556274834	0.9389581806061279
MESO	B cell memory	XCELL	87	-0.319488199433716	-0.506311772519868	-0.10401883297893841	0.0025582836032420984	-0.3157850913442302	0.00305845071553432	0.01123920099851304	0.01299841554102086
MESO	Monocyte	XCELL	87	-0.16761321140728908	-0.37642718802049013	0.05740752396175674	0.12071494870638501	-0.1781997876168863	0.10068488513650908	0.24367343801856756	0.21360710845564326
MESO	B cell naive	XCELL	87	0.003958307353395768	-0.21911115832007513	0.2266345306727133	0.9709739721589874	0.008412932125979542	0.9387205806797353	0.9839678261050411	0.963358916130647
MESO	Neutrophil	XCELL	87	0.1705670249349883	-0.05437626968103175	0.37903408448249015	0.1142143497129165	0.1593327480106695	0.14282586264387875	0.23491746837322647	0.2780508897010768
MESO	NK cell	XCELL	87	-0.03501593091451175	-0.2558950338153404	0.18933786585241727	0.7474665769701921	-0.024481757668950454	0.8229551104359996	0.846883313808592	0.891344731801872
MESO	T cell NK	XCELL	87	-0.35131723902809736	-0.5324986323416724	-0.13935240222270281	0.0008483999869471879	-0.3484363016248176	0.0010102577438812642	0.004370545387303695	0.005136681116483411
MESO	Plasmacytoid dendritic cell	XCELL	87	-0.31110524145138474	-0.4993570164428686	-0.0948024878003118	0.003357260948340941	-0.3051762198445831	0.004274376326396533	0.014206591242438397	0.01730104703541454
MESO	B cell plasma	XCELL	87	-0.23999728441234666	-0.43937160370931216	-0.018088678842590137	0.025155939705645527	-0.2293042904433839	0.03369113958761272	0.07428982194038822	0.09154437511297131
MESO	T cell gamma delta	XCELL	87	0.0651327339600359	-0.16006704785887324	0.2838878297754944	0.548927712116712	0.06278524715291718	0.5657692372059493	0.7022202346883276	0.7159086464321236
MESO	T cell CD4+ Th1	XCELL	87	-0.2263199920807647	-0.427626124112314	-0.0036267679844092827	0.03504199536459527	-0.21490457978471855	0.04691546387393796	0.09528108614434457	0.11971554326475688
MESO	T cell CD4+ Th2	XCELL	87	0.22257458949875716	-0.0003173144871392118	0.4243978316409168	0.03825808054088336	0.21187757281517847	0.050181244614500804	0.10224818517761719	0.12601712680969693
MESO	T cell regulatory (Tregs)	XCELL	87	-0.04880973748903081	-0.2687621641287408	0.1759808379124904	0.6534678535483768	-0.03697444596527798	0.7353744657447104	0.7825602779093884	0.8375478414831866
MESO	immune score	XCELL	87	-0.2140956477363855	-0.4170705327577999	0.009220487684975406	0.046456603182067645	-0.21796143707519972	0.04379770523106256	0.11942492994206738	0.11401399963612158
MESO	stroma score	XCELL	87	0.0035357585477874165	-0.2195133890732879	0.2262336413288292	0.974071361327236	-0.03277230263717644	0.7645196161437768	0.9858458604199702	0.857999913640117
MESO	microenvironment score	XCELL	87	-0.17828242327039437	-0.3858277580454869	0.04643898851021719	0.09850999768491962	-0.21360803526541416	0.0482921159928217	0.21047764532679547	0.12229415384192543
MESO	B cell	EPIC	87	-0.03701611139461981	-0.25776570514051106	0.18740615414376188	0.733565707902067	-0.03127059226856067	0.7750175313540655	0.8396492733890755	0.8639864616238306
MESO	Cancer associated fibroblast	EPIC	87	0.088813151563753	-0.1367702883699681	0.3056393864290113	0.4133397494073366	0.05496376408271078	0.6152212305419699	0.5850909418317036	0.7484489767949914
MESO	T cell CD4+	EPIC	87	0.1522927753882044	-0.0730633348008322	0.3628528318461326	0.1590790877951011	0.18532305489095074	0.0875809565764987	0.29875083250664997	0.19379826837244477
MESO	T cell CD8+	EPIC	87	0.04676678574032222	-0.17796433553864247	0.26686139864102926	0.6670954161164351	0.08114638562246765	0.4576420990712486	0.7925685436084051	0.6296201996370802
MESO	Endothelial cell	EPIC	87	0.17702485966319162	-0.0477346562331185	0.38472196332175135	0.1009472968930486	0.1626708598091441	0.1345338870332667	0.2145744853156489	0.26674822429009776
MESO	Macrophage	EPIC	87	-0.20813588977181596	-0.4119044132540281	0.015457315449094788	0.05304851968364607	-0.21133113284830837	0.05079027319833777	0.13262129920911517	0.1270908366349875
MESO	NK cell	EPIC	87	-0.29840708609754313	-0.48877583108177053	-0.08091221879578862	0.004994893247810212	-0.297065853221853	0.00547686890801573	0.01976723947260924	0.021223545520655602
MESO	uncharacterized cell	EPIC	87	-0.0731573959320551	-0.2912841592515911	0.1522004007481171	0.5006926091705834	-0.021953065176918328	0.840988327392832	0.6631802513065654	0.903617576286335
OV	B cell	TIMER	300	-0.11431656041394966	-0.23111857357484625	0.005733825999192475	0.04790111504051322	-0.10687229652767409	0.06495857832973408	0.1225741883562871	0.15300484413810858
OV	T cell CD4+	TIMER	300	0.12005756953494774	8.707534682556245e-05	0.23662114139443474	0.03768174335733761	0.09107164355269162	0.11607886461033541	0.10091480584054112	0.2378076930796709
OV	T cell CD8+	TIMER	300	-0.08857431749241657	-0.20635327023475517	0.03173465654038323	0.12582929155767342	-0.10378946599053292	0.0731308994898751	0.2520453534787413	0.1684984189778501
OV	Neutrophil	TIMER	300	0.06354470605228947	-0.05686052247106054	0.18212798905184588	0.2725797630780181	0.023429483483468086	0.6865862678947762	0.4404077990227483	0.8048150807587916
OV	Macrophage	TIMER	300	0.11715672147621342	-0.0028551575608076734	0.23384170849119923	0.042587746419995555	0.07327287708418681	0.20644606536914262	0.11168215191293268	0.36236851464509046
OV	Myeloid dendritic cell	TIMER	300	-0.11247324970277447	-0.2293502349055064	0.007601064494761056	0.05163786040789236	-0.18104094479121913	0.0016700159779379177	0.12992537592976777	0.007863816083210655
OV	B cell naive	CIBERSORT	300	0.11938521727170916	-0.000595053978416552	0.23597710027421123	0.0387740561277554	0.11338741867328782	0.05014083167002919	0.1034151155931266	0.12599656287263117
OV	B cell memory	CIBERSORT	300	-0.12082799849175643	-0.23735900351833794	-0.0008688448405299469	0.03646222985033892	-0.11715900438163265	0.042933169572929294	0.09832228876884495	0.11206187785724535
OV	B cell plasma	CIBERSORT	300	0.07472059459916093	-0.04566047069430844	0.1929625570781422	0.1968421891828407	0.0953827597364069	0.0997290046442225	0.3502070287616796	0.21227022763141534
OV	T cell CD8+	CIBERSORT	300	-0.21758612995021104	-0.3289703737053791	-0.10023082593799441	0.0001455281988270155	-0.24068226808438906	2.5952908426896588e-05	0.00098445546265334	0.0002201211972866934
OV	T cell CD4+ naive	CIBERSORT	300	0.08046800492266201	-0.03988882568189274	0.19852323240201689	0.16447314053188522	0.08287228249727754	0.1528739854746254	0.30608756757718764	0.2918639078153249
OV	T cell CD4+ memory resting	CIBERSORT	300	0.10683107299547887	-0.013311282236088169	0.22393274024727866	0.06461167831150078	0.09137536855079084	0.11486232388096279	0.15241896579941505	0.23587798654126288
OV	T cell CD4+ memory activated	CIBERSORT	300	-0.12084533670401654	-0.23737560727940496	-0.0008864399544959361	0.03643517476602366	-0.13232482315535968	0.022102680016619917	0.09832228876884495	0.0659705945534228
OV	T cell follicular helper	CIBERSORT	300	0.14412309483791477	0.02457628766764945	0.2596060725837977	0.012457110399973052	0.1776124891319897	0.002050005070149703	0.04228064380546409	0.009342097697302258
OV	T cell regulatory (Tregs)	CIBERSORT	300	-0.018143301136887214	-0.1378150697197971	0.10205057906003415	0.7543072071852378	-0.027168501727188286	0.6398518737474238	0.8504444002578662	0.7686952942647639
OV	T cell gamma delta	CIBERSORT	300	-0.10807315104030436	-0.22512597792578354	0.012054897827743825	0.0615468053328386	-0.10226303450073476	0.07747680475026779	0.14723204040179622	0.17622725763577524
OV	NK cell resting	CIBERSORT	300	0.04776142623395588	-0.07262647342208242	0.16677753569625428	0.40978663131058835	0.052631386136410295	0.3644605074056496	0.5830655538685292	0.5400130091674321
OV	NK cell activated	CIBERSORT	300	-0.1265749701908801	-0.24285880549276906	-0.006705040673489098	0.028378495715576296	-0.11030863966808802	0.056748459010741076	0.08088820427270824	0.13756136065219937
OV	Monocyte	CIBERSORT	300	-0.017838153143713103	-0.13751560788816983	0.10235263749698482	0.7583102175497742	-0.01433441511316186	0.8050323101962843	0.8524994107589469	0.8798671037518219
OV	Macrophage M0	CIBERSORT	300	0.19555215867121645	0.07739618154886521	0.30829116980552806	0.0006595515838948025	0.19090151876722425	0.0009075128055355064	0.003547244419571771	0.004693617816989194
OV	Macrophage M1	CIBERSORT	300	-0.22442220925352166	-0.33536449503564236	-0.10734053223024574	8.817878990306213e-05	-0.24409103097128287	1.9742984855472563e-05	0.000630309083219329	0.00017269590779619176
OV	Macrophage M2	CIBERSORT	300	-0.1445858447967036	-0.26004676565513757	-0.025048594767526407	0.01217495008724817	-0.17303442649653789	0.002680446911648431	0.04150309925121216	0.01161923217798821
OV	Myeloid dendritic cell resting	CIBERSORT	300	-0.06701857769666736	-0.18549885298149987	0.05338238297505758	0.24716967091713526	-0.08356239329938268	0.1494721104744342	0.41107333614887237	0.2870510569523761
OV	Myeloid dendritic cell activated	CIBERSORT	300	0.16865955589664652	0.049693321150485956	0.2829068588790586	0.0033886093270761993	0.19659127414351024	0.0006295299708520583	0.014292839772241574	0.0034625011806527013
OV	Mast cell activated	CIBERSORT	300	0.16582447816919887	0.0467834515919487	0.2802214306319852	0.003974986756727215	0.16567286450691568	0.004070712032600775	0.01639472385949727	0.016596959382136633
OV	Mast cell resting	CIBERSORT	300	-0.21603846830543852	-0.32752135038568136	-0.09862287825456814	0.00016265909742707943	-0.21322285245797662	0.00020374503891798222	0.0010797912919183032	0.0013102682601468922
OV	Eosinophil	CIBERSORT	300	0.01590737613682082	-0.10426335214878296	0.1356203018866772	0.7837841760847226	0.031040393469439813	0.5929131987336597	0.8676659480439597	0.7324772850074595
OV	Neutrophil	CIBERSORT	300	-0.10443220595089628	-0.2216272060512848	0.01573670627323572	0.07088563170473124	-0.11111038342946672	0.05496193912747945	0.16439075917289392	0.13490344129845866
OV	B cell naive	CIBERSORT-ABS	300	0.11292447424592009	-0.007144060048706061	0.22978317834969433	0.05070141031823172	0.0952935839273002	0.1000476348359173	0.1280636397572907	0.21271683099969366
OV	B cell memory	CIBERSORT-ABS	300	-0.11568923489018489	-0.2324349168388323	0.0043427889670730295	0.045267680612527506	-0.11540686517725166	0.04616524642655355	0.11729399018885522	0.11813227325119396
OV	B cell plasma	CIBERSORT-ABS	300	0.03620187723861558	-0.08413528773330797	0.15549826516285592	0.5322191600077023	0.03127421998487201	0.590129453038904	0.6902723551073173	0.7310947483906748
OV	T cell CD8+	CIBERSORT-ABS	300	-0.1683636418395477	-0.2826266483301952	-0.04938950619253094	0.003445922984556437	-0.22237924645381923	0.00010538084046506476	0.014424770069186974	0.0007241460214734678
OV	T cell CD4+ naive	CIBERSORT-ABS	300	0.08046800492266201	-0.03988882568189274	0.19852323240201689	0.16447314053188522	0.08287228249727754	0.1528739854746254	0.30608756757718764	0.2918639078153249
OV	T cell CD4+ memory resting	CIBERSORT-ABS	300	0.058386971469515395	-0.06201920825663672	0.17711804565634004	0.31348792200689685	0.008265261614302806	0.8868244679982888	0.4877587644436795	0.9331226237549272
OV	T cell CD4+ memory activated	CIBERSORT-ABS	300	-0.12021257359192154	-0.23676960407369232	-0.00024434924493432585	0.037433650144494325	-0.13189436504239185	0.022543243202402086	0.10052580498967913	0.067080731294819
OV	T cell follicular helper	CIBERSORT-ABS	300	0.07534580978216608	-0.04503300855763809	0.1935678272350485	0.19311121772378687	0.06423550128236113	0.2681957942343037	0.3452514226337479	0.4385803243229307
OV	T cell regulatory (Tregs)	CIBERSORT-ABS	300	-0.03799880527337744	-0.1572536682865169	0.08234835137893011	0.512050729167785	-0.07326587715642985	0.20648953925635133	0.672633397960934	0.36236851464509046
OV	T cell gamma delta	CIBERSORT-ABS	300	-0.1075591229265677	-0.22463220474928952	0.012574892571080415	0.06280034411003418	-0.10185079348892778	0.07868572845502839	0.14927011882688976	0.1781477696926236
OV	NK cell resting	CIBERSORT-ABS	300	0.05013082250118291	-0.07026351047417038	0.16908564207535925	0.38692319822760224	0.054160445939809364	0.3506733172174207	0.562401917721603	0.5270114417827497
OV	NK cell activated	CIBERSORT-ABS	300	-0.15224207127130718	-0.2673310848948602	-0.03287069788798646	0.008258472040197487	-0.18237402789202115	0.0015405556848370771	0.030121852310794936	0.007361039866528636
OV	Monocyte	CIBERSORT-ABS	300	-0.011527952311989036	-0.131318084026177	0.10859398465325293	0.8423855262828773	-0.03529568827742564	0.543218948505829	0.907863122316993	0.6975323772275176
OV	Macrophage M0	CIBERSORT-ABS	300	0.1681881538558854	0.04920934308189458	0.2824604638957458	0.0034803253817776584	0.1534829097470361	0.007846100992110017	0.01453853872088744	0.028364036940316674
OV	Macrophage M1	CIBERSORT-ABS	300	-0.17465733388418211	-0.2885821476086655	-0.05585598886326993	0.0023982421620345404	-0.22357768011935433	9.647176818080252e-05	0.010741267873488032	0.0006699904326588595
OV	Macrophage M2	CIBERSORT-ABS	300	-0.09440483720984037	-0.211975766420964	0.025859796990097203	0.10268787157293223	-0.18160659387023512	0.0016139135847835495	0.21691495291743115	0.007648972262428702
OV	Myeloid dendritic cell resting	CIBERSORT-ABS	300	-0.06730625151352669	-0.18577787169251997	0.05309422469550918	0.2451420125022453	-0.08510294829149567	0.14208571409324006	0.4092678347069936	0.2776387516764461
OV	Myeloid dendritic cell activated	CIBERSORT-ABS	300	0.17195028634192225	0.05307339846631732	0.28602164375322137	0.002806991711078703	0.19357552862276603	0.000765165573713023	0.01215629005516937	0.004048846266839389
OV	Mast cell activated	CIBERSORT-ABS	300	0.1603914898697046	0.04121277617073084	0.27507021410496857	0.005360799319171567	0.1590181590893429	0.005856319388996072	0.02093978555240842	0.022427236837389463
OV	Mast cell resting	CIBERSORT-ABS	300	-0.22243412703032936	-0.33350599735710423	-0.10527163769061591	0.00010217260718905757	-0.23514202578254192	4.013852146661181e-05	0.0007146599179055727	0.00032028901823357586
OV	Eosinophil	CIBERSORT-ABS	300	0.014729432451304435	-0.10542862050526698	0.13446356813970448	0.7994414878651254	0.029793129999311312	0.6078621899786609	0.8792594597890667	0.7420359546726707
OV	Neutrophil	CIBERSORT-ABS	300	-0.09737604056029327	-0.2148379714429885	0.022862799590789098	0.09226584222921834	-0.10934645818533612	0.058955681320797634	0.19986672748822365	0.14191857595148605
OV	B cell	QUANTISEQ	300	0.20772232518707096	0.08999328234608145	0.3197262366025135	0.00029185243719941474	0.193690911168747	0.0007595147268908166	0.0018027536010264006	0.004029447194224007
OV	Macrophage M1	QUANTISEQ	300	-0.12356302477455954	-0.23997733187959233	-0.0036453148047969233	0.032399649675792105	-0.1924632104758478	0.0008216679843277375	0.0895916762605001	0.004295082645349536
OV	Macrophage M2	QUANTISEQ	300	0.17552170082089616	0.056744865697506496	0.289399379704828	0.0022796306370589927	0.15778971100851483	0.006253979766009474	0.01033655065150373	0.023648995053285344
OV	Monocyte	QUANTISEQ	300	-0.2901678993700247	-0.3963422027216877	-0.17633470599631665	3.1315929822304053e-07	-0.29536940068250406	1.9656601004957043e-07	4.3420314044400295e-06	2.8785509336847207e-06
OV	Neutrophil	QUANTISEQ	300	0.23918268034641382	0.12273276894218832	0.3491359162313565	2.8342261284380217e-05	0.2387411108171353	3.0272842602131908e-05	0.00023925529587840716	0.00025334754094160337
OV	NK cell	QUANTISEQ	300	0.26490097277758506	0.14968635137417063	0.37301797388194796	3.2802524719114416e-06	0.2620519237835279	4.372694742821901e-06	3.523567902520257e-05	4.5714535947683514e-05
OV	T cell CD4+ (non-regulatory)	QUANTISEQ	300	-0.09041919954956572	-0.20813317143150076	0.02987664316947248	0.11810642307528145	-0.09168687128198817	0.11362501973012566	0.24039360448951091	0.23395146242485063
OV	T cell CD8+	QUANTISEQ	300	-0.24654937030984658	-0.3559912675748417	-0.13043577641559134	1.5645737335794858e-05	-0.28857125969419156	3.8266650255434547e-07	0.00013935041681767174	5.2897416888783265e-06
OV	T cell regulatory (Tregs)	QUANTISEQ	300	0.11115249467806593	-0.008938449345591609	0.22808272364432344	0.05446199527085216	0.09095268668109052	0.11655807125132264	0.1354620874739389	0.23860840764014216
OV	Myeloid dendritic cell	QUANTISEQ	300	0.3078810404091068	0.19511630832197452	0.4126121237522213	5.233736874372098e-08	0.31322837609632753	3.1407712270480126e-08	8.526629657831209e-07	5.711821161747782e-07
OV	uncharacterized cell	QUANTISEQ	300	0.01638329314770164	-0.1037924626718973	0.13608755703489125	0.7774824874227082	0.07253536564650778	0.2110628946974802	0.8646477754843199	0.3677611043971246
OV	T cell	MCPCOUNTER	300	-0.15281414237935978	-0.2678748395756053	-0.03345575099073075	0.00801686181071201	-0.17519510736626348	0.00236369803443643	0.029322665743577135	0.010490419199371671
OV	T cell CD8+	MCPCOUNTER	300	-0.19987333192591028	-0.31235507025845366	-0.08186462799354015	0.0004964550168459387	-0.24565268618535288	1.7394891858324104e-05	0.0028255300085409324	0.0001545199780201812
OV	cytotoxicity score	MCPCOUNTER	300	-0.2860462894032156	-0.3925468226167087	-0.17197633431189804	4.6681572626857636e-07	-0.3250632556840625	8.697631959936814e-09	6.208331597653515e-06	1.7439867160693815e-07
OV	NK cell	MCPCOUNTER	300	-0.008433871487460972	-0.1282758270103359	0.11165084815732931	0.8843384629417177	-0.04443093451276145	0.44400798221955023	0.930006291044141	0.6171116459622857
OV	B cell	MCPCOUNTER	300	0.029840331559239545	-0.09045524630782585	0.14927766637816955	0.6066881133779152	0.019210860325806867	0.7407759634469062	0.7516319782343626	0.8407645913141955
OV	Monocyte	MCPCOUNTER	300	-0.006976077511972355	-0.12684166801300753	0.1130903197992977	0.9042247123202273	-0.07576256168375194	0.1914001902573082	0.9453810235411437	0.342505603618341
OV	Macrophage/Monocyte	MCPCOUNTER	300	-0.006976077511972355	-0.12684166801300753	0.1130903197992977	0.9042247123202273	-0.07576256168375194	0.1914001902573082	0.9453810235411437	0.342505603618341
OV	Myeloid dendritic cell	MCPCOUNTER	300	-0.20987744308270093	-0.3217477868867241	-0.09222793544165361	0.00025136608156390254	-0.29462802204443356	2.115565842619766e-07	0.001590358218308833	3.063652757275291e-06
OV	Neutrophil	MCPCOUNTER	300	0.3250062778475316	0.2133535184121818	0.4282787642180399	8.264379039867057e-09	0.31386173843600645	2.9363210132141445e-08	1.5762791241892776e-07	5.364960355919301e-07
OV	Endothelial cell	MCPCOUNTER	300	0.3336214846831631	0.2225576398487916	0.4361367913410973	3.123316673893525e-09	0.3337932788022658	3.253873330796355e-09	6.565681825227786e-08	7.31186478357112e-08
OV	Cancer associated fibroblast	MCPCOUNTER	300	0.029270991899909993	-0.09102039206890337	0.14872047974909952	0.6135727710798341	-0.1184913192518802	0.0406048081269199	0.7560434458884554	0.10712874478829744
OV	Myeloid dendritic cell activated	XCELL	300	-0.31828055676255695	-0.4221332829795196	-0.20618179311753365	1.7300521668440193e-08	-0.3759928574312765	1.7854722564996166e-11	3.0888145992511943e-07	6.123856599046931e-10
OV	B cell	XCELL	300	-0.17673047500157602	-0.2905419598065965	-0.05798823161771584	0.0021227162148202464	-0.1823600410393133	0.0015418648722984533	0.009722902331327362	0.007361039866528636
OV	T cell CD4+ memory	XCELL	300	-0.10212286722518983	-0.21940647838292016	0.01807027562188398	0.07738651287483245	-0.09645356843985521	0.09596551337700467	0.17591934031429934	0.20616766884840015
OV	T cell CD4+ naive	XCELL	300	0.046590390888824995	-0.07379383036730539	0.16563631003601276	0.42137553430557273	0.026510329723918057	0.6479825918562597	0.5918025643443927	0.775516355726347
OV	T cell CD4+ (non-regulatory)	XCELL	300	0.06946083847705947	-0.0509353715818265	0.18786702737388256	0.2303243425193434	0.0651210867825113	0.2616396631603098	0.39053260158310177	0.4320148154378426
OV	T cell CD4+ central memory	XCELL	300	0.10691976875810266	-0.013221577443717093	0.22401796000106755	0.06438874086142825	0.10933537836578931	0.05898150535068155	0.15202897147837227	0.14191857595148605
OV	T cell CD4+ effector memory	XCELL	300	-0.16834582567637185	-0.28260977700919643	-0.04937121504074186	0.0034494015382838415	-0.19300491769346906	0.0007936864875736243	0.014424770069186974	0.004165522371023988
OV	T cell CD8+ naive	XCELL	300	0.027640176298166976	-0.09263876596019527	0.1471240553842627	0.6334800327853086	0.05465067966930772	0.34632357200267566	0.7685097512226363	0.5226590208380042
OV	T cell CD8+	XCELL	300	-0.1290273248147631	-0.24520341414959768	-0.009197957447956538	0.025427934706764552	-0.14110070353269646	0.014611476048087418	0.07481055282426592	0.04702129329055293
OV	T cell CD8+ central memory	XCELL	300	-0.22224507603331597	-0.33332922387031255	-0.10507495487124181	0.00010360671515998096	-0.24727837912934908	1.5233110761977243e-05	0.0007233968862062956	0.0001375553419845982
OV	T cell CD8+ effector memory	XCELL	300	-0.0625566772483164	-0.1811687480244314	0.057849231577526784	0.2801206882173936	-0.08082895793966215	0.16329012774791477	0.4488819225122988	0.3060573115848319
OV	Class-switched memory B cell	XCELL	300	-0.03931058264890629	-0.15853465632961644	0.08104337921946941	0.4975821007988982	-0.0447069261146943	0.44117999878059333	0.6605768226210701	0.6143211521481908
OV	Common lymphoid progenitor	XCELL	300	-0.12979843578904668	-0.24594036507358924	-0.009982130597582345	0.024556510054399506	-0.11130952185272468	0.05452550783236366	0.0729604516053967	0.13415167681362594
OV	Common myeloid progenitor	XCELL	300	-0.17723852031975598	-0.29102208703642135	-0.05851092574837697	0.002059757669541849	-0.17861690141585615	0.0019312276527208112	0.009474885279892506	0.008905866963119772
OV	Myeloid dendritic cell	XCELL	300	-0.2718960999695164	-0.37948897473020593	-0.15704720803635033	1.7523193133204078e-06	-0.3384628952962448	1.8986374836815922e-09	1.9859618884297956e-05	4.5266296104847715e-08
OV	Endothelial cell	XCELL	300	0.03182831061775379	-0.08848130344825868	0.1512226157303469	0.5829229407005055	0.0027833664113285127	0.961774101442761	0.729586651132835	0.9765091499977138
OV	Eosinophil	XCELL	300	0.010431678160779462	-0.10967733213097272	0.13024042977386108	0.8572055029921123	0.012222076184840308	0.8333070407926101	0.9172736557274092	0.8980789772599519
OV	Cancer associated fibroblast	XCELL	300	0.026709576384550536	-0.09356198150093384	0.14621280125638794	0.6449605076448958	-0.02024511559406839	0.7273594577364009	0.7759371030435516	0.8320583615416406
OV	Granulocyte-monocyte progenitor	XCELL	300	-0.005098928790315755	-0.12499421478338077	0.11494313345338952	0.9299180711751979	-0.010668396597102333	0.8542438262104973	0.9597813637152773	0.9118463992582705
OV	Hematopoietic stem cell	XCELL	300	-0.04616950448239599	-0.165226059739836	0.07421331412851478	0.42558702944312393	-0.08446026324548117	0.14513251198250224	0.5953650393998621	0.28089142135229095
OV	Macrophage	XCELL	300	-0.3358776590307597	-0.43819209331259396	-0.22497131657813085	2.4085942131122213e-09	-0.38729431437396467	3.8745941112218685e-12	5.203095786336346e-08	1.4566983629689912e-10
OV	Macrophage M1	XCELL	300	-0.2920046022934647	-0.39803236054494073	-0.1782783552138558	2.615840611526141e-07	-0.3515850812196516	3.9794856307903957e-10	3.665927165257065e-06	1.111413486885032e-08
OV	Macrophage M2	XCELL	300	-0.34340902323226885	-0.44504518548531385	-0.23303830891227292	9.96323922021965e-10	-0.3710041938715489	3.440315711648501e-11	2.4655864146239767e-08	1.1497123446620204e-09
OV	Mast cell	XCELL	300	0.2543797435949019	0.13863903430665042	0.36326522485981155	8.150399321580415e-06	0.25775591666348885	6.335683205344238e-06	7.967015336844857e-05	6.351928546896402e-05
OV	B cell memory	XCELL	300	-0.17394783555940382	-0.28791121490330185	-0.05512651278103107	0.0024997728815740294	-0.17454128612460573	0.0024557474656720906	0.011063749479320996	0.01080086905599311
OV	Monocyte	XCELL	300	-0.22891519552222986	-0.33956144692029133	-0.11201988926753892	6.290542654758196e-05	-0.29897720443463927	1.3705433962964693e-07	0.00047118815670698364	2.0610864151996906e-06
OV	B cell naive	XCELL	300	0.08783582908503687	-0.032478168320552316	0.20564057451959786	0.12902821023805566	0.08960820581877169	0.12208227378099952	0.25581703860253246	0.24668821213628328
OV	Neutrophil	XCELL	300	0.10918117529975026	-0.010933791052710555	0.22619013677583102	0.05891474020724782	0.11579857774966665	0.04542551397937988	0.1431634842006309	0.11712896975145498
OV	NK cell	XCELL	300	-0.07577647690546038	-0.19398470328224515	0.044600738411129694	0.1905714496918588	-0.07323630058176063	0.20667330111392693	0.3425753634021139	0.36237336652710955
OV	T cell NK	XCELL	300	-0.087163106124774	-0.20499123852542633	0.033155351419248066	0.13199663313065185	-0.11175488499914445	0.05355985365878892	0.26026567601656514	0.13237612377109018
OV	Plasmacytoid dendritic cell	XCELL	300	-0.3189822327430402	-0.42277487041658196	-0.20692943723332596	1.6030726814499168e-08	-0.3477404284013453	6.337550587760515e-10	2.8880720430568363e-07	1.6827655813657704e-08
OV	B cell plasma	XCELL	300	-0.12095923708531861	-0.23748468111802992	-0.0010020298537663501	0.036257863927965935	-0.1124977385585312	0.051980802865403644	0.09810951415802546	0.129044405843637
OV	T cell gamma delta	XCELL	300	0.051026063479547905	-0.06937034839371631	0.1699573860995324	0.3784901685449849	0.057131897810180944	0.3248356853882987	0.5546838676952365	0.5002392791919055
OV	T cell CD4+ Th1	XCELL	300	-0.006605162419649652	-0.12647668651353935	0.11345649261529997	0.9092945453174913	0.02407998801885666	0.6783630161431472	0.9487683396776748	0.7992089340401825
OV	T cell CD4+ Th2	XCELL	300	-0.091466834727877	-0.20914355962390485	0.028821181039357012	0.11388856188714955	-0.07896308972786928	0.1732586435404249	0.23461763802884864	0.3198447509050884
OV	T cell regulatory (Tregs)	XCELL	300	0.08920666706801088	-0.031097899735948526	0.20696343485597773	0.12313929283134732	0.07010391824306633	0.2268088573980428	0.2476721373305391	0.3874279739739394
OV	immune score	XCELL	300	-0.25334192602140027	-0.3623019156966067	-0.13755088178447092	8.897125431235324e-06	-0.3011340004635868	1.1021437527838057e-07	8.580532860109948e-05	1.7168852882010679e-06
OV	stroma score	XCELL	300	-0.0021793599699565336	-0.12211917887020919	0.11782319465341037	0.9700145154727269	-0.06011939767749361	0.30013464832852	0.9839678261050411	0.47511193318401346
OV	microenvironment score	XCELL	300	-0.2515627951421682	-0.36064997285263023	-0.1356861117376478	1.0330795753234256e-05	-0.3348220969710019	2.891942892615278e-09	9.756862655832353e-05	6.612571175512127e-08
OV	B cell	EPIC	300	-0.04116090178779764	-0.16034086367636116	0.07920195736920117	0.4775475384663391	-0.04657647818781971	0.4222957572281051	0.6438658191046158	0.5943759577976568
OV	Cancer associated fibroblast	EPIC	300	0.06244958277314193	-0.057956385605627686	0.18106476035666286	0.28094645521204026	-0.05789859723991261	0.31837436967430993	0.4496523290540636	0.4943779926237299
OV	T cell CD4+	EPIC	300	0.30812075689729884	0.19537105303898378	0.412831851436719	5.104317088308863e-08	0.3032255106298662	8.906572550733129e-08	8.35057732857224e-07	1.43903713526308e-06
OV	T cell CD8+	EPIC	300	0.014713496816631295	-0.1054443824017289	0.13444791720306568	0.7996538718695451	0.06048712937576643	0.2971826792730032	0.8792594597890667	0.47120071878165654
OV	Endothelial cell	EPIC	300	0.29280947566084065	0.17913037395861325	0.39877278868560184	2.41651226013694e-07	0.27743707223885294	1.0978299576711538e-06	3.4483806339910347e-06	1.3802299467827046e-05
OV	Macrophage	EPIC	300	-0.22946877187524306	-0.3400782444834365	-0.11259678712112121	6.0313353172569345e-05	-0.31458800220058375	2.7176820373433342e-08	0.0004570256025285778	5.012328663213414e-07
OV	NK cell	EPIC	300	-0.240207557861754	-0.35009035999414573	-0.12380359646736194	2.6122777636665654e-05	-0.3008738584067606	1.1316078082658056e-07	0.00022204360991165807	1.748848430956245e-06
OV	uncharacterized cell	EPIC	300	-0.09772819697996644	-0.21517707534627467	0.022507442671666367	0.09108872846145209	-0.03681793724638234	0.5259568102883656	0.1981952856339887	0.6849902509249243
PAAD	B cell	TIMER	178	0.4077629309038445	0.26908409233877933	0.5298768949363716	1.6102294255406402e-08	0.34121240195108254	3.3578906539351806e-06	2.8880720430568363e-07	3.60696496068312e-05
PAAD	T cell CD4+	TIMER	178	-0.024306104134520057	-0.1793972297117411	0.13196388770380918	0.7474172415217356	-0.17855746739078387	0.017413297167620117	0.846883313808592	0.054165466925532736
PAAD	T cell CD8+	TIMER	178	0.4498374078454476	0.3162253880222478	0.5659508330296417	2.990073370934112e-10	0.38068813718899835	1.7227599611950958e-07	8.233230197431252e-09	2.5612134784307316e-06
PAAD	Neutrophil	TIMER	178	0.32140104273893466	0.1743599781237129	0.45442092488650443	1.2174251803290162e-05	0.20778021439880015	0.005518427351907176	0.00011147851182872256	0.021363416778175305
PAAD	Macrophage	TIMER	178	0.19981564393114157	0.04546025642048981	0.3448523467638532	0.0074927050028756334	0.05422069911036009	0.4735123197419351	0.0277428755314808	0.6430820320218709
PAAD	Myeloid dendritic cell	TIMER	178	0.44558921237100396	0.31143546612635403	0.5623285712134595	4.585857063613764e-10	0.3876604842463032	9.773200815465918e-08	1.2451875776895707e-08	1.5470937323267911e-06
PAAD	B cell naive	CIBERSORT	178	0.03666139694239292	-0.11979306643041443	0.19133905979291657	0.6270796095583726	-0.012207365719202576	0.8718856738487166	0.7632359322464035	0.9239213501083015
PAAD	B cell memory	CIBERSORT	178	0.012776776213464664	-0.14327873735072374	0.1682123468419175	0.8655847411934388	-0.020954920992301878	0.7819012516294	0.9219785985818341	0.8690261210548477
PAAD	B cell plasma	CIBERSORT	178	0.01577963540610569	-0.14033566363673722	0.17112935362518827	0.8344042145828792	0.03167739824759345	0.6755381253684904	0.9029940942670875	0.797490263848867
PAAD	T cell CD8+	CIBERSORT	178	-0.1335452643472538	-0.2834198081492378	0.022697246769215407	0.07554648538733756	-0.1328795936381541	0.07787526335825268	0.17233766503179107	0.17692753034908074
PAAD	T cell CD4+ naive	CIBERSORT	178	0.01615169614442225	-0.1399708182620648	0.17149058753662885	0.8305577604012035	-0.03252620353951961	0.6673551411468567	0.900327375427975	0.7911942395040054
PAAD	T cell CD4+ memory resting	CIBERSORT	178	0.04127016044306082	-0.1152410399523091	0.1957818977854103	0.5844017338834593	0.07221777309355538	0.3394586098519057	0.7307357785367207	0.5159313721172838
PAAD	T cell CD4+ memory activated	CIBERSORT	178	0.1626565327520277	0.0070651898651789115	0.3105582519850479	0.030060883508573978	0.126405115829822	0.0936349973335235	0.08432311422611499	0.20360415027556927
PAAD	T cell follicular helper	CIBERSORT	178	-0.14640584040477586	-0.2954385153942469	0.009583061999201281	0.051169352065441716	-0.15010289538631216	0.0461353759838395	0.12899559418173895	0.11813227325119396
PAAD	T cell regulatory (Tregs)	CIBERSORT	178	-0.04271657499005396	-0.19717493179063672	0.11381107524098509	0.5712894115978624	-0.055577756296801874	0.4624958988580448	0.7198651625354954	0.634511917380686
PAAD	T cell gamma delta	CIBERSORT	178	-0.026681425721361344	-0.18169661682763494	0.12962768370063654	0.7236914143931857	-0.04076453539020187	0.5900812373103659	0.8340048089966704	0.7310947483906748
PAAD	NK cell resting	CIBERSORT	178	0.045237659332475116	-0.11131711148877377	0.19960148437141892	0.5487724527388329	0.09490189248874097	0.20894208429723618	0.7022202346883276	0.3652049841762152
PAAD	NK cell activated	CIBERSORT	178	-0.15668287024343283	-0.30500900787585805	-0.0009353447106704899	0.03674371410540757	-0.12034593157895057	0.11058731335703552	0.09901304076646698	0.2293880080774583
PAAD	Monocyte	CIBERSORT	178	-0.08023914761471646	-0.2330960618743564	0.0764872109563856	0.28701199706527386	-0.07136372508457256	0.3452157361017183	0.4562996785317838	0.5213570985545456
PAAD	Macrophage M0	CIBERSORT	178	0.026881993271395593	-0.12943033967886322	0.1818906950385458	0.7216996880845796	0.003916067009524656	0.9587430820265614	0.8335963504673846	0.9749507023989221
PAAD	Macrophage M1	CIBERSORT	178	0.04645897085060882	-0.11010822879757863	0.2007763206708311	0.5380227706052965	0.060184513360180936	0.4261765399009564	0.6949682963550411	0.5985453559672197
PAAD	Macrophage M2	CIBERSORT	178	0.04855156535843573	-0.10803585246545921	0.20278825325451638	0.5198512371123503	0.020769455643141543	0.7837838067516906	0.6791240685296658	0.8696352679906669
PAAD	Myeloid dendritic cell resting	CIBERSORT	178	0.12347575690974529	-0.03292792839994188	0.27397648497114735	0.10057846052385257	0.11075583794952852	0.14221576817605175	0.21396179578251553	0.27775407271146973
PAAD	Myeloid dendritic cell activated	CIBERSORT	178	0.13620929285808592	-0.019985092301916675	0.28591331832600625	0.06984505224521768	0.10755797566185683	0.15416752029512937	0.16236275521926347	0.29330509881056466
PAAD	Mast cell activated	CIBERSORT	178	0.01540728839307174	-0.14070074729374937	0.1707677999501758	0.8382575651877264	0.03161584299291964	0.676133049784909	0.9046610764239609	0.797490263848867
PAAD	Mast cell resting	CIBERSORT	178	-0.0376276377692782	-0.1922710392734853	0.11883926537273472	0.6180223666883237	-0.024779858501543392	0.7433736490627111	0.7579885363084522	0.8427344064468543
PAAD	Eosinophil	CIBERSORT	178	0.11094330489038749	-0.045615359119108315	0.2621827019550498	0.14040212561516965	0.13417568788101344	0.07499357423339066	0.2724421417566992	0.17157687258780424
PAAD	Neutrophil	CIBERSORT	178	-0.024597573464582852	-0.17967947256439906	0.13167731179880188	0.7444925852635711	-0.07642157477135872	0.31201711597086085	0.8464571120618095	0.4873151210874754
PAAD	B cell naive	CIBERSORT-ABS	178	0.10753800230654433	-0.04905406786553503	0.258970284870248	0.1530690581518119	0.030653109269225553	0.6854636482253003	0.2912408843667078	0.8041292722955067
PAAD	B cell memory	CIBERSORT-ABS	178	0.01998694863237198	-0.13620747023958713	0.17521180281620316	0.7911582017390698	-0.03382900917624627	0.6548715431107281	0.8728635916477887	0.7813694640106643
PAAD	B cell plasma	CIBERSORT-ABS	178	0.14905776706518578	-0.006872149947112739	0.29791099102831836	0.047058252342470866	0.1021492319973578	0.17608118525600938	0.12081271612545048	0.3230771629990599
PAAD	T cell CD8+	CIBERSORT-ABS	178	0.09436036890041376	-0.06232608816940789	0.24650742177757942	0.21025947409436405	-0.013512553699494887	0.8583246228827558	0.36505974409811875	0.915202965768087
PAAD	T cell CD4+ naive	CIBERSORT-ABS	178	0.01615169614442225	-0.1399708182620648	0.17149058753662885	0.8305577604012035	-0.03252620353951961	0.6673551411468567	0.900327375427975	0.7911942395040054
PAAD	T cell CD4+ memory resting	CIBERSORT-ABS	178	0.2182527713544477	0.06468141137670266	0.36172543320192707	0.0034257154547707286	0.11711634895973984	0.12055712618711965	0.014387268988349676	0.24426122755329557
PAAD	T cell CD4+ memory activated	CIBERSORT-ABS	178	0.16265444636867257	0.007063046889645121	0.3105563155939313	0.030063023332788825	0.12604030741765346	0.09459344773054772	0.08432311422611499	0.20411720785123705
PAAD	T cell follicular helper	CIBERSORT-ABS	178	-0.02054057815784442	-0.1757486046809416	0.13566384773759804	0.7855116937240155	-0.09807462056390583	0.19405158194046712	0.8688403741049224	0.34645739058777464
PAAD	T cell regulatory (Tregs)	CIBERSORT-ABS	178	0.06153970996299831	-0.09514268784720098	0.21524669577040856	0.41448212813501334	-0.03911931784712866	0.6051846823962413	0.5859092989905648	0.7396911872989382
PAAD	T cell gamma delta	CIBERSORT-ABS	178	-0.025693149454264205	-0.18074013973295777	0.1305998955613578	0.7335323239677322	-0.04035504527874574	0.5938243279493098	0.8396492733890755	0.7331396028676355
PAAD	NK cell resting	CIBERSORT-ABS	178	0.06564414489994828	-0.0910573076248463	0.21917336111691896	0.38398825449089713	0.10920925975400009	0.14790479607111798	0.5612836848130122	0.28432042902560045
PAAD	NK cell activated	CIBERSORT-ABS	178	-0.017691375393099805	-0.17298501876196357	0.138460547115129	0.8146839126086278	-0.08943801339755554	0.23647687565398487	0.8904252853893727	0.39957847182674194
PAAD	Monocyte	CIBERSORT-ABS	178	0.06745735079313118	-0.08925083817694975	0.2209064518034323	0.37096232350351194	0.005434773376629306	0.9427664919137613	0.5475510324268522	0.9659897755196034
PAAD	Macrophage M0	CIBERSORT-ABS	178	0.06827669587356847	-0.08843419879586717	0.2216892769405257	0.36516650087358493	-0.017020510266177055	0.8220920349215938	0.5416544075932159	0.8906566518546499
PAAD	Macrophage M1	CIBERSORT-ABS	178	0.14464069490296957	-0.011386198554729469	0.29379170668677396	0.05406768901358758	0.09024546847269517	0.23225497249448493	0.13491044291201496	0.39431912394851765
PAAD	Macrophage M2	CIBERSORT-ABS	178	0.28833150606672564	0.13879491764310822	0.4250130367711788	9.50325262107789e-05	0.15969130432240894	0.03374161833655509	0.0006695084278993612	0.09161786645550724
PAAD	Myeloid dendritic cell resting	CIBERSORT-ABS	178	0.1518326577407041	-0.004033082877369521	0.30049597346895807	0.043055236362932674	0.11833841298999831	0.11670557142806502	0.11268137495252126	0.23878533976124242
PAAD	Myeloid dendritic cell activated	CIBERSORT-ABS	178	0.14712929184012047	-0.008843746588098474	0.29611321027296494	0.05001931070347155	0.10363155422055563	0.16985858290511835	0.12668170668872702	0.3143716563087438
PAAD	Mast cell activated	CIBERSORT-ABS	178	0.15207717083305558	-0.0037827942813686353	0.3007236478977665	0.04271661288280703	0.0811698215444192	0.2828153964860126	0.11194501097303987	0.4554399506838177
PAAD	Mast cell resting	CIBERSORT-ABS	178	-0.01894474911572996	-0.17420103066650017	0.1372305765372568	0.8018169822067325	-0.016194454460220598	0.8305932976886835	0.880894745835438	0.8961423272524152
PAAD	Eosinophil	CIBERSORT-ABS	178	0.11094330489038749	-0.045615359119108315	0.2621827019550498	0.14040212561516965	0.13417568788101344	0.07499357423339066	0.2724421417566992	0.17157687258780424
PAAD	Neutrophil	CIBERSORT-ABS	178	0.019735048665343563	-0.13645478590525753	0.17496752883705932	0.7937309683338313	-0.044653314887478965	0.5550840132286644	0.8744683252142238	0.7071940344490315
PAAD	B cell	QUANTISEQ	178	0.22376063711232266	0.0704456867356747	0.3667478930008225	0.002677971756489838	0.13603085933397194	0.0710196957048614	0.011699295606564544	0.16485544562246085
PAAD	Macrophage M1	QUANTISEQ	178	0.3340725818419774	0.18809017813905124	0.4656130810026459	5.181415433532187e-06	0.24673557856318062	0.0009306883634031647	5.359612260611336e-05	0.004775579397514927
PAAD	Macrophage M2	QUANTISEQ	178	0.05954817815832702	-0.09712307408107436	0.21333962780204357	0.42977571010262544	-0.12636867183637746	0.0937303969713396	0.5986544447813557	0.20360415027556927
PAAD	Monocyte	QUANTISEQ	178	-0.22686778550028944	-0.3695775372433067	-0.07370200694532185	0.0023246582964710416	-0.2049937986384444	0.006198892998386048	0.010471675045163333	0.023554588555577696
PAAD	Neutrophil	QUANTISEQ	178	0.1607176294354461	0.005074310956955284	0.3087582087648651	0.03210625566954686	0.12323946964644943	0.10221405133210319	0.08903224089923989	0.21644114380011462
PAAD	NK cell	QUANTISEQ	178	-0.08859716457157303	-0.24104095776934095	0.06811320703932486	0.23958687541855858	-0.14651191083921475	0.05166466569176267	0.4022261412136385	0.12850435296106363
PAAD	T cell CD4+ (non-regulatory)	QUANTISEQ	178	0.02110016158477333	-0.1351142833575963	0.17629108570005006	0.779815809612156	0.028969786114072364	0.7018921374558527	0.8652364508664082	0.8160565737295224
PAAD	T cell CD8+	QUANTISEQ	178	0.09462842603337927	-0.062056662061771246	0.24676144157684096	0.20896105601927625	-0.017324975295166984	0.8189638263153237	0.3639366276326816	0.889238700608974
PAAD	T cell regulatory (Tregs)	QUANTISEQ	178	0.11657908021728834	-0.03991613345346214	0.26749189788373307	0.12121597776018836	-0.025394076436208484	0.7372429502355641	0.2444324254988842	0.838702337917095
PAAD	Myeloid dendritic cell	QUANTISEQ	178	-0.01311428667561379	-0.16854034364977255	0.14294808417875907	0.8620688629374961	0.009838349345047199	0.896592945708284	0.9209533481108223	0.937730537029753
PAAD	uncharacterized cell	QUANTISEQ	178	-0.1620985000455051	-0.31004029307513375	-0.006492071703108213	0.03063785413279778	0.005673447750954683	0.940257580021703	0.08575090168878978	0.9644299941985464
PAAD	T cell	MCPCOUNTER	178	0.06771685293084422	-0.08899221578168882	0.2211544087779694	0.369120581515795	-0.07513935138096534	0.32022910384646447	0.545450292413741	0.4962726104001887
PAAD	T cell CD8+	MCPCOUNTER	178	0.18365545889929333	0.028706337925673543	0.32998556100433446	0.014130996703187975	0.07382224526990734	0.32880902227792547	0.046391433341280416	0.5052066582281662
PAAD	cytotoxicity score	MCPCOUNTER	178	0.17519311309320157	0.019967674738772537	0.3221714428735026	0.01933440629943797	0.06413681882534904	0.39637514661569423	0.060429679161312914	0.5718918167038245
PAAD	NK cell	MCPCOUNTER	178	0.1328069103128777	-0.023448532441732815	0.28272835560805226	0.07719164717403966	0.01323932610666941	0.8611601980360994	0.17557844121611116	0.9164935704900383
PAAD	B cell	MCPCOUNTER	178	0.1713896322965234	0.016047710763663205	0.3186527781302606	0.022168668234837638	0.056376854910850135	0.4560758206931693	0.06719340526993424	0.6285711874904095
PAAD	Monocyte	MCPCOUNTER	178	0.22687895941024258	0.07371372320276835	0.36958770842021255	0.00232346796739607	0.06609162269877748	0.3821084531691671	0.010471675045163333	0.5566483054737121
PAAD	Macrophage/Monocyte	MCPCOUNTER	178	0.22687895941024258	0.07371372320276835	0.36958770842021255	0.00232346796739607	0.06609162269877748	0.3821084531691671	0.010471675045163333	0.5566483054737121
PAAD	Myeloid dendritic cell	MCPCOUNTER	178	0.20828605580108245	0.05427669794552322	0.35261586135759493	0.005271284357575288	0.0786736496636999	0.29792977286278355	0.02071429330464259	0.4720038135711036
PAAD	Neutrophil	MCPCOUNTER	178	0.1703970036018938	0.015025467538836408	0.3177338121367816	0.02296481529781122	0.12171517699135899	0.10656041751801835	0.06923086184613868	0.2233737700599966
PAAD	Endothelial cell	MCPCOUNTER	178	0.14303747572290765	-0.013023044781557596	0.2922952009325406	0.05681661395553788	-0.03379709312897369	0.6551762432150529	0.1400806290171658	0.7814714960165919
PAAD	Cancer associated fibroblast	MCPCOUNTER	178	0.2510095182772236	0.09911452649029143	0.3914733272815234	0.0007260138344858657	0.03722872495433272	0.622749530114516	0.0038412910593230514	0.7547894180867195
PAAD	Myeloid dendritic cell activated	XCELL	178	-0.034438092240607406	-0.18919353013533477	0.12198665114321293	0.6481312407077622	-0.14713869904424315	0.05066175877988281	0.7783148498671223	0.1268978070655617
PAAD	B cell	XCELL	178	0.13667079332275467	-0.019515021059481812	0.28634507328542486	0.06889390386576692	0.046496706274188414	0.5388532261909038	0.1608209935015813	0.6932420014246075
PAAD	T cell CD4+ memory	XCELL	178	0.3348965146326639	0.18898492758064747	0.46633936688867234	4.8949591824909506e-06	0.3210917041118064	1.3153959739649111e-05	5.117457327149631e-05	0.00011960926181866983
PAAD	T cell CD4+ naive	XCELL	178	-0.11462065693854794	-0.2656479987282947	0.041897760709862106	0.1276381705644515	-0.21519937022044897	0.004020647649315128	0.2538480401358115	0.01644428065776376
PAAD	T cell CD4+ (non-regulatory)	XCELL	178	0.011780098139522554	-0.1442549623488559	0.16724356193272116	0.8759823786781153	0.026866585848437888	0.7226133715769328	0.9254501757988195	0.8286159929192966
PAAD	T cell CD4+ central memory	XCELL	178	-0.2081225250569462	-0.35246616590721913	-0.054106259086105286	0.005307863671814929	-0.15598477686966367	0.03814931337636855	0.020781422321839604	0.10133411365597897
PAAD	T cell CD4+ effector memory	XCELL	178	-0.13246171815178606	-0.2824050371760325	0.023799709815222	0.07797065356313784	-0.09354004255098139	0.21557924161590505	0.17704137946101564	0.37363640729172165
PAAD	T cell CD8+ naive	XCELL	178	0.060428110738648025	-0.09624821897815242	0.21418238566977033	0.4229787384607213	0.02743499479516055	0.7169926021189889	0.5925642663494878	0.8257558392592773
PAAD	T cell CD8+	XCELL	178	0.061133792139944826	-0.09554643461443581	0.21485808862866712	0.41757313485404945	-0.01907744357590423	0.8010151457690278	0.5892136258676771	0.8793785983392842
PAAD	T cell CD8+ central memory	XCELL	178	0.12538838613369713	-0.03098720358849077	0.27577241047991985	0.09537685657157713	0.04070559036358524	0.5906193810614614	0.20535435528351684	0.7310947483906748
PAAD	T cell CD8+ effector memory	XCELL	178	0.028488422820545953	-0.12784928183016517	0.1834447131422929	0.7058155744631602	0.019650137704192685	0.7951716597764985	0.8221325928717527	0.8758087858383407
PAAD	Class-switched memory B cell	XCELL	178	-0.0948301511616352	-0.24695258919076898	0.06185389165837914	0.20798774285916954	-0.14422549308473007	0.05546370968278371	0.362726170641995	0.1357940543892826
PAAD	Common lymphoid progenitor	XCELL	178	0.36891250186039054	0.22613726863634165	0.4961701265068862	4.0389843773407936e-07	0.4651589267037635	6.891325391263584e-11	5.46450827522578e-06	2.155606582387249e-09
PAAD	Common myeloid progenitor	XCELL	178	-0.16774860239020167	-0.3152805928485945	-0.012299641134335538	0.0252105054466618	-0.22295039734260644	0.0028564090590803308	0.07433833634675992	0.012260136141969991
PAAD	Myeloid dendritic cell	XCELL	178	0.13155334283985975	-0.0247236510227329	0.28155405991651583	0.08005096819421235	-0.0006464663529920005	0.9931863572180198	0.18071552288647247	0.9962438832022723
PAAD	Endothelial cell	XCELL	178	-0.19451336632434385	-0.3399824507037697	-0.0399535824714281	0.009275021564055451	-0.3178712195286179	1.62227535785449e-05	0.033272194736181246	0.00014615430067306583
PAAD	Eosinophil	XCELL	178	-0.14875129092319656	-0.29762535559676917	0.0071855600518365694	0.047518816643209325	-0.17038908326761293	0.02336429598428318	0.1218351298852121	0.06884280127999037
PAAD	Cancer associated fibroblast	XCELL	178	-0.008670569466717104	-0.16421912627869428	0.1472987288667436	0.908550552248842	-0.26210736668443896	0.0004247273890599759	0.9483269245309589	0.002454325544692264
PAAD	Granulocyte-monocyte progenitor	XCELL	178	0.22526393121379445	0.0720207449222143	0.36811725605573165	0.00250136944749866	0.1540491324113199	0.040637869718093904	0.011063749479320996	0.10714367538620848
PAAD	Hematopoietic stem cell	XCELL	178	-0.12071684939257556	-0.27138406856630476	0.03572528676657414	0.1084735208853217	-0.24273414176446395	0.001132679013219544	0.2260828713548016	0.005663395066097721
PAAD	Macrophage	XCELL	178	0.0353953771901737	-0.121042349978104	0.1901175087831283	0.6390315762934198	-0.10347108705799624	0.17052420697914564	0.7728115756404126	0.3150990781136387
PAAD	Macrophage M1	XCELL	178	-0.06275602622609418	-0.21641084987825127	0.0939325683323085	0.40530074609545685	-0.17506199536374598	0.019775859516172445	0.5789475425985015	0.06037600892634313
PAAD	Macrophage M2	XCELL	178	-0.10095560511017863	-0.2527512211858491	0.055690532158885454	0.1799676307329345	-0.25515938114419157	0.0006090846622388487	0.3282904135426255	0.003363730267449009
PAAD	Mast cell	XCELL	178	0.1473186738693808	-0.00865018358944719	0.2962898044684498	0.049721831507470816	0.10970707965064279	0.14605507417674946	0.12624179298325383	0.2821518478414478
PAAD	B cell memory	XCELL	178	0.06277970857021972	-0.09390900204626193	0.21643351226084181	0.40512318407577086	0.006694908887597858	0.9295270654362795	0.5789475425985015	0.9589580015450799
PAAD	Monocyte	XCELL	178	0.0833275715197235	-0.0733954529811868	0.2360342097299303	0.2688042658274356	-0.07263220019881667	0.3366870913885069	0.43665337739313387	0.5138702246284834
PAAD	B cell naive	XCELL	178	0.1701530192880748	0.014774253805496382	0.31750789144452585	0.02316423361283702	0.09219444812289344	0.22228371998921856	0.06972452149822382	0.38186702335581924
PAAD	Neutrophil	XCELL	178	0.07270393094934842	-0.0840179360790235	0.22591576255795326	0.33482808430390654	0.07269388931569969	0.33627577705733913	0.5117974236232504	0.5136087063649203
PAAD	NK cell	XCELL	178	-0.05161001651304689	-0.20572647158713475	0.10500450134861475	0.4938687510361933	-0.03696725721455961	0.6251958865733657	0.6572589573014009	0.7570120063964246
PAAD	T cell NK	XCELL	178	-0.2891542812048558	-0.4257482263851372	-0.1396751274024365	9.056386738209195e-05	-0.3136883699448827	2.1225338323524297e-05	0.0006449994926484144	0.00018442460632217778
PAAD	Plasmacytoid dendritic cell	XCELL	178	-0.10647195641305529	-0.2579639336642083	0.050129809280558206	0.157206560060367	-0.16063115185224722	0.03269523652589611	0.29651599123783645	0.08938410398364434
PAAD	B cell plasma	XCELL	178	-0.11341675865552918	-0.2645139530061569	0.043115312281640825	0.13171438721977802	-0.08301475473725006	0.2719811613103911	0.2601026535501677	0.4432873450286074
PAAD	T cell gamma delta	XCELL	178	-0.09078972638504032	-0.24312176784704514	0.06591278927358896	0.22810951265391724	-0.05483588599805292	0.46850066582579547	0.3882926401727542	0.6399604391414461
PAAD	T cell CD4+ Th1	XCELL	178	-0.1747241017017036	-0.32173777185853525	-0.019484041583610907	0.019666009404226935	-0.07094995076708957	0.348027046491129	0.06116741941642621	0.5245897269777618
PAAD	T cell CD4+ Th2	XCELL	178	0.4177355461353363	0.2801978973073276	0.538467388930713	6.572981348971719e-09	0.39320997660426543	6.165514655606819e-08	1.272294904677199e-07	1.0481374914531592e-06
PAAD	T cell regulatory (Tregs)	XCELL	178	0.13693849078406128	-0.019242320395250024	0.2865954887479918	0.06834703452001528	0.09707273862717328	0.1986678136105777	0.1599263345142189	0.352613856983892
PAAD	immune score	XCELL	178	0.10562399161214289	-0.05098522680497137	0.25716321700640055	0.16055722471760786	-0.04579762518994902	0.5449806772438797	0.30080438363480916	0.6986473600077278
PAAD	stroma score	XCELL	178	-0.05066449203317778	-0.20481841388032657	0.10594195871154162	0.5018269802110661	-0.29331374295060536	7.42809234054343e-05	0.6644576676685636	0.000542875533673361
PAAD	microenvironment score	XCELL	178	0.03977430198148613	-0.11671920425195699	0.19434058840130314	0.5981064899964504	-0.17716034243685683	0.018326422888433894	0.7438283638314634	0.056555890681749425
PAAD	B cell	EPIC	178	0.05753948305643211	-0.09911927165476149	0.21141493653759408	0.4455252205990898	-0.013124961430449405	0.8623476118065692	0.6146801737976151	0.9167425672005669
PAAD	Cancer associated fibroblast	EPIC	178	0.24077256940291952	0.08831446969181693	0.3822081206151172	0.0012060883196423947	0.010048021180050942	0.8944018347861377	0.005842475367111761	0.9373120273422134
PAAD	T cell CD4+	EPIC	178	0.18184042722401136	0.026830043468291848	0.3283112509432456	0.015130104196811696	0.14605527870141452	0.052405635247676545	0.04913513904446323	0.12985173245780438
PAAD	T cell CD8+	EPIC	178	0.1022120299576123	-0.05442485510500359	0.2539392636046088	0.17458127705290782	0.20250267396390353	0.006869640577284127	0.32047548980134727	0.025411820867720848
PAAD	Endothelial cell	EPIC	178	0.017108748165421385	-0.13903213150336768	0.17241959783819924	0.8206822112447528	-0.12449625443324407	0.09873669940069434	0.8939333250831718	0.21042610388913624
PAAD	Macrophage	EPIC	178	0.08137001910252836	-0.0753554682891601	0.2341722315435017	0.28025146754094904	-0.10652941848413769	0.1581682145677554	0.4489075125297463	0.2984738025868357
PAAD	NK cell	EPIC	178	0.09710313071687146	-0.05956823998197107	0.24910556653227164	0.1972453573309963	0.012116496233523356	0.8728312570517137	0.3503542334579933	0.9241186609997836
PAAD	uncharacterized cell	EPIC	178	-0.2594846310118637	-0.3991224505014735	-0.10808299290714198	0.0004693394315422669	0.018710846170837712	0.8047615484787434	0.0026987017313680347	0.8798671037518219
PCPG	B cell	TIMER	177	0.34384359689063554	0.1982837455918676	0.4745639365055633	2.788673190148262e-06	0.3293439169818919	8.071996604316224e-06	3.028808937077696e-05	7.812254139325851e-05
PCPG	T cell CD4+	TIMER	177	-0.06213318675230692	-0.21624438811908728	0.09499888803616452	0.41132415533956784	-0.13798329795334707	0.0678115366060585	0.5837667685581526	0.1583889534824903
PCPG	T cell CD8+	TIMER	177	0.358652464465643	0.21445743444696444	0.4875475877963812	9.49514856686839e-07	0.33577494809255115	5.218936784222055e-06	1.1786041554430287e-05	5.355916752311873e-05
PCPG	Neutrophil	TIMER	177	0.28496087325357944	0.13474902528399768	0.42236964948748323	0.00012089205657359294	0.25002910570101	0.0008178203853418516	0.0008307345188097512	0.004280693047773279
PCPG	Macrophage	TIMER	177	0.2422625250124455	0.08943713743692132	0.3839426924320545	0.0011589637607115051	0.21337428075071704	0.004463794355601155	0.005657363675882628	0.01793775532415264
PCPG	Myeloid dendritic cell	TIMER	177	0.17166859992036151	0.015884533234791963	0.3193157467122377	0.022329956493384786	0.12015194333057018	0.11219653455153639	0.0675774999141908	0.2322331657472246
PCPG	B cell naive	CIBERSORT	177	0.019005076176607197	-0.13761350052842683	0.1746964721697425	0.8017543402040537	-0.0091798828543777	0.903754666193509	0.880894745835438	0.9433210744304912
PCPG	B cell memory	CIBERSORT	177	-0.1443847521571378	-0.29396460453973344	0.012098145621642476	0.05519181542658825	-0.13973261076929339	0.06436569462517776	0.13692893294286804	0.15188284006303263
PCPG	B cell plasma	CIBERSORT	177	0.12635608755011138	-0.030455069309935773	0.27709675920655324	0.09376335687133856	0.16364352704869856	0.029994870132811675	0.2027736312870209	0.08318595982996993
PCPG	T cell CD8+	CIBERSORT	177	-0.04255093525367057	-0.1974485498598686	0.11441963064665304	0.5738794820408964	-0.011809034818087004	0.8763848656033737	0.7212692943683398	0.9257814553261278
PCPG	T cell CD4+ naive	CIBERSORT	177	0.005901031669198847	-0.1504476830644202	0.16196176726343645	0.9378657964706414	0.004698320398333601	0.9506532470251247	0.9633464629009576	0.9693142226442527
PCPG	T cell CD4+ memory resting	CIBERSORT	177	0.16737188986293478	0.01146152125754634	0.31533737318567767	0.025967840796708844	0.14177693610160383	0.0605216943757951	0.07611263681793971	0.14464536981012155
PCPG	T cell CD4+ memory activated	CIBERSORT	177	-0.024478448418864717	-0.18000019940572826	0.13223722955776573	0.7463880542838187	-0.026980269355935435	0.7222540290151453	0.846883313808592	0.8286159929192966
PCPG	T cell follicular helper	CIBERSORT	177	-0.12110307380971767	-0.272164431099456	0.035783900676707885	0.10834611182060776	-0.122720314270115	0.10467340382546765	0.22593775851657405	0.22092758101289006
PCPG	T cell regulatory (Tregs)	CIBERSORT	177	-0.046464613010103684	-0.2012141844398548	0.11054780132540228	0.5391337722726622	-0.04009879561557206	0.5972268548136659	0.6954843449640744	0.7347882323226663
PCPG	T cell gamma delta	CIBERSORT	177	-0.09732703105757297	-0.24974014903906597	0.05979204686100803	0.19748867788783053	-0.09091402339482196	0.23013803996858076	0.3503542334579933	0.3912346679465873
PCPG	NK cell resting	CIBERSORT	177	-0.08279659150293409	-0.2359548639472702	0.0743753863303349	0.27324741655725227	-0.09934837968813588	0.18956684310347488	0.44130417130890387	0.34062792120155644
PCPG	NK cell activated	CIBERSORT	177	-0.08588129253261745	-0.23888653754785003	0.07128506565994666	0.2557130068256606	-0.058665939011210214	0.4392784267905277	0.42205059378992527	0.6123275040110386
PCPG	Monocyte	CIBERSORT	177	0.11348873747557002	-0.04349233000766318	0.26500081403356024	0.1325723023411586	0.11358904041816857	0.13334169277321076	0.2611373814377482	0.2650439717672969
PCPG	Macrophage M0	CIBERSORT	177	-0.08334023591739527	-0.2364717414236685	0.0738309705545093	0.2700994287723731	-0.0953825646487403	0.2079403570961831	0.4382111064315265	0.36412089497366734
PCPG	Macrophage M1	CIBERSORT	177	-0.02545791155930966	-0.18094835156765746	0.13127416909302367	0.7366067343825197	-0.04491500418345271	0.5539056272772857	0.8408574685388436	0.706152919026471
PCPG	Macrophage M2	CIBERSORT	177	0.03071492875815862	-0.12610012914737173	0.186032381120695	0.6848630580338688	0.028030898981947824	0.7119080937630322	0.8078848727664181	0.8223221998858068
PCPG	Myeloid dendritic cell resting	CIBERSORT	177	0.07376790087249134	-0.08340321019224384	0.227358021339964	0.32916617845170026	0.0671308837351917	0.37602453631316096	0.5056469127922225	0.5504706752278301
PCPG	Myeloid dendritic cell activated	CIBERSORT	177	0.029923985278599886	-0.12687913393985473	0.18526799562088275	0.69256203238198	0.05177982692408324	0.4949226958134865	0.8139217152430243	0.6618152327738483
PCPG	Mast cell activated	CIBERSORT	177	-0.013095713774127231	-0.16896010715386559	0.14340768473356472	0.862651330987992	-0.01871744711436701	0.8052431851711545	0.9210722840423399	0.8798671037518219
PCPG	Mast cell resting	CIBERSORT	177	-0.0879493814969665	-0.24085047107536542	0.06921151819226463	0.24440080551932228	-0.09771927329276597	0.19696549304672953	0.40820467730907734	0.35117878605230846
PCPG	Eosinophil	CIBERSORT	177	-0.11479588172884676	-0.2662317741169698	0.042170360499765205	0.1281411242355345	-0.10744203383189482	0.15580139479711802	0.254460028319421	0.29543329469288626
PCPG	Neutrophil	CIBERSORT	177	0.03867802328643846	-0.11824644133376941	0.19371763364214584	0.609264884415375	0.037344145795704116	0.6226715741726171	0.7536304011591636	0.7547894180867195
PCPG	B cell naive	CIBERSORT-ABS	177	0.07464369711255228	-0.08252862646302919	0.22819297748041498	0.3234407212096639	0.033875331830722076	0.6553567865571368	0.499468096338778	0.7814714960165919
PCPG	B cell memory	CIBERSORT-ABS	177	-0.14054716265683687	-0.2903818959209015	0.01601446495523465	0.06205780257586365	-0.1364457295046056	0.07096313911732595	0.1479548829705042	0.16485544562246085
PCPG	B cell plasma	CIBERSORT-ABS	177	0.2517880986896537	0.09949123887326569	0.3925581033077502	0.0007229549882617058	0.25119384432841946	0.0007715611422356714	0.003830289978459715	0.0040712605480991565
PCPG	T cell CD8+	CIBERSORT-ABS	177	0.06922074732482576	-0.08794017966031058	0.22301927742621652	0.35993134334150273	0.06127033178671332	0.41919988765964294	0.5369445068543593	0.5929960607752088
PCPG	T cell CD4+ naive	CIBERSORT-ABS	177	0.005901031669198847	-0.1504476830644202	0.16196176726343645	0.9378657964706414	0.004698320398333601	0.9506532470251247	0.9633464629009576	0.9693142226442527
PCPG	T cell CD4+ memory resting	CIBERSORT-ABS	177	0.2470342483652006	0.09446973030497662	0.38826156632647385	0.0009170261653073307	0.2100217837024459	0.005147230078582893	0.004680903794192772	0.020206495589617582
PCPG	T cell CD4+ memory activated	CIBERSORT-ABS	177	-0.024747442357533556	-0.18026062307121588	0.13197276982008338	0.7436976570744549	-0.027315774088210277	0.7189446090603901	0.8460453416238344	0.8267902005643276
PCPG	T cell follicular helper	CIBERSORT-ABS	177	-0.010560112707331247	-0.16649549448885131	0.14589057975026543	0.8890537699217245	-0.04220682131862654	0.5780776811515493	0.9324199904125773	0.7239858210450217
PCPG	T cell regulatory (Tregs)	CIBERSORT-ABS	177	-0.02849010797723762	-0.18388178500843305	0.12829087495875258	0.706599389284099	-0.03096322020935294	0.6833145152990943	0.8222629797919129	0.8030537285300446
PCPG	T cell gamma delta	CIBERSORT-ABS	177	-0.09732703105757297	-0.24974014903906597	0.05979204686100803	0.19748867788783053	-0.09091402339482196	0.23013803996858076	0.3503542334579933	0.3912346679465873
PCPG	NK cell resting	CIBERSORT-ABS	177	-0.08141457150521102	-0.23464049895232864	0.07575894556089474	0.2813616712442893	-0.0990350487846706	0.1909738444514386	0.4501326246175004	0.3422125260335128
PCPG	NK cell activated	CIBERSORT-ABS	177	0.11625662350536042	-0.040692400848721846	0.2676067954490916	0.12332529353502229	0.09240041135115629	0.22257620647282356	0.24791871348171576	0.3822015666705051
PCPG	Monocyte	CIBERSORT-ABS	177	0.23186942676532393	0.07850279182923225	0.3745144225810852	0.0019002255581334452	0.20328411583121977	0.006810611775279375	0.00883458018109604	0.025217322008846927
PCPG	Macrophage M0	CIBERSORT-ABS	177	-0.08248374662621033	-0.23565738304724568	0.07468863263090007	0.27507018424724333	-0.09462783360470002	0.21157731878810726	0.44367586814820675	0.36821650184956
PCPG	Macrophage M1	CIBERSORT-ABS	177	0.019950658605161247	-0.13668535234859805	0.1756133927000467	0.7921098229187514	-0.0052567138424489245	0.9447971983106257	0.8733294937571693	0.9670869121136952
PCPG	Macrophage M2	CIBERSORT-ABS	177	0.20043584771731793	0.04565528685907726	0.34581827824438344	0.007474426570744504	0.16331901976658786	0.03032678904322908	0.02772771147211671	0.08397857305880006
PCPG	Myeloid dendritic cell resting	CIBERSORT-ABS	177	0.07406912514190984	-0.08310243027249962	0.2276452244102875	0.3271896430728531	0.06739094064261078	0.374173963405701	0.5038643183989191	0.5493401381648115
PCPG	Myeloid dendritic cell activated	CIBERSORT-ABS	177	0.07301596739507338	-0.08415390951218416	0.22664097177698858	0.33413351845248496	0.08401981666825296	0.2675734877911338	0.5109354936054815	0.43811236903824674
PCPG	Mast cell activated	CIBERSORT-ABS	177	0.020857192304023456	-0.13579527465122235	0.1764921946195215	0.7828930838176477	0.007482497805560631	0.9214871574275255	0.8673455891773525	0.954870376129914
PCPG	Mast cell resting	CIBERSORT-ABS	177	-0.03876605988083657	-0.19380249231882254	0.11815950442874297	0.6084499313904898	-0.05861345276433464	0.4396886167156253	0.7528830666986116	0.6126808593578386
PCPG	Eosinophil	CIBERSORT-ABS	177	-0.11462362689933471	-0.26606958705190337	0.04234460044101516	0.12871844511439418	-0.10747656314910464	0.15566774207023956	0.2553470930478342	0.29543329469288626
PCPG	Neutrophil	CIBERSORT-ABS	177	0.04234012024281014	-0.11462805617297728	0.19724557954587235	0.5757805535262555	0.03887798342978797	0.608445764673565	0.7231936923506774	0.7425165230566914
PCPG	B cell	QUANTISEQ	177	-0.0017756310433597606	-0.15794185450021014	0.1544772485318982	0.9812866337101432	-0.014533036672569888	0.8481818268578141	0.9891288316078011	0.9076056220618646
PCPG	Macrophage M1	QUANTISEQ	177	-0.09864919785906132	-0.2509914529926039	0.05846172906311555	0.1914396606045605	-0.13842110922618708	0.06693531902277552	0.3430472378386029	0.1569047346397196
PCPG	Macrophage M2	QUANTISEQ	177	0.29926458773256864	0.15007005005880986	0.43513296687661357	5.2016654227223534e-05	0.2846300854674958	0.00012885539820660044	0.0004027428079771169	0.0008686631154962202
PCPG	Monocyte	QUANTISEQ	177	-0.2768860143055659	-0.41514024550193257	-0.12613146760179858	0.00019084335764024167	-0.30499203206354353	3.857704488761809e-05	0.001252009275794203	0.00031164513535245195
PCPG	Neutrophil	QUANTISEQ	177	0.04894631370498053	-0.10809016546383167	0.2035996421435155	0.5176562266027173	0.014444871415834714	0.8490918377630332	0.6773881680109185	0.9080823538439442
PCPG	NK cell	QUANTISEQ	177	0.17698793303440039	0.02136868733743132	0.3242337794905119	0.01844193613650215	0.1824223344173769	0.015383182841523037	0.058104730293088956	0.04902057449906689
PCPG	T cell CD4+ (non-regulatory)	QUANTISEQ	177	0.2675010710335224	0.11614428486488876	0.40671592854692595	0.00031885912471001055	0.27530253278350014	0.0002173095839524643	0.001929936807455327	0.0013793514176203498
PCPG	T cell CD8+	QUANTISEQ	177	-0.02460210620311847	-0.18011992010246516	0.1321156589378483	0.7451508831051302	-0.038693089436494965	0.6101529704308987	0.8466746747887115	0.743671482040154
PCPG	T cell regulatory (Tregs)	QUANTISEQ	177	0.2202247628698455	0.06629537923627914	0.3639156182394476	0.0032254889187780878	0.17710931718422918	0.01869794313896713	0.013768189598714327	0.05752081642278638
PCPG	Myeloid dendritic cell	QUANTISEQ	177	0.18549324530331426	0.030157040871050433	0.3320809315254418	0.013442259299319448	0.16615702458038617	0.02752727109495481	0.044655253917025524	0.07819246875511877
PCPG	uncharacterized cell	QUANTISEQ	177	-0.3237933034400374	-0.45689375778493246	-0.17651116415808582	1.1011683788303591e-05	-0.2951192116937003	7.001668416446637e-05	0.00010300402778054316	0.0005165381794020066
PCPG	T cell	MCPCOUNTER	177	-0.21498286040754142	-0.35913233803318273	-0.06081515199572163	0.004058565804081149	-0.22256505665774465	0.00298819046382117	0.016669109552476146	0.012755267154520498
PCPG	T cell CD8+	MCPCOUNTER	177	0.08651833962023087	-0.07064648189304774	0.23949163438115872	0.2521906437083469	0.05548497162052686	0.46452880134749663	0.41782432919476115	0.6368540018473744
PCPG	cytotoxicity score	MCPCOUNTER	177	-0.004038191859559219	-0.16014720203820437	0.15226789165955976	0.957457651969359	-0.023871449127393113	0.7531574340837044	0.9749113070833837	0.8484141651591138
PCPG	NK cell	MCPCOUNTER	177	-0.06766676477207804	-0.22153512016207294	0.08948918831369897	0.3708429298462631	-0.11263379761598064	0.1366588820145567	0.5475510324268522	0.27000314738601144
PCPG	B cell	MCPCOUNTER	177	0.11738673153165631	-0.03954850074413988	0.26867016277019345	0.11969658101148027	0.10799503006024479	0.15367126942366008	0.24186750995084644	0.2929569300080502
PCPG	Monocyte	MCPCOUNTER	177	0.21097929398729248	0.056635813132614905	0.3554739420430603	0.004820207882689676	0.1681568722713615	0.025689945688143978	0.019134023168849372	0.0740010651815944
PCPG	Macrophage/Monocyte	MCPCOUNTER	177	0.21097929398729248	0.056635813132614905	0.3554739420430603	0.004820207882689676	0.1681568722713615	0.025689945688143978	0.019134023168849372	0.0740010651815944
PCPG	Myeloid dendritic cell	MCPCOUNTER	177	0.169547791762608	0.01370062162290317	0.3173527161445466	0.02406662663191416	0.11123492451084269	0.14163005504769782	0.07183267556661106	0.2770252702533759
PCPG	Neutrophil	MCPCOUNTER	177	0.3471351777150673	0.20187184797519034	0.47745474978694125	2.2051813679407825e-06	0.32537233266535337	1.0515505275834282e-05	2.456484087934034e-05	9.883563853007702e-05
PCPG	Endothelial cell	MCPCOUNTER	177	0.08565900867367254	-0.07150785539387544	0.23867537407414322	0.2569499981299666	-0.02125522792744127	0.7794738143304442	0.4233773673359332	0.8670676000091143
PCPG	Cancer associated fibroblast	MCPCOUNTER	177	-0.034573501151295864	-0.18975869809742213	0.12229702378262483	0.6477801901002975	-0.13131885543036237	0.08234148329709712	0.7783148498671223	0.18482785799792675
PCPG	Myeloid dendritic cell activated	XCELL	177	-0.16662013863229283	-0.3146407830300312	-0.01068829885865429	0.026653949672816674	-0.21130074932121856	0.004876156196136228	0.07742714949532926	0.01931689030080309
PCPG	B cell	XCELL	177	-0.06893321467584064	-0.22274471826551115	0.0882268493094242	0.3619350930619012	-0.05461847774093417	0.47154317468314927	0.5389056412307821	0.641298717569083
PCPG	T cell CD4+ memory	XCELL	177	0.06670573183179006	-0.09044676491807886	0.22061691255483212	0.37769177975779317	0.09165742646639302	0.22633372274480398	0.5539290543334475	0.3871177488290221
PCPG	T cell CD4+ naive	XCELL	177	-0.12965799591597776	-0.2801930319633707	0.027100935171862055	0.08542631392771623	-0.1322499841960868	0.08017249824209864	0.18924469544326938	0.18109443565950648
PCPG	T cell CD4+ (non-regulatory)	XCELL	177	0.032678236721643876	-0.12416561960095202	0.18792895373659163	0.6658935490817838	0.019035738659915504	0.8019990076474895	0.791961767457514	0.8795700031499418
PCPG	T cell CD4+ central memory	XCELL	177	-0.15935065475855242	-0.3078964750944114	-0.003220795339178341	0.034127827455415434	-0.14433902148458294	0.055972529941255206	0.09311919424331774	0.13644176562986773
PCPG	T cell CD4+ effector memory	XCELL	177	0.051298401295227995	-0.10575911284533736	0.20585881969510889	0.49771338093137407	0.05736473765989177	0.4495116237220012	0.6605768226210701	0.6221559110630176
PCPG	T cell CD8+ naive	XCELL	177	-0.17138353688151864	-0.3190519646381122	-0.015590901812477985	0.022556914371028407	-0.14905492084666142	0.04833739279678926	0.06810620478047959	0.12232958306501358
PCPG	T cell CD8+	XCELL	177	0.09585325081487259	-0.06127425528452604	0.24834475732258757	0.20439343118630685	0.12884347670865723	0.08833759322068367	0.35924624902139046	0.19514123700162325
PCPG	T cell CD8+ central memory	XCELL	177	0.006981349921699201	-0.14939160212734162	0.16301360631672399	0.9265201792024637	0.00828560984290957	0.9130917223265671	0.958131155959173	0.9497708524333273
PCPG	T cell CD8+ effector memory	XCELL	177	-0.11777722362928464	-0.26903750790498027	0.039153147351588924	0.11846219281893407	-0.11770857289379062	0.11973966059116103	0.2408669651180615	0.24359108892374592
PCPG	Class-switched memory B cell	XCELL	177	0.09058423822364504	-0.06656773838211077	0.24335081561077757	0.2304995518864084	0.12786266538864835	0.09080786697664851	0.3906602721611863	0.19913559163134925
PCPG	Common lymphoid progenitor	XCELL	177	0.398817961298703	0.2587264214440396	0.5224779481276817	3.8372842879616225e-08	0.41050420104455676	1.5264684326795793e-08	6.458091003961103e-07	2.9401436314173177e-07
PCPG	Common myeloid progenitor	XCELL	177	-0.1675418197593423	-0.31549481208326446	-0.011636330453329055	0.0258148641051542	-0.18222052120045282	0.015499035021448662	0.07577786685521991	0.04934953333376569
PCPG	Myeloid dendritic cell	XCELL	177	-0.017558172578494964	-0.17329290327446356	0.13903319448880422	0.8165697818366751	-0.04478836548725634	0.5550249279701105	0.8910996220228344	0.7071940344490315
PCPG	Endothelial cell	XCELL	177	-0.18295865722546356	-0.3297445960311275	-0.02753559181829277	0.014790402536067676	-0.3546615187945364	1.368649950116735e-06	0.04815193498420034	1.6775615376038976e-05
PCPG	Eosinophil	XCELL	177	0.05146606138615985	-0.10559288622404035	0.20601979414826999	0.4963074737433875	0.049008428054685776	0.5183274640740725	0.6596064657840398	0.6796901804603969
PCPG	Cancer associated fibroblast	XCELL	177	-0.18644612207114586	-0.33295881040153136	-0.03114312596811851	0.012963997240897038	-0.21215174634370818	0.004702954877735976	0.04362240035448143	0.01874470292757153
PCPG	Granulocyte-monocyte progenitor	XCELL	177	-0.03802117579624053	-0.1930844235934396	0.11889500803493651	0.6153604334862023	-0.08668054329236871	0.2526619053422626	0.7563845630088182	0.42002893277561515
PCPG	Hematopoietic stem cell	XCELL	177	-0.15697226502311248	-0.30568666362145575	-0.0007813932811175227	0.0369300504374168	-0.2753284124425234	0.00021700021381027256	0.09944662342307142	0.0013793514176203498
PCPG	Macrophage	XCELL	177	0.03886213135094289	-0.11806463026873427	0.19389509318358922	0.6075611494114237	0.03301229195888387	0.6635947813135802	0.7524493211222831	0.7887006973710592
PCPG	Macrophage M1	XCELL	177	-0.1184856793044615	-0.26970385655343987	0.03843574655077738	0.11624797829477439	-0.1349959005928276	0.07404297108386582	0.23797361001705122	0.169998835547807
PCPG	Macrophage M2	XCELL	177	-0.11856515956910552	-0.26977860387867564	0.03835525265671776	0.11600159467810703	-0.12253835045872348	0.10519298400807302	0.23771815261603696	0.22148713451880642
PCPG	Mast cell	XCELL	177	0.4125061954150576	0.27394876605602314	0.5342879885326582	1.1616380910153148e-08	0.4369626592490107	1.3341148687264403e-09	2.1628594932713716e-07	3.29151199412395e-08
PCPG	B cell memory	XCELL	177	-0.11506740046229193	-0.2664874060072324	0.04189569332263382	0.12723517036011062	-0.13272282986215525	0.07908879545677809	0.2533042342708923	0.17885320430075324
PCPG	Monocyte	XCELL	177	0.024817534805377333	-0.1319038551964142	0.18032847876022615	0.7429971209620819	-0.002698998714552168	0.9716402305283575	0.8454943955069093	0.9836293314112192
PCPG	B cell naive	XCELL	177	0.02293498878059707	-0.133754241247331	0.1785054935596101	0.7618836611318396	0.02177047625658987	0.7742700555155063	0.8555327728390272	0.8637363529431183
PCPG	Neutrophil	XCELL	177	0.038081182433366084	-0.11883576345060969	0.19314227618140495	0.6148024692924929	0.014193260333189068	0.8516899717893641	0.7563845630088182	0.9095983488293957
PCPG	NK cell	XCELL	177	-0.010940153138149835	-0.1668650192232477	0.14551856451848572	0.8850880102390893	-0.012260955516048212	0.8716941164852696	0.9305442645966225	0.9239213501083015
PCPG	T cell NK	XCELL	177	-0.21240372484019207	-0.35677607210572837	-0.0581221625091919	0.004535655648761523	-0.19936917408731492	0.007983426852293604	0.018207816824083733	0.028664094575269045
PCPG	Plasmacytoid dendritic cell	XCELL	177	-0.11468033211052273	-0.26612297896482906	0.042287242797684484	0.12852817386857796	-0.10520956936698922	0.1646269994497435	0.2550990659015938	0.30739807442621636
PCPG	B cell plasma	XCELL	177	0.00563680507483909	-0.15070592734469096	0.16170445218836332	0.9406427251741954	0.05021682338657974	0.5080531776693976	0.9643191021056906	0.6726917794897561
PCPG	T cell gamma delta	XCELL	177	-0.019936837761220242	-0.17559999272941065	0.13669892035037617	0.7922505663316316	-0.032799664220689105	0.6656306352672858	0.8733294937571693	0.789868219695019
PCPG	T cell CD4+ Th1	XCELL	177	-0.35395321542693764	-0.4834336942066071	-0.2093165116913692	1.3444852786789744e-06	-0.32958031346777805	7.945005244577502e-06	1.5881986222461602e-05	7.727604603556724e-05
PCPG	T cell CD4+ Th2	XCELL	177	0.1953703950133354	0.04039311297475025	0.3411683723562733	0.009161185557833728	0.25451989785561074	0.0006523922153267241	0.03298364229385808	0.0035477796410674427
PCPG	T cell regulatory (Tregs)	XCELL	177	0.21252490693962708	0.05824864384653012	0.35688682369506636	0.004512158298756392	0.25465337212318945	0.0006479846126588049	0.01816236851955501	0.003528718433838338
PCPG	immune score	XCELL	177	0.1609390419140943	0.00485096457702599	0.309371386649687	0.032358493281672875	0.1554656978740467	0.039366683049252525	0.08954119513895324	0.10421376487649112
PCPG	stroma score	XCELL	177	-0.2308413116116411	-0.3735801449534064	-0.07742313691466018	0.0019931949061045185	-0.3908424551375766	8.183557325328979e-08	0.009214210068755741	1.3588796067392482e-06
PCPG	microenvironment score	XCELL	177	-0.2056339917937709	-0.35058257782827984	-0.05106425035677837	0.0060362469057848814	-0.3520837849252087	1.6514791151489399e-06	0.02311628344918598	1.968683945192791e-05
PCPG	B cell	EPIC	177	0.251097193608144	0.09876095134450018	0.3919340436267166	0.0007485874681113603	0.21027839441764376	0.0050917835102231995	0.003943968310661491	0.020069428956625713
PCPG	Cancer associated fibroblast	EPIC	177	0.03955090805214592	-0.11738435367543439	0.19455890676366336	0.6012059929751036	-0.01821802195750363	0.810340247637852	0.746495850280297	0.8829237772028986
PCPG	T cell CD4+	EPIC	177	0.43209302124270704	0.29585220373670357	0.5511049748939949	1.9092195173432345e-09	0.4135101886034204	1.1694522544601727e-08	4.315056828215056e-08	2.3093728863329674e-07
PCPG	T cell CD8+	EPIC	177	0.3355269991863022	0.18923529685906507	0.4672473441312235	4.9874559627422594e-06	0.31692498795674534	1.8230907928091264e-05	5.200254083819262e-05	0.00016090936794319828
PCPG	Endothelial cell	EPIC	177	-0.10565303578539152	-0.25761143220231897	0.051405394142029194	0.16163808695891976	-0.3479110029374706	2.2305736978395635e-06	0.3022500813052971	2.506190562802498e-05
PCPG	Macrophage	EPIC	177	0.037458233063832	-0.11945074728695246	0.19254163622419035	0.6206055920293334	0.001759707917901781	0.981507622919311	0.7599648809378934	0.9888276593070722
PCPG	NK cell	EPIC	177	-0.32946321912709275	-0.46190128882795	-0.18265353533746226	7.540660237355606e-06	-0.35735605335295106	1.1226487767174758e-06	7.445449880823338e-05	1.4069092041555545e-05
PCPG	uncharacterized cell	EPIC	177	-0.14121552604698673	-0.2910061709119031	0.01533273508501607	0.060813993582609145	0.004117340732990894	0.9567489657864057	0.14638203694402785	0.9734292105711284
PRAD	B cell	TIMER	495	0.2953738672795794	0.2077128901975768	0.378328382700635	2.0110147850351592e-11	0.13364156767716384	0.002918746393300483	6.72057077733972e-10	0.012472457265360535
PRAD	T cell CD4+	TIMER	495	-0.022710702133621762	-0.11585575324002569	0.07083030452580254	0.6142130351168676	-0.23831827395470068	8.280721705906501e-08	0.7563845630088182	1.3604604419490012e-06
PRAD	T cell CD8+	TIMER	495	0.43878763432116447	0.36015557032374856	0.5112289066110127	1.0362994985035481e-24	0.29695921527228825	1.627283842636966e-11	1.8417868359767605e-22	5.630690110363307e-10
PRAD	Neutrophil	TIMER	495	0.3058101647292072	0.21866440957394997	0.38811639670035575	3.552542779656418e-12	0.0898836403574487	0.045852785336428545	1.3752913137085737e-10	0.11775488474669833
PRAD	Macrophage	TIMER	495	0.26082335636341947	0.17161280859206923	0.3457911809326574	3.8492416050448715e-09	0.0282501747594563	0.5310356261068345	7.87986108676725e-08	0.688444727479351
PRAD	Myeloid dendritic cell	TIMER	495	0.2900559616217661	0.20214088784049447	0.37333367082781044	4.7368499643790515e-11	0.06082585291245939	0.17709705312815652	1.4699272508509596e-09	0.3246364171266254
PRAD	B cell naive	CIBERSORT	495	0.1771515818876292	0.0851698823170686	0.26613926535064497	7.407742259989536e-05	0.11564914467519068	0.010095060653075324	0.0005416475847790515	0.03511715938925669
PRAD	B cell memory	CIBERSORT	495	-0.05223230757277373	-0.14491618184332833	0.04136022596292687	0.24606941114189512	-0.029372891140773644	0.5148323150528181	0.4097663533069889	0.67837130004497
PRAD	B cell plasma	CIBERSORT	495	-0.0841719977894495	-0.17617786099614913	0.00929182188371642	0.06130405136362931	-0.1142730372418682	0.011030158567210761	0.14696434140514447	0.037633438043450325
PRAD	T cell CD8+	CIBERSORT	495	-0.17588283959016066	-0.26492205134001673	-0.08386969162185155	8.355722536927623e-05	-0.11521320278854214	0.01038337749342088	0.000603897876513623	0.03589655702853726
PRAD	T cell CD4+ memory resting	CIBERSORT	495	0.17960932193103668	0.08768943401822898	0.2684963804752995	5.8525498460145257e-05	0.0930031193555362	0.03879625940444178	0.00044607153797108763	0.1029826030355515
PRAD	T cell CD4+ memory activated	CIBERSORT	495	0.09918199471727458	0.005845360745589606	0.19080540234124732	0.027347316214751855	0.10602601225486023	0.01841215207239007	0.07885546194666648	0.05677564243142364
PRAD	T cell follicular helper	CIBERSORT	495	-0.2181745344728567	-0.30534378314023025	-0.12737916970216606	9.53657875527718e-07	-0.11467733779656715	0.010747772503005392	1.1800007257320815e-05	0.03686297411118516
PRAD	T cell regulatory (Tregs)	CIBERSORT	495	-0.06434880480574144	-0.1567972958393337	0.029217558291022207	0.15285113395171657	-0.009072123634783642	0.8405958680941747	0.29100904083419954	0.903617576286335
PRAD	T cell gamma delta	CIBERSORT	495	-0.11672490910550114	-0.20784990870617667	-0.023591300886183258	0.009341675092954365	-0.11755888297427868	0.008914082008183652	0.03341806917973611	0.03145673344043148
PRAD	NK cell resting	CIBERSORT	495	-0.08033603863942697	-0.17243311189188545	0.013153424535973589	0.07414259976697168	-0.02739746327577538	0.5435121994411937	0.17012767904275777	0.697570452840151
PRAD	NK cell activated	CIBERSORT	495	-0.1432536786558185	-0.23352028825788948	-0.050539041181296825	0.0013952484455148507	-0.12103454760791028	0.007076556443282453	0.006646957197147572	0.026053988411708466
PRAD	Monocyte	CIBERSORT	495	0.10891478361066957	0.01568353310711071	0.2002685029265992	0.015338335000908651	0.07217196942042775	0.10912723871581868	0.049646431997974194	0.22732418933343157
PRAD	Macrophage M0	CIBERSORT	495	0.07097006589109296	-0.022570306663909145	0.16327864097918496	0.11479983093045278	0.13271716031502903	0.0031226668636276495	0.235896191125656	0.013256924469906742
PRAD	Macrophage M1	CIBERSORT	495	0.20064940103436588	0.10930690394133961	0.2886315684570653	6.836638559144729e-06	0.19542946287824522	1.214951261300295e-05	6.83663855914473e-05	0.00011177551603962715
PRAD	Macrophage M2	CIBERSORT	495	-0.021275938431951198	-0.11443932788296472	0.07225841503497572	0.6367722935187446	-0.025693112296495058	0.5688775644918544	0.771307208072581	0.7182148134204556
PRAD	Myeloid dendritic cell resting	CIBERSORT	495	0.19958782206056053	0.10821411895407577	0.28761750667240926	7.661943916876123e-06	0.18597813309296293	3.190269048319414e-05	7.546146275815021e-05	0.00026483974477556067
PRAD	Myeloid dendritic cell activated	CIBERSORT	495	-0.05929166515096563	-0.15184165087827364	0.03428898073994146	0.1878453157915065	-0.09171594700813547	0.04158785291733934	0.33890598765762636	0.10920651773458483
PRAD	Mast cell activated	CIBERSORT	495	0.015498323087538811	-0.07800535960367388	0.10873172244288001	0.7308727434150953	0.026436609332486975	0.5577431812952707	0.838284666105316	0.7086230804811686
PRAD	Mast cell resting	CIBERSORT	495	-0.0014546160235050698	-0.09483251094186997	0.09194865269039358	0.9742476738267941	-0.04790128779253529	0.2879759774732565	0.9858458604199702	0.4599616306864513
PRAD	Eosinophil	CIBERSORT	495	0.005082937299241541	-0.08834977999318191	0.0984269917575976	0.9101867115424446	0.02690282987291271	0.550815560991475	0.9487683396776748	0.7031305398226142
PRAD	Neutrophil	CIBERSORT	495	0.15317518903202193	0.060652047978940464	0.24308854857353637	0.0006273239951568864	0.08448795658906237	0.06059520262249019	0.0034067178070325355	0.14473258537198327
PRAD	B cell naive	CIBERSORT-ABS	495	0.2554075956638016	0.16597579103764423	0.3406724117609567	8.216089589624559e-09	0.11882449967253025	0.00820082024949429	1.5747505046780404e-07	0.02936374283472773
PRAD	B cell memory	CIBERSORT-ABS	495	-0.04882029927105054	-0.14156562750131627	0.044774622305774274	0.27832776671793125	-0.03390160975337814	0.4521664077343984	0.44683194245161545	0.6249454415841279
PRAD	B cell plasma	CIBERSORT-ABS	495	0.04095678908595194	-0.05263531798762804	0.13383564725631564	0.3631871214384788	-0.10775283984635114	0.016582387856510176	0.5399473934693734	0.05216181538129911
PRAD	T cell CD8+	CIBERSORT-ABS	495	0.05349612494235955	-0.040094969014491284	0.14615669724683855	0.23481157889694124	-0.08433459997089575	0.06106568971544392	0.396079928165246	0.14546137184232344
PRAD	T cell CD4+ memory resting	CIBERSORT-ABS	495	0.22974126117055738	0.13934012549942051	0.316344638449235	2.3689074301962834e-07	0.03915524648800311	0.38517691212850713	3.392830788303102e-06	0.5598598560199464
PRAD	T cell CD4+ memory activated	CIBERSORT-ABS	495	0.09900112135430003	0.005662699798268669	0.19062937951520506	0.027631393043262665	0.10553608705770745	0.018962363269440893	0.07938680972754299	0.058242608313836514
PRAD	T cell follicular helper	CIBERSORT-ABS	495	-0.026597275472357653	-0.11969074850458576	0.0669598264339728	0.5549490493091294	-0.11756866508323023	0.008908363703932854	0.7065616355580254	0.03145673344043148
PRAD	T cell regulatory (Tregs)	CIBERSORT-ABS	495	-0.03893687807362347	-0.13184821015002385	0.05465263548079507	0.387352522870659	-0.010488687561198102	0.8161197452978494	0.562401917721603	0.8868894397205644
PRAD	T cell gamma delta	CIBERSORT-ABS	495	-0.11314346922647864	-0.20437470998825072	-0.0199636384427606	0.011768446955016582	-0.11746446959047491	0.00896944125084395	0.04039914626348976	0.03162354850387722
PRAD	NK cell resting	CIBERSORT-ABS	495	-0.0793190134894127	-0.1714398225257928	0.014176781045137756	0.07789143446892363	-0.02862700216383026	0.5255685421291411	0.17696427006013446	0.6847627456597606
PRAD	NK cell activated	CIBERSORT-ABS	495	0.058479684932005824	-0.035102805449033436	0.15104553300254034	0.1939736941293336	-0.09235390875542096	0.04018375431604359	0.34663489215982374	0.10616113471333137
PRAD	Monocyte	CIBERSORT-ABS	495	0.17032694706428048	0.07817977234988277	0.2595884599440488	0.0001402005767444848	0.04301848419647948	0.34000612220766824	0.0009533639218624965	0.5161510641899311
PRAD	Macrophage M0	CIBERSORT-ABS	495	0.10467691541095567	0.011397558632903787	0.19615015692370824	0.019836348313524144	0.11299477859490623	0.011966677798245312	0.06150683735597098	0.04037440785068523
PRAD	Macrophage M1	CIBERSORT-ABS	495	0.25824654794991714	0.16892999791728822	0.34335631103300224	5.5333646411538595e-09	0.14262049042560124	0.0014822856747083834	1.1095105511236713e-07	0.007137607128214014
PRAD	Macrophage M2	CIBERSORT-ABS	495	0.15593733966473627	0.06347089556311686	0.24574924422918049	0.0004977983330355236	-0.042603500048347155	0.34468932018460324	0.0028288870552882345	0.5211630775277828
PRAD	Myeloid dendritic cell resting	CIBERSORT-ABS	495	0.2154852674300681	0.1246020227923144	0.30278274325437754	1.3043620257600708e-06	0.18125322713030034	5.0790677409559876e-05	1.5543253943998144e-05	0.00039481421207033623
PRAD	Myeloid dendritic cell activated	CIBERSORT-ABS	495	-0.04806670187195886	-0.14082531660195888	0.045528452443047644	0.28582287877902435	-0.09177582175653765	0.04145433623864286	0.45559211415653694	0.10892906901417579
PRAD	Mast cell activated	CIBERSORT-ABS	495	0.12069329903641149	0.027613773885038908	0.21169789406031167	0.007181659293235876	0.009670532533945054	0.8302360506723376	0.02676862520167042	0.8960773321973005
PRAD	Mast cell resting	CIBERSORT-ABS	495	0.0059502971325931684	-0.0874890985100517	0.09928590137049895	0.8949429828366191	-0.05136316842317672	0.25450981639137726	0.9377315593265684	0.4222033865465783
PRAD	Eosinophil	CIBERSORT-ABS	495	0.004915671311439025	-0.08851574204976566	0.09826133935517765	0.9131303597787204	0.026418171214463285	0.5580180216883678	0.9508228246963506	0.7086230804811686
PRAD	Neutrophil	CIBERSORT-ABS	495	0.15428637438793938	0.061785864545963694	0.24415908230577132	0.0005718551670111637	0.08470225317526904	0.05994277628055824	0.003171565536189575	0.14378911365459063
PRAD	B cell	QUANTISEQ	495	0.18695753607884433	0.09522947546741072	0.27553740054033427	2.8392444319074404e-05	0.08652626601224461	0.05462134769495972	0.00023925529587840716	0.13415167681362594
PRAD	Macrophage M1	QUANTISEQ	495	0.1267509997537403	0.033759850040831235	0.2175663629486435	0.004738380975824153	0.06360746329577797	0.1580693086169167	0.018905173077012692	0.2984311910633241
PRAD	Macrophage M2	QUANTISEQ	495	0.21523844901564057	0.12434721016958392	0.30254763022709047	1.3421280087399076e-06	0.06580419957941543	0.14416656313183684	1.5881986222461602e-05	0.2796087608360526
PRAD	Monocyte	QUANTISEQ	495	-0.2114063930522091	-0.2988959462959607	-0.12039257501672393	2.0815461543860846e-06	-0.21789111313452728	1.011068219600909e-06	2.338748696451032e-05	1.283531408649206e-05
PRAD	Neutrophil	QUANTISEQ	495	0.08997170913627175	-0.0034480408218078113	0.18183461640004184	0.045420134875605055	-0.04228769305798338	0.3482806353276977	0.11761107772424884	0.5247696663319068
PRAD	NK cell	QUANTISEQ	495	0.12519927239280534	0.032184814264115354	0.21606373408180798	0.005279781541830717	0.17931530881215768	6.125689516643678e-05	0.020726596870222092	0.0004553506846022202
PRAD	T cell CD4+ (non-regulatory)	QUANTISEQ	495	-0.10463748400719669	-0.19611182245980963	-0.011357695709798553	0.01988309253648048	-0.1472424249020469	0.0010298491333268448	0.061602925370553625	0.005229493651049303
PRAD	T cell CD8+	QUANTISEQ	495	0.05513454813255802	-0.03845423265325727	0.14776447791585484	0.2207649650130871	-0.07402074511908016	0.10032493403119384	0.3787586718741424	0.2131222968106801
PRAD	T cell regulatory (Tregs)	QUANTISEQ	495	0.24473971949855713	0.15488915536095893	0.33057473793505193	3.478998329654197e-08	0.04796942454934911	0.28728999757504864	5.914297160412134e-07	0.4591733969080308
PRAD	Myeloid dendritic cell	QUANTISEQ	495	0.2892961886206969	0.201345276260471	0.3726196783725597	5.3458634252099094e-11	0.27015411106148407	1.0402607182379113e-09	1.6329942181695895e-09	2.6411814339676837e-08
PRAD	uncharacterized cell	QUANTISEQ	495	-0.292283622355136	-0.37542653407606036	-0.20447429667978306	3.315658911734212e-11	-0.07134709865679312	0.11324604184106056	1.0540021418602253e-09	0.23341698660967147
PRAD	T cell	MCPCOUNTER	495	-0.08027993400868613	-0.1723783215366871	0.013209883543377501	0.07434550232766017	-0.2657494537631436	1.9752222571359085e-09	0.1702934470422679	4.652481340603255e-08
PRAD	T cell CD8+	MCPCOUNTER	495	0.14222177435841382	0.04948831040046797	0.2325241197032737	0.0015119749029723422	0.04462827737867746	0.3222261933691548	0.007174541105123614	0.49818284542245767
PRAD	cytotoxicity score	MCPCOUNTER	495	0.06821892536084984	-0.02533325094835422	0.1605866028432879	0.12959416554837586	-0.08893234960317366	0.04820818569889054	0.25669361058467555	0.12216072980081791
PRAD	NK cell	MCPCOUNTER	495	0.01334053708088491	-0.08015009827357317	0.10659850549980814	0.7671758599688483	-0.1872516753309161	2.8088213906629893e-05	0.8585167751797931	0.00023771626920978978
PRAD	B cell	MCPCOUNTER	495	0.09681318268982331	0.003453630850649192	0.18849964865271496	0.031273698112300796	0.021929119909121164	0.6268092182310344	0.08715620785395303	0.758299518342619
PRAD	Monocyte	MCPCOUNTER	495	0.4315767532662307	0.35238912078876966	0.5046283400705983	7.102323219716154e-24	0.36328798101800686	7.386261070473559e-17	1.0680801457342372e-21	5.8939348541942076e-15
PRAD	Macrophage/Monocyte	MCPCOUNTER	495	0.4315767532662307	0.35238912078876966	0.5046283400705983	7.102323219716154e-24	0.36328798101800686	7.386261070473559e-17	1.0680801457342372e-21	5.8939348541942076e-15
PRAD	Myeloid dendritic cell	MCPCOUNTER	495	0.1813578322092262	0.08948263523547077	0.2701726553902864	4.939763738705195e-05	-0.05794289527397587	0.19856068325459733	0.00038475052227763575	0.352613856983892
PRAD	Neutrophil	MCPCOUNTER	495	0.5749377111064247	0.5088701459434298	0.6342719659956816	6.806130024714606e-45	0.5420228477942097	4.54514437330883e-39	8.870656132211369e-42	2.5387877856625035e-36
PRAD	Endothelial cell	MCPCOUNTER	495	0.19889724090581962	0.10750335610829075	0.2869577305479374	8.24890837921981e-06	-0.0865365899894008	0.054592384586868194	8.023191980783446e-05	0.13415167681362594
PRAD	Cancer associated fibroblast	MCPCOUNTER	495	-0.2497410952253858	-0.3353112362404774	-0.1600840400529485	1.7831328398040645e-08	-0.45810814333461675	5.324759277365992e-27	3.169113365288133e-07	1.3879872516334018e-24
PRAD	Myeloid dendritic cell activated	XCELL	495	-0.09688813240002661	-0.1885726186724066	-0.0035292893274800658	0.03114244817078068	-0.23039905897434518	2.2461106026982558e-07	0.08685233405688478	3.2130102462122394e-06
PRAD	B cell	XCELL	495	-0.006607473847490779	-0.09993658296748474	0.08683688890885308	0.8834185858668678	-0.011299658544649002	0.8021858391899469	0.930006291044141	0.8795700031499418
PRAD	T cell CD4+ memory	XCELL	495	0.49173350434954644	0.4175164928673336	0.559433220802338	1.6877171424900748e-31	0.4391883998771688	1.0361026056059536e-24	6.598974027136193e-29	1.9291243751996565e-22
PRAD	T cell CD4+ naive	XCELL	495	-0.07354658169002042	-0.16579855996586254	0.01998143997725941	0.10217798297164031	-0.08601219238307253	0.05607978200262246	0.2163053131668184	0.13653296863652167
PRAD	T cell CD4+ (non-regulatory)	XCELL	495	-0.0142113356220964	-0.10745949225696967	0.07928466929928904	0.7524588656617391	-0.04969473800243166	0.2702861284706559	0.8490949970382108	0.4407084079734214
PRAD	T cell CD4+ central memory	XCELL	495	-0.19562631929036386	-0.28383158083243293	-0.10413811306089692	1.1660851708539049e-05	-0.10078470749021413	0.025085491489105084	0.00010804248857911774	0.0727092099432303
PRAD	T cell CD4+ effector memory	XCELL	495	-0.09932873503078536	-0.19094820314525218	-0.0059935558805905165	0.02711869752867812	-0.11936397684051199	0.007912591168590853	0.07831174840260816	0.02848490741556433
PRAD	T cell CD8+ naive	XCELL	495	-0.022101522003893703	-0.11525440558201218	0.07143670665307046	0.623748603709843	0.009951265272515103	0.8253859334651855	0.761600459524615	0.893235261513666
PRAD	T cell CD8+	XCELL	495	0.07065576302437301	-0.022886030357974776	0.16297115977310184	0.11641980784448779	0.030075257083342386	0.5048274128136092	0.23820065341284521	0.6704739076430747
PRAD	T cell CD8+ central memory	XCELL	495	0.19036390829577388	0.09872834618258754	0.2787981474463204	2.0109454689500017e-05	0.12887108744063938	0.00411746905567579	0.00017669206255268555	0.016752657656287553
PRAD	T cell CD8+ effector memory	XCELL	495	-0.0068010863793192995	-0.10012826673388356	0.08664472447415761	0.8800279272602473	-0.013685196365938701	0.7615756394134742	0.9279690387237236	0.855432562512693
PRAD	Class-switched memory B cell	XCELL	495	0.1366709379843788	0.0438397219559675	0.2271622608400504	0.002308610812524314	0.21596136671228824	1.265399213858247e-06	0.010447532727974615	1.5707018813288083e-05
PRAD	Common lymphoid progenitor	XCELL	495	0.3715558818961286	0.2881643771853552	0.4493541198219671	1.1907459323919499e-17	0.30901825915533176	2.163762532146824e-12	9.905992756707498e-16	8.545769192620284e-11
PRAD	Common myeloid progenitor	XCELL	495	-0.17638587914948478	-0.26540469456626015	-0.08438516257420198	7.966944622211331e-05	-0.2157946381625446	1.2900459464774212e-06	0.0005779360570101355	1.5962277375717457e-05
PRAD	Myeloid dendritic cell	XCELL	495	0.14404114926022324	0.05134101682123706	0.2342803606175729	0.0013118092730139697	0.04898231452469772	0.27722216777624586	0.006285752766525271	0.44976708547930344
PRAD	Endothelial cell	XCELL	495	-0.1363142353074138	-0.2268175143530602	-0.04347694047076823	0.002371039117743305	-0.2863128927559352	8.948559523923683e-11	0.010643815098021035	2.7335052920735626e-09
PRAD	Eosinophil	XCELL	495	0.05380447523837102	-0.03978622193102108	0.14645931803604442	0.23212092805900475	0.02178145586294064	0.6291327094699253	0.3928973284461942	0.7604046040270194
PRAD	Cancer associated fibroblast	XCELL	495	-0.39734690147569623	-0.47317870991466815	-0.3156701821406659	3.59478587479309e-20	-0.5499995558954593	2.115053552980907e-40	3.513903192610246e-18	2.0674648480388366e-37
PRAD	Granulocyte-monocyte progenitor	XCELL	495	0.19805805942060292	0.10663977592363279	0.28615587030538414	9.019922385831451e-06	0.018968745751027655	0.674068200804129	8.665330842408102e-05	0.7967372022805757
PRAD	Hematopoietic stem cell	XCELL	495	-0.213916924425465	-0.30128859829726284	-0.12298308658866035	1.5628476895942984e-06	-0.40271741492145424	1.0995563163886418e-20	1.7932793015023227e-05	1.3435203740873718e-18
PRAD	Macrophage	XCELL	495	0.027571936931073012	-0.06598875948968427	0.12065203989440516	0.5405362074038994	0.008818686802032873	0.8449918556091354	0.6965114015088671	0.9064247340004716
PRAD	Macrophage M1	XCELL	495	-0.23726559439180647	-0.32348838119858947	-0.14713509774736944	9.195328044263181e-08	-0.3066114005251139	3.2609581089554386e-12	1.421096152295219e-06	1.2500339417662515e-10
PRAD	Macrophage M2	XCELL	495	0.0032370871436547106	-0.09018095352778821	0.09659866170646733	0.9427302355883267	0.03991320024723543	0.3760376402899065	0.9661368140719084	0.5504706752278301
PRAD	Mast cell	XCELL	495	0.4357739521008969	0.3569083700937876	0.5084713354446527	2.3296068340173847e-24	0.4512970487128264	3.689179602112e-26	3.960331617829554e-22	8.013717913476623e-24
PRAD	B cell memory	XCELL	495	-0.00712914898024888	-0.10045304536626709	0.08631909969622908	0.8742877335554894	-0.04098418442645847	0.36335364182967167	0.9249374349217485	0.5394804248563349
PRAD	Monocyte	XCELL	495	0.01251397402773474	-0.08097143415766689	0.10578112640672695	0.7812232177996081	-0.059521234724124183	0.18658628593201448	0.8662920959499011	0.3361992525318786
PRAD	B cell naive	XCELL	495	0.02894210124175492	-0.06462334854370518	0.12200311363288462	0.5205954974267765	-0.021815331342552258	0.628599354607103	0.6794153521157197	0.7599948906968994
PRAD	Neutrophil	XCELL	495	0.08140081102285976	-0.012081813650952076	0.17347283348829975	0.0703766526763134	0.001594227237593351	0.9718056540259693	0.16340422325676093	0.9836293314112192
PRAD	NK cell	XCELL	495	-0.03676663597984292	-0.1297120260701078	0.056819239939099396	0.41437779323218	0.0027876188192702974	0.950721238833941	0.5859092989905648	0.9693142226442527
PRAD	T cell NK	XCELL	495	-0.4857975543857972	-0.5540515605149156	-0.4110559801392767	1.1185659676515773e-30	-0.4363394416438523	2.227589358945773e-24	3.6446607779313895e-28	3.9590338152172605e-22
PRAD	Plasmacytoid dendritic cell	XCELL	495	0.14713455908299483	0.05449256430410172	0.23726507480305714	0.0010265528253704153	0.17398464557981067	0.00010153700301010544	0.005145925060510672	0.0006989607073406907
PRAD	B cell plasma	XCELL	495	0.04085083049372685	-0.05274115951920808	0.13373141071401992	0.3644308998150843	0.15070263425621772	0.0007786967290800555	0.5408765505027622	0.004103374947039107
PRAD	T cell gamma delta	XCELL	495	-0.05657503734261566	-0.14917762213594252	0.03701129273165342	0.20892046362903938	-0.031796298471418495	0.48075047455633924	0.3639366276326816	0.6488554903401057
PRAD	T cell CD4+ Th1	XCELL	495	-0.4053476761018754	-0.4805469942702036	-0.3242308972332767	5.341655929925576e-21	-0.26203032939060955	3.3637653577568325e-09	5.801631857224722e-19	7.515612885045265e-08
PRAD	T cell CD4+ Th2	XCELL	495	0.35666478752343533	0.272345625237965	0.43554781511817164	2.700820042357047e-16	0.38755374107738005	3.7561569139222704e-19	1.8857511367171523e-14	3.671643383359019e-17
PRAD	T cell regulatory (Tregs)	XCELL	495	0.18143325351754613	0.08955999767260794	0.2702449487432295	4.903590785260715e-05	0.11343565476101736	0.011636017050943167	0.0003826954085902075	0.03935711649583718
PRAD	immune score	XCELL	495	0.21109542845738075	0.12007179000070671	0.2985995061355526	2.1562498835757084e-06	0.1770098271432325	7.635846867434455e-05	2.4157412735762237e-05	0.0005478194725076829
PRAD	stroma score	XCELL	495	-0.3617051016181308	-0.44022510999464787	-0.27769483338008366	9.561804748969008e-17	-0.5440572506775726	2.0948798027820244e-39	7.189741647782466e-15	1.365163338146286e-36
PRAD	microenvironment score	XCELL	495	-0.23955151749277204	-0.3256567344738397	-0.14950546140219326	6.853967723630198e-08	-0.44396795303907505	2.822212533530904e-25	1.0849803157649422e-06	5.807816319003071e-23
PRAD	B cell	EPIC	495	0.20217118141336227	0.11087380355753818	0.29008488842092267	5.80003279320165e-06	0.019225388296803075	0.6699165732627624	5.9522646250442134e-05	0.7930863681725648
PRAD	Cancer associated fibroblast	EPIC	495	0.15861185832718902	0.0662017190664599	0.24832423769965528	0.00039647566294418276	-0.05501371369279559	0.2222497066484975	0.0023488179425935674	0.38186702335581924
PRAD	T cell CD4+	EPIC	495	0.4077452703021759	0.3267988788425787	0.4827529843365376	2.98643369806082e-21	0.23437984321539534	1.3662113555661312e-07	3.3362730741193735e-19	2.0610864151996906e-06
PRAD	T cell CD8+	EPIC	495	0.3974549726820814	0.31578572827417717	0.47327830843682034	3.5045950554198514e-20	0.22710465140684188	3.36657507013684e-07	3.513903192610246e-18	4.684451432112115e-06
PRAD	Endothelial cell	EPIC	495	0.08488247668620315	-0.008576287304870044	0.17687115420631674	0.05914037581254811	-0.24352596335811816	4.213493060625792e-08	0.14335949747493063	7.387783796881995e-07
PRAD	Macrophage	EPIC	495	-0.016780546675987756	-0.10999893972304614	0.07673047906308116	0.7095757475478811	-0.17569740267526773	8.645764494962924e-05	0.8250115846636025	0.000610197458037997
PRAD	NK cell	EPIC	495	-0.037309446296128895	-0.13024639888640116	0.056277422100246964	0.40751615208480785	-0.08635387011910607	0.05510688193540166	0.5804692730971215	0.13517434652912202
PRAD	uncharacterized cell	EPIC	495	-0.34339055543777786	-0.4232092203771682	-0.25828278020673123	3.812818774835494e-15	0.053288271991681596	0.23711416821555323	2.160597305740113e-13	0.4003093254416291
READ	B cell	TIMER	92	0.22093614660234573	0.004418941289919198	0.41766576121096755	0.03431087416286731	0.13990788474612387	0.18593441196076052	0.09348816583749908	0.3356627932361777
READ	T cell CD4+	TIMER	92	0.2502042137385756	0.035394747049626966	0.44291528484898335	0.01615233562127781	0.07170357962251626	0.4994070176087708	0.0519229535576017	0.6659895766883677
READ	T cell CD8+	TIMER	92	0.1958448283833978	-0.02180968692811507	0.3957748773574424	0.06135125089026085	0.08878922289923674	0.4026256361951166	0.14698737192458328	0.5768656055415559
READ	Neutrophil	TIMER	92	0.34560670745803984	0.1393128490707557	0.5231500371750825	0.0007402328702078795	0.16898936903349604	0.10930815224871333	0.003905952122149539	0.22756528592138953
READ	Macrophage	TIMER	92	0.27872137113757145	0.06597810884439723	0.4672264460404231	0.00713696262511231	0.12482911242602872	0.23841795902451102	0.026627408267356042	0.4019897454876404
READ	Myeloid dendritic cell	TIMER	92	0.28878134488232665	0.07686320158287843	0.4757351935264919	0.00524216350405948	0.04858888194733328	0.6474042493941714	0.02062058279765852	0.7750614253310504
READ	B cell naive	CIBERSORT	92	0.0007895058107295762	-0.21597624806768437	0.21748109139079902	0.9940405479757989	-0.058649858001736783	0.580793892246754	0.9975407949025287	0.7253913801869367
READ	B cell memory	CIBERSORT	92	-0.12317233417407365	-0.3310633978939025	0.09612245239792988	0.24210777695622007	-0.12107961484555685	0.2529261112036408	0.40541387918579036	0.42028945805619866
READ	B cell plasma	CIBERSORT	92	-0.11187424857725606	-0.3208242237454151	0.10746006659107377	0.2883602158079736	-0.0299736579719413	0.7779119353673501	0.45684296750777015	0.8663160544820105
READ	T cell CD8+	CIBERSORT	92	-0.024753200132431926	-0.24019342541459707	0.19301105077244768	0.8148188417194823	-0.009242817317230043	0.9307082052102545	0.8904252853893727	0.9594171058191656
READ	T cell CD4+ naive	CIBERSORT	92	-0.17760302143988288	-0.3797159129186456	0.040692084099109675	0.09032036982642896	-0.17794570234481505	0.09150254662764046	0.19685208808324262	0.20039619749438967
READ	T cell CD4+ memory resting	CIBERSORT	92	-0.03740579196399673	-0.25209091151561314	0.1807886442032321	0.7233372682395794	0.06683492547456107	0.5290510001375452	0.8340048089966704	0.6875831152497327
READ	T cell CD4+ memory activated	CIBERSORT	92	0.2619185915249628	0.04790938366497401	0.45293632300139836	0.011666324784897876	0.29716771969482714	0.004229301543664059	0.04018971798145436	0.017154117256977665
READ	T cell follicular helper	CIBERSORT	92	0.04245135820529506	-0.1758957571979156	0.25681732636931	0.6878362915634009	0.1194895917027611	0.2592573541814606	0.8101565754129815	0.4287670896581866
READ	T cell regulatory (Tregs)	CIBERSORT	92	-0.1707091604784903	-0.3736151001957502	0.04778766654989078	0.10374482839944445	-0.15718360631972836	0.1367576693620091	0.218439568681652	0.2700618622249775
READ	T cell gamma delta	CIBERSORT	92	-0.07234036549620335	-0.28460702656221865	0.14668824658670143	0.4931697381664668	-0.1049803480804058	0.32200570104621257	0.656775775282999	0.49818284542245767
READ	NK cell resting	CIBERSORT	92	0.08299059796590567	-0.13618773474236479	0.2944237574879626	0.43157915762161303	0.1316013907834171	0.21369875517571735	0.6006314230100924	0.3711959718956263
READ	NK cell activated	CIBERSORT	92	-0.0559307924440178	-0.2693940465439402	0.1627710867791137	0.5964245504976599	-0.024263149928897717	0.8194210483913812	0.7419726352038977	0.8892412709437415
READ	Monocyte	CIBERSORT	92	0.22461268039857463	0.00828730839747302	0.42085427735600633	0.03135501603317934	0.20500146535937325	0.0512582059485479	0.08732059308385415	0.12790018204136713
READ	Macrophage M0	CIBERSORT	92	-0.061156235069278544	-0.2742500365281239	0.15766226915465337	0.5625134499839741	-0.11694568066974133	0.269609637414811	0.7131736671327298	0.4397887702511101
READ	Macrophage M1	CIBERSORT	92	0.07419623317055236	-0.14486201318057887	0.286320860369755	0.4821151860793866	-0.026010922110652784	0.8066579981318113	0.648236030801376	0.8807876686550551
READ	Macrophage M2	CIBERSORT	92	0.09407703096342647	-0.125204589156891	0.30459537288753746	0.37239398367556226	-0.10265372862886443	0.33290551658032363	0.5490424118293546	0.5097459259954971
READ	Myeloid dendritic cell resting	CIBERSORT	92	-0.05106810611434171	-0.26486539314971597	0.1675147335851892	0.6287787661579904	-0.06435865728530821	0.5444588132946679	0.7647045025436213	0.698282970953614
READ	Myeloid dendritic cell activated	CIBERSORT	92	0.07328909340361574	-0.1457548543576985	0.2854833156725181	0.4875019850784584	0.17534633063808255	0.09641629478104745	0.6527851923482098	0.2067952345550716
READ	Mast cell activated	CIBERSORT	92	-0.16396032070538455	-0.3676255726516857	0.0547126889762387	0.11834950534964142	-0.2263962532302444	0.030933286459046555	0.24076304158017584	0.08523548277298945
READ	Mast cell resting	CIBERSORT	92	0.19762414077987786	-0.019959541683027986	0.39733475683313274	0.05898628466680727	0.20556697923230358	0.050605876913298216	0.1431634842006309	0.12683908893012566
READ	Eosinophil	CIBERSORT	92	-0.022334380709454246	-0.2379115674107935	0.19533996153231445	0.8326366513055332	0.005188622975127338	0.9610688020365974	0.9015810874008959	0.9763546909145122
READ	Neutrophil	CIBERSORT	92	0.14657071876541522	-0.07245984612101289	0.352114223107419	0.16326412158293616	0.027904902039656933	0.7928842855987013	0.30441712703351476	0.8753506044157393
READ	B cell naive	CIBERSORT-ABS	92	0.019273230085457303	-0.19828381256471522	0.23502033358605878	0.8553067379485363	-0.11460731008339035	0.2793682442891155	0.916986384803613	0.45193621645446486
READ	B cell memory	CIBERSORT-ABS	92	-0.09993904994483661	-0.309954339641498	0.11937537989050966	0.3432052931623667	-0.10848691131605274	0.3060158512429174	0.5211839301788029	0.4809171938745205
READ	B cell plasma	CIBERSORT-ABS	92	-0.006530886992572358	-0.22294412337931738	0.21049585390073183	0.9507330678681245	-0.024110471375831076	0.8205382670644283	0.9710988232404303	0.8897128741602648
READ	T cell CD8+	CIBERSORT-ABS	92	0.17817371950866318	-0.040103698363708744	0.38022017298453925	0.08927372563028434	0.028942328807372086	0.7853662888371303	0.19533310980101384	0.8706498977468612
READ	T cell CD4+ naive	CIBERSORT-ABS	92	-0.17760302143988288	-0.3797159129186456	0.040692084099109675	0.09032036982642896	-0.17794570234481505	0.09150254662764046	0.19685208808324262	0.20039619749438967
READ	T cell CD4+ memory resting	CIBERSORT-ABS	92	0.14006750612641217	-0.07906133045906225	0.34628426995582184	0.1829632030434592	-0.02416964723302197	0.8201052076885279	0.33273773204647694	0.8897080832699773
READ	T cell CD4+ memory activated	CIBERSORT-ABS	92	0.2584375843901694	0.044183544559419356	0.44996353508141396	0.012869335291716102	0.2730633809546405	0.00882347010546811	0.043453455086882524	0.03122150960396408
READ	T cell follicular helper	CIBERSORT-ABS	92	0.18743954821219602	-0.030529465471033877	0.38839054472349216	0.07358759319063629	0.073839037725776	0.48668395220554944	0.16915196318364956	0.6548294057548858
READ	T cell regulatory (Tregs)	CIBERSORT-ABS	92	0.004764622038465676	-0.21218328343237866	0.22126493552405602	0.9640466933016028	-0.13539140933044777	0.2006863837793282	0.9798343048633394	0.35522125874928623
READ	T cell gamma delta	CIBERSORT-ABS	92	-0.07068288350111399	-0.2830752476116608	0.14831800086369468	0.5031543014680926	-0.10542120266049981	0.31996647469139144	0.6653139393778296	0.4960622188910946
READ	NK cell resting	CIBERSORT-ABS	92	0.144923138757937	-0.07413414024275405	0.3506387194747347	0.1680993426543367	0.15443595808761842	0.14383876572511353	0.3113540643194962	0.27929235828970733
READ	NK cell activated	CIBERSORT-ABS	92	0.0743476962872192	-0.1447129027052287	0.28646067177650153	0.4812188749088646	0.0026081119235316762	0.9804251450427596	0.6472534574797595	0.9881256320975592
READ	Monocyte	CIBERSORT-ABS	92	0.314899650050314	0.10536154782033656	0.4976639663389361	0.0022334471817672587	0.25208247968236386	0.0159290527475786	0.010160669769650214	0.05051305453611705
READ	Macrophage M0	CIBERSORT-ABS	92	0.15042461045266092	-0.06853863987253847	0.3555616217967575	0.1523577719211496	-0.12173051859743124	0.2503651105630295	0.2904528952763018	0.416564928638913
READ	Macrophage M1	CIBERSORT-ABS	92	0.15851854137082072	-0.06028125163452514	0.36278371205199283	0.13124057398043923	-0.051441804119584336	0.6282008879745485	0.2594511580481291	0.7597480581442885
READ	Macrophage M2	CIBERSORT-ABS	92	0.21498697655780405	-0.0018269464196504733	0.4124959908250397	0.03958827335992287	-0.10752200552859967	0.3103632793852024	0.10522783741488677	0.4850201528361876
READ	Myeloid dendritic cell resting	CIBERSORT-ABS	92	-0.034788005171850225	-0.2496346674539702	0.1833229682917745	0.7419952471650616	-0.06613131845714307	0.5334066990134257	0.845092169069441	0.6894998039529631
READ	Myeloid dendritic cell activated	CIBERSORT-ABS	92	0.09215729962488117	-0.1271102905835054	0.3028374824185363	0.38227226459466485	0.18303237492219104	0.08246074637735772	0.5593879320977319	0.1848747238162091
READ	Mast cell activated	CIBERSORT-ABS	92	-0.16419983909950037	-0.36783843240154873	0.05446727732329651	0.11780539700830626	-0.2383836908768943	0.022875341278702208	0.2402812218583607	0.06779858577538615
READ	Mast cell resting	CIBERSORT-ABS	92	0.2899963206352382	0.0781812575180033	0.47676046000978684	0.005046666000735875	0.21026791329832148	0.045443643762904655	0.019931781881694213	0.11712896975145498
READ	Eosinophil	CIBERSORT-ABS	92	-0.01991258039156162	-0.23562451074821167	0.19766928550758622	0.8505615193557484	0.005012164361723881	0.9623918223650785	0.9141549039804773	0.9766291267706869
READ	Neutrophil	CIBERSORT-ABS	92	0.1600830685216341	-0.05868166758897623	0.36417689137982634	0.12742938166701667	0.028234309136776947	0.790495059894904	0.2535617721720281	0.8738579825244768
READ	B cell	QUANTISEQ	92	0.046561450022484144	-0.17190204761925176	0.2606598757043284	0.6594050912011706	-0.14067128806297052	0.18352090032893942	0.7874892726746641	0.3325146989277818
READ	Macrophage M1	QUANTISEQ	92	0.26444523218716764	0.05061746743135637	0.45509142263359037	0.010855719906299076	0.14803898501580393	0.16139083861183642	0.03796772887243001	0.3033837398905194
READ	Macrophage M2	QUANTISEQ	92	-0.1547869040704124	-0.3594570752176058	0.0640919737304449	0.140681092169292	-0.4041584897120508	7.096747098940232e-05	0.2725684078463853	0.0005215842322717351
READ	Neutrophil	QUANTISEQ	92	0.17334278624601202	-0.04507957869154473	0.3759478358975339	0.09844329776386185	0.07597430243584825	0.4741362991511585	0.21045013354658273	0.6436833244802971
READ	NK cell	QUANTISEQ	92	0.03375306320607863	-0.18432411424260445	0.24866282823304947	0.7494137002195858	-0.012339725320348374	0.9075807202596954	0.847370609560029	0.946304164324109
READ	T cell CD4+ (non-regulatory)	QUANTISEQ	92	-0.07136236348577427	-0.2837033270676282	0.1476500316161531	0.49904850286928876	-0.0020930699915349153	0.9842901757651182	0.6618994729372181	0.9900486067885557
READ	T cell CD8+	QUANTISEQ	92	0.09808181642809233	-0.12122385625537864	0.30825792857388284	0.3522933295639768	-0.037285825988022395	0.7256714498207019	0.5304069767405273	0.8306133983603466
READ	T cell regulatory (Tregs)	QUANTISEQ	92	0.21047196674156643	-0.006555880424931689	0.40856398172305036	0.044031382454061914	-0.00799413852238244	0.9400506417892472	0.1146986711494884	0.9644299941985464
READ	Myeloid dendritic cell	QUANTISEQ	92	-0.07452493668458154	-0.28662426600697255	0.14453840270721707	0.48017115547472183	-0.09924169850127434	0.3493084759025184	0.6460664893001247	0.5256187452163769
READ	uncharacterized cell	QUANTISEQ	92	-0.20819012684370325	-0.40657398353062146	0.008942148489595026	0.04642977757075653	-0.02640522788317462	0.8037854486452044	0.11942492994206738	0.8798671037518219
READ	T cell	MCPCOUNTER	92	0.15507914245642157	-0.06379377211306564	0.3597177843941001	0.13992373400211636	-0.047266254344834835	0.6563869130998925	0.272325435514323	0.7821725620633739
READ	T cell CD8+	MCPCOUNTER	92	0.14402848203689717	-0.07504278599759281	0.3498370743067173	0.17076880982323944	0.05286792451718999	0.6186924168358513	0.3154020058615334	0.7515027492476479
READ	cytotoxicity score	MCPCOUNTER	92	0.041890788033845536	-0.17643989771403298	0.25629272023902167	0.6917489407992833	-0.12979378126009758	0.22011125005418083	0.8132105708133487	0.3793014489695227
READ	NK cell	MCPCOUNTER	92	0.10921196615446263	-0.11012338435398297	0.31840433207202773	0.30005963124419704	-0.06257494991391058	0.5556915329764681	0.4713881883957504	0.7075069664402442
READ	B cell	MCPCOUNTER	92	0.10138248847926268	-0.11793769661429601	0.3112718643844158	0.3362447682145417	-0.05688703812609094	0.5922350119533235	0.5135613452026788	0.7324323070256843
READ	Monocyte	MCPCOUNTER	92	0.2698549697147173	0.056426281698666876	0.459698163273921	0.009283878377793795	0.00044433120816831935	0.9966648087984692	0.033272194736181246	0.9976854588842843
READ	Macrophage/Monocyte	MCPCOUNTER	92	0.2698549697147173	0.056426281698666876	0.459698163273921	0.009283878377793795	0.00044433120816831935	0.9966648087984692	0.033272194736181246	0.9976854588842843
READ	Myeloid dendritic cell	MCPCOUNTER	92	0.14919162184239323	-0.06979390107111871	0.35445929074078897	0.1557860712160472	-0.12015215093312114	0.25660614697664064	0.29454716559707184	0.4251398452028241
READ	Neutrophil	MCPCOUNTER	92	0.1697671192762357	-0.048755563301091404	0.37278006291911997	0.10569443368705736	0.028278413713477165	0.7901753109229598	0.2214711874150023	0.8738573298995631
READ	Endothelial cell	MCPCOUNTER	92	0.37578410369434206	0.17315784029308118	0.5478908940795219	0.00022304796721740153	0.20525144820994085	0.0509689984858448	0.0014344038681250659	0.12734107608923526
READ	Cancer associated fibroblast	MCPCOUNTER	92	0.18094107855678682	-0.037248422100765406	0.3826636667898571	0.08433398230914056	-0.18426576275089906	0.08037930918025339	0.1878701980125312	0.18135204783311643
READ	Myeloid dendritic cell activated	XCELL	92	0.03363028267098987	-0.18444285536120816	0.2485475051846016	0.7502953193773936	-0.2582979162043136	0.013434194072335552	0.8478770805680951	0.044252484265233365
READ	B cell	XCELL	92	-0.09322935792891454	-0.30381933878688383	0.12604626671522282	0.3767364910577283	-0.1071431596627188	0.31208109033325787	0.5530846442803382	0.4873151210874754
READ	T cell CD4+ memory	XCELL	92	0.23520798976619456	0.01947179208232635	0.4300161372665021	0.02401099548858207	0.208313553723083	0.047534173760907274	0.07179723102107129	0.12100170534189286
READ	T cell CD4+ naive	XCELL	92	-0.24912417196753908	-0.4419889348295102	-0.03424430511113914	0.016632578330883704	-0.3118594999976533	0.002618908510451503	0.053206934880797606	0.011415755045557835
READ	T cell CD4+ (non-regulatory)	XCELL	92	0.0035567823361487404	-0.2133364680833145	0.22011590289099514	0.9731569610772651	0.01575961045016741	0.8821312297830151	0.9852521278643466	0.9296854739761694
READ	T cell CD4+ central memory	XCELL	92	-0.1423485207216211	-0.34833095266463593	0.07674803315561819	0.1758655888296932	-0.13260541941032047	0.21019475104434457	0.3223790212489922	0.3669024449032979
READ	T cell CD4+ effector memory	XCELL	92	-0.2693081383371357	-0.45923296477518677	-0.055838453332821544	0.009433135180262382	-0.2897482213919611	0.005338944032088275	0.03371440452909132	0.020792102754447365
READ	T cell CD8+ naive	XCELL	92	-0.09823836752308	-0.3084009751291846	0.12106810200370006	0.3515215455698126	-0.06139359573335357	0.5631916964562343	0.530034569319917	0.7131086571061775
READ	T cell CD8+	XCELL	92	-0.05946026736361005	-0.272675168483355	0.15932167000934985	0.5734188547477913	-0.14986489179807866	0.15622628806607528	0.721083454824404	0.29595193136548176
READ	T cell CD8+ central memory	XCELL	92	-0.016441975451381503	-0.2323428319585553	0.20100308739188819	0.8763797577886114	-0.15849568235861972	0.13347099243217583	0.9256198954493438	0.2650439717672969
READ	T cell CD8+ effector memory	XCELL	92	-0.029859871917393047	-0.2450031340405583	0.18808612481664444	0.7775195853204268	-0.058294629946354724	0.5830912067133146	0.8646477754843199	0.7260785408436498
READ	Class-switched memory B cell	XCELL	92	-0.0658573723443375	-0.2786095243710354	0.15305602371217208	0.532809757974471	-0.08956570122072337	0.3985074666075066	0.6902869959178867	0.5739094638804239
READ	Common lymphoid progenitor	XCELL	92	0.2878103663517408	0.07581037616081994	0.4749154605546351	0.005403205935968652	0.4401170524115069	1.2690062373013278e-05	0.021042365746650825	0.00011593024270673345
READ	Common myeloid progenitor	XCELL	92	-0.012711222300316587	-0.2288096757599506	0.2045811743840809	0.9042775007784853	-0.013904374080818944	0.8959240369520456	0.9453810235411437	0.937730537029753
READ	Myeloid dendritic cell	XCELL	92	-0.010824755723008605	-0.22702095479691664	0.2063882370484305	0.9184306141123101	-0.26411222084817787	0.011414993415901216	0.9538017798616554	0.03870999501836406
READ	Endothelial cell	XCELL	92	0.26453817733359647	0.05071714715202071	0.45517065768218734	0.010826863755645656	0.10679618815095791	0.313659766138369	0.03793282910804168	0.48880417919530605
READ	Eosinophil	XCELL	92	-0.1929154580443786	-0.3932042547367286	0.024852428815731464	0.0654125353966295	-0.20111578663225638	0.05592985902671348	0.15407410445832612	0.13642280024606968
READ	Cancer associated fibroblast	XCELL	92	-0.14295262494721986	-0.34887266765218705	0.07613498383944375	0.1740201286843422	-0.36975929456672285	0.00030946165672464507	0.3197456311822265	0.0018701624077177158
READ	Granulocyte-monocyte progenitor	XCELL	92	0.14901323890849139	-0.06997544889309157	0.35429976346469955	0.15628678953558472	-0.003311000614845595	0.9751512016090085	0.29517459307981886	0.9848106829316723
READ	Hematopoietic stem cell	XCELL	92	0.03603423097845506	-0.18211683727176614	0.2508043339861583	0.7330935495388111	-0.17740635439949973	0.09250549182824697	0.8396004038361897	0.20206506874214838
READ	Macrophage	XCELL	92	-0.003825508873524427	-0.22037159771054346	0.21307995375264582	0.9711297215948382	-0.28719463846023	0.005776728896283426	0.9839678261050411	0.022194056927440038
READ	Macrophage M1	XCELL	92	0.10510813385225726	-0.11422265201658215	0.31466879001606624	0.3186951494434044	-0.18216433721225542	0.08395121198138734	0.4935041720093905	0.1876782383346052
READ	Macrophage M2	XCELL	92	-0.2564170725991796	-0.448236064381194	-0.042023653086431016	0.013615979321239442	-0.380247086211548	0.00020092136026530466	0.045117355208513746	0.0012942380867172014
READ	Mast cell	XCELL	92	0.3049742488281903	0.0944909934365615	0.4893580911308068	0.003116805946937985	0.26118173861261923	0.012396918650634962	0.013347986037817658	0.04142551259016036
READ	B cell memory	XCELL	92	-0.11472719729544749	-0.3234143977967832	0.10460250991314006	0.27616302868398385	-0.10975699287850295	0.30035423224579605	0.44399565878058256	0.47526711779889214
READ	Monocyte	XCELL	92	0.17724103329319135	-0.0410652129042251	0.3793960034785924	0.09098926168709545	-0.027105503299279323	0.7986903243890968	0.1980890942074294	0.8779530976557123
READ	B cell naive	XCELL	92	-0.058774158658565605	-0.27203772621692823	0.1599926344396236	0.577858492748226	-0.012907564121125547	0.9033479084979616	0.7251048480890769	0.9431482836387263
READ	Neutrophil	XCELL	92	-0.02954315302880995	-0.24470514068996416	0.1883918908525462	0.7798192462540211	-0.07135528928872788	0.501498475680807	0.8652364508664082	0.668481353117955
READ	NK cell	XCELL	92	0.0096529885913653	-0.20750993740203746	0.22590916687675858	0.9272348309308381	0.010049086922098334	0.9246807141371408	0.9586166549284973	0.9563580652808258
READ	T cell NK	XCELL	92	-0.2627193255391597	-0.45361955125853104	-0.04876727957648636	0.011403897429030144	-0.21589702512818051	0.039843949488491036	0.03945582209563988	0.10533457910750504
READ	Plasmacytoid dendritic cell	XCELL	92	-0.09808319341832286	-0.3082591868224799	0.12122248632108697	0.3522865365219309	-0.07119193775634079	0.5024809579705044	0.5304069767405273	0.6684928702499736
READ	B cell plasma	XCELL	92	-0.17259024076523583	-0.37528153020919847	0.045853729079206644	0.09993599737216843	-0.13723537723276558	0.1945652150323912	0.2128266610703587	0.3472158789487218
READ	T cell gamma delta	XCELL	92	0.1796124812404809	-0.03861967285768871	0.38149090789472956	0.08667768355314083	0.17489327743601382	0.09729358119719356	0.1911751113506811	0.2079922922258211
READ	T cell CD4+ Th1	XCELL	92	0.09584211520082242	-0.123450975641875	0.30621038910667125	0.3634501003131954	0.2857539654330635	0.006037506942832783	0.5401329883027723	0.022963669403186948
READ	T cell CD4+ Th2	XCELL	92	0.4519827998088868	0.2608015150729864	0.6090504259881131	6.105296749557057e-06	0.521004945806811	1.1932475724009018e-07	6.18180261716602e-05	1.836849609483278e-06
READ	T cell regulatory (Tregs)	XCELL	92	0.03566775117158521	-0.18247159448857397	0.2504604331789012	0.7357076869352276	-0.06381280326412803	0.5478844657849189	0.8408574685388436	0.7014499873015825
READ	immune score	XCELL	92	-0.028620748115839277	-0.2438370399766892	0.18928215628411807	0.7865274599747956	-0.2345805187444199	0.025211301187597093	0.8694719730001274	0.07301939825444788
READ	stroma score	XCELL	92	0.07452674247062423	-0.14453662477118243	0.2866259326975306	0.48016048724515015	-0.21309502843234193	0.04255481522900465	0.6460664893001247	0.11117473609304825
READ	microenvironment score	XCELL	92	0.015859315999568455	-0.20156228642056867	0.2317914078850422	0.8807277037720506	-0.3344412627609463	0.0011948804814694892	0.9284565440142135	0.00592891203368744
READ	B cell	EPIC	92	0.03347564076876839	-0.18459240056661572	0.2484022473054994	0.7514061737013242	-0.07486394919353487	0.48063925930046725	0.8481613899400415	0.6488554903401057
READ	Cancer associated fibroblast	EPIC	92	0.30855539971949514	0.0984073824913206	0.4923587685299621	0.0027672718113883788	0.03372466001193656	0.7509736956980153	0.012035631571221981	0.8469747251414844
READ	T cell CD4+	EPIC	92	0.2319405699489851	0.016016912870130528	0.42719504216033016	0.02610071363142849	0.11580068217195279	0.2743588953371526	0.07628576120921253	0.4458617127050152
READ	T cell CD8+	EPIC	92	-0.08424394679654146	-0.2955760905945119	0.13494875816523516	0.42463131877101884	-0.041206183586793454	0.6981545648357131	0.5944534394538789	0.8134041562895227
READ	Endothelial cell	EPIC	92	0.3444661929935422	0.13804310526286756	0.5222090837347431	0.000772804004149989	0.17474136136423746	0.09758914979029619	0.004021901503032127	0.20839627290008636
READ	Macrophage	EPIC	92	0.1810643774178136	-0.037121123159637136	0.3827724703012539	0.0841190598789597	-0.13541164822559246	0.20061845821378416	0.18762437200612234	0.35522125874928623
READ	NK cell	EPIC	92	0.21101058828969063	-0.005992248102674982	0.4090334403219868	0.04348050796212113	0.07083837627888015	0.5046108846734825	0.11356632340139854	0.6704140533718371
READ	uncharacterized cell	EPIC	92	-0.3238290461291864	-0.5051078218919509	-0.11518423181972517	0.0016388666227295594	-0.013797468175349173	0.8967198153335668	0.007739092385111808	0.937730537029753
SARC	B cell	TIMER	258	-0.058669072269950835	-0.18662539727698443	0.07124453318110191	0.3479373571096514	-0.05793652701766141	0.3549436267599308	0.5258736243906985	0.5308123017316084
SARC	T cell CD4+	TIMER	258	-0.27068088692366166	-0.38651834141083535	-0.14643604903421828	1.0372667973441967e-05	-0.26066543133140313	2.318274120832346e-05	9.772802837628455e-05	0.0001980975514107567
SARC	T cell CD8+	TIMER	258	0.03569062765529269	-0.09411679331934028	0.1643048131988533	0.5682202997715661	0.06775538822105238	0.27918561004769826	0.7190101527853797	0.45184952660370775
SARC	Neutrophil	TIMER	258	-0.09532673807656016	-0.2219621931129565	0.0344712312551428	0.12670657172858119	-0.0577641675172412	0.3563792862135877	0.2526934150178508	0.532051549864501
SARC	Macrophage	TIMER	258	-0.15413392498190218	-0.27796396286867175	-0.025264879211774935	0.013191215723291993	-0.12406295832419487	0.04693706593986503	0.04412117491708443	0.11971554326475688
SARC	Myeloid dendritic cell	TIMER	258	-0.22305677591272954	-0.3425446435665588	-0.09646774667236947	0.0003049886677352767	-0.20580583601737135	0.0009039404691853983	0.0018691311768729338	0.004681334085450208
SARC	B cell naive	CIBERSORT	258	0.18402320354138016	0.055983182805721544	0.3061083431043847	0.0030084202859864276	0.18832201191783765	0.0024335410730140627	0.012897942234876022	0.010727334380479125
SARC	B cell memory	CIBERSORT	258	-0.21596784064713068	-0.33595400625561084	-0.08908403566988342	0.00047685846561593186	-0.22790399684277976	0.0002292671397545327	0.0027379098392926486	0.0014481979263977751
SARC	B cell plasma	CIBERSORT	258	0.17155200574751356	0.04313653921331015	0.2943910858421082	0.005733188759084905	0.17315968124632247	0.005377812787989968	0.02212908987958734	0.020922634826906244
SARC	T cell CD8+	CIBERSORT	258	-0.07412787702676538	-0.20156766231992015	0.0557799060445951	0.2354164271283549	-0.0768206015223924	0.2196951927890791	0.39682545066755154	0.3789184842546534
SARC	T cell CD4+ naive	CIBERSORT	258	0.046003938945231436	-0.08386806155912316	0.17433917761790566	0.46189247099819747	0.041334655076930876	0.5094484696106348	0.6301463927435283	0.6740925604661869
SARC	T cell CD4+ memory resting	CIBERSORT	258	0.1451435533187019	0.01607251078002239	0.2694566412393711	0.019679952333980608	0.1361575474446857	0.02908710197042997	0.06116741941642621	0.08141057172826141
SARC	T cell CD4+ memory activated	CIBERSORT	258	-0.019499000261578317	-0.14849724128147065	0.11015171927306033	0.7552615935976903	-0.015042698102652722	0.8103373728008959	0.8510296342844291	0.8829237772028986
SARC	T cell follicular helper	CIBERSORT	258	-0.018265198731017306	-0.14728999568868315	0.11137081909857702	0.7703001656211251	-0.025281620992901117	0.6866657568826928	0.8600438742371784	0.8048150807587916
SARC	T cell regulatory (Tregs)	CIBERSORT	258	-0.05128269719492159	-0.1794648679193366	0.07861170539510116	0.41206667789977136	-0.05688565607580618	0.3637532128181098	0.5846083855544651	0.5395580660541766
SARC	T cell gamma delta	CIBERSORT	258	-0.15604292414140117	-0.27976789525342494	-0.027219579032836838	0.012085367457517577	-0.15843851268150377	0.010969531272545362	0.04126968275885915	0.037459272729827395
SARC	NK cell resting	CIBERSORT	258	0.09040284166455678	-0.03943117877937006	0.21723497867679095	0.14761700200868716	0.08684508810074966	0.16511580038295334	0.2836277532451925	0.3075763599320379
SARC	NK cell activated	CIBERSORT	258	-0.09074745995840781	-0.2175660251415044	0.03908424540802764	0.14607309367836163	-0.11157968625107552	0.0741610318657047	0.2813526090061054	0.17016997335381773
SARC	Monocyte	CIBERSORT	258	0.10372733991850487	-0.025994337396816437	0.2300135194906989	0.09641157282287448	0.09084245517985805	0.14644031266114163	0.20689860029497212	0.2827563567926241
SARC	Macrophage M0	CIBERSORT	258	0.06134642601079157	-0.06857063534367148	0.1892175356300377	0.3263415445364285	0.06767382468958395	0.2797660997154375	0.5033512580423808	0.45239265917591415
SARC	Macrophage M1	CIBERSORT	258	-0.14277059988947965	-0.26720794471239406	-0.01364987553779482	0.021798357464216107	-0.13625754531136186	0.028967988666440812	0.0663091164126006	0.08119343059912801
SARC	Macrophage M2	CIBERSORT	258	-0.13309023434176992	-0.25802041735732206	-0.003782516428891437	0.032607725676661786	-0.11150768285257848	0.07434909693190424	0.09003969448852231	0.17050144809603845
SARC	Myeloid dendritic cell resting	CIBERSORT	258	-0.11572896758613395	-0.24148623701864397	0.013851262362755919	0.0634396822632015	-0.12755762232520068	0.04102374261014602	0.15047465191304296	0.10794268748699255
SARC	Myeloid dendritic cell activated	CIBERSORT	258	0.13671913067528257	0.007478563308263584	0.2614672120787595	0.0281140461037825	0.12336957351958326	0.04819134596290174	0.08041398702691263	0.12216072980081791
SARC	Mast cell activated	CIBERSORT	258	0.07744369695439295	-0.052454698794970535	0.20476498006106603	0.21506698231197635	0.05885323759186587	0.34736904655962414	0.3710996914562346	0.5237998349587853
SARC	Mast cell resting	CIBERSORT	258	-0.11798056769515895	-0.24363470014541544	0.01156885965761259	0.05842956901196663	-0.10760407187819622	0.08513882685892692	0.14278725927299343	0.18967188316496414
SARC	Eosinophil	CIBERSORT	258	-0.012095051621760701	-0.1412468788394064	0.11746159517922941	0.8466934794124832	-0.022849605289730127	0.715433161689865	0.9112500700530716	0.8249317788874586
SARC	Neutrophil	CIBERSORT	258	-0.03856347752885595	-0.16710263757256635	0.09126469440597947	0.5374703476178861	-0.0227523781221801	0.7165919469382105	0.6945523021611909	0.8256450751876756
SARC	B cell naive	CIBERSORT-ABS	258	0.16834632038426536	0.039841193090001434	0.29137322032237656	0.006722598899561885	0.17898055323199544	0.0039948338012888865	0.025298711931941262	0.016355811689046644
SARC	B cell memory	CIBERSORT-ABS	258	-0.22079682160408037	-0.3404448229514096	-0.09411230395215327	0.00035223524331684676	-0.23120818141885097	0.00018455372392110387	0.0021090961736123597	0.0011966916426724976
SARC	B cell plasma	CIBERSORT-ABS	258	0.14983486577276303	0.020866507632331437	0.2738983129282588	0.01601249606348935	0.1582338264500862	0.011074484121282882	0.05158089807035802	0.037751728783100326
SARC	T cell CD8+	CIBERSORT-ABS	258	-0.10158750128505688	-0.2279642894554933	0.02815538171527448	0.10351896961439508	-0.09112423493032759	0.1451871003971816	0.21819717344015765	0.28089142135229095
SARC	T cell CD4+ naive	CIBERSORT-ABS	258	0.045103355397192714	-0.08476410208103945	0.1734640132267414	0.47071482244957824	0.040481567306919215	0.5182338674072186	0.6377696299345457	0.6796901804603969
SARC	T cell CD4+ memory resting	CIBERSORT-ABS	258	0.06215347604138259	-0.06776426076225844	0.18999854928072596	0.3200054208685627	0.07340748162435592	0.24093315058749473	0.49494509319465196	0.4046600596207493
SARC	T cell CD4+ memory activated	CIBERSORT-ABS	258	-0.021958170301951286	-0.15090233458274924	0.10772068793124874	0.7255657446089282	-0.01729047195219128	0.7826580847452764	0.834758666305273	0.8690388799707678
SARC	T cell follicular helper	CIBERSORT-ABS	258	-0.04538964320513973	-0.17374224248305084	0.08447928123339085	0.4679002903601248	-0.04046817456702109	0.5183724087296429	0.6354654070992677	0.6796901804603969
SARC	T cell regulatory (Tregs)	CIBERSORT-ABS	258	-0.10373475240239921	-0.23002061615704822	0.02598684934775521	0.09638764493402197	-0.09825850309372618	0.11610610897419225	0.20689860029497212	0.2378076930796709
SARC	T cell gamma delta	CIBERSORT-ABS	258	-0.15356505498307713	-0.27742623315360676	-0.024682581209807583	0.013537512287525491	-0.15383408325424203	0.013555208324666852	0.04489539698407521	0.04450114571742014
SARC	NK cell resting	CIBERSORT-ABS	258	0.09194225521589966	-0.037881181316806574	0.21871354082902128	0.1408153922889254	0.08982620093008493	0.1510284934430516	0.2725684078463853	0.28890479910094513
SARC	NK cell activated	CIBERSORT-ABS	258	-0.13635845031216628	-0.2611247733520547	-0.007111050658227214	0.02853555018363049	-0.13322129686014958	0.03277623738286797	0.08108575669912443	0.08949377665294259
SARC	Monocyte	CIBERSORT-ABS	258	0.015977118616241615	-0.11363060271641269	0.14505014546863948	0.7984136430687009	0.015501777960555288	0.8046638037816021	0.8786370234727331	0.8798671037518219
SARC	Macrophage M0	CIBERSORT-ABS	258	0.055393555962288364	-0.074513283948485	0.18345170986614695	0.37555697575733843	0.06749553699787487	0.2810378154460492	0.5518660975044725	0.4536985377349515
SARC	Macrophage M1	CIBERSORT-ABS	258	-0.15514065994823847	-0.2789153983981118	-0.026295592210282548	0.01259742103912161	-0.14201206101242594	0.022781369172693366	0.04268276972527339	0.06763489253244576
SARC	Macrophage M2	CIBERSORT-ABS	258	-0.1897503274132574	-0.3114768712722204	-0.06189696116306759	0.002206742427733032	-0.16745867262149033	0.00713439452868787	0.010056367007501345	0.026192941415182698
SARC	Myeloid dendritic cell resting	CIBERSORT-ABS	258	-0.11317812657870936	-0.23905074961453265	0.01643536927026386	0.069536480712283	-0.1245349531395303	0.04609897620860152	0.16183788070537294	0.11811729814916902
SARC	Myeloid dendritic cell activated	CIBERSORT-ABS	258	0.13566296922583693	0.006402493789773377	0.2604643779922856	0.029363605634890794	0.1229596185041684	0.04894600422699002	0.08295642921417848	0.12362976519866341
SARC	Mast cell activated	CIBERSORT-ABS	258	0.045354746312704294	-0.08451400044732622	0.17370832897984148	0.4682428693729912	0.0354367782139333	0.5717316057593275	0.635704728905693	0.7201902636981219
SARC	Mast cell resting	CIBERSORT-ABS	258	-0.11963688969673818	-0.2452143656587071	0.009889016448726012	0.05495644581221542	-0.10841677211776979	0.08279443937082956	0.13643155754016653	0.1854947827702488
SARC	Eosinophil	CIBERSORT-ABS	258	-0.01104978492099887	-0.14022217768439751	0.11849245130313397	0.8597995118467143	-0.02172310608428496	0.7288984784955307	0.9192824969430279	0.8323577835623613
SARC	Neutrophil	CIBERSORT-ABS	258	-0.04924676237915519	-0.17748879315072685	0.0806398560466225	0.43089727372300546	-0.032878479315634014	0.59982331587112	0.600002970176977	0.7370375706364234
SARC	B cell	QUANTISEQ	258	-0.03884169597615277	-0.16737348034079505	0.0909883723972154	0.5345371389475332	-0.05405540005387397	0.38814801648133784	0.691598993729648	0.5627729200233812
SARC	Macrophage M1	QUANTISEQ	258	-0.23970224740744775	-0.3579739763028484	-0.11386031916560636	0.00010093633401782896	-0.22754445073702	0.0002346997862874017	0.0007072778960747514	0.0014774694704966075
SARC	Macrophage M2	QUANTISEQ	258	-0.271457652824066	-0.3872312290701548	-0.14725633860058304	9.760840903608884e-06	-0.26333043754159724	1.8972613186975632e-05	9.263322313861829e-05	0.00016707864315557372
SARC	Monocyte	QUANTISEQ	258	-0.00246324550191414	-0.13179409201867986	0.1269500568451062	0.9685925927485213	-0.03517268346564427	0.5746025506214488	0.9831768010505499	0.7219715296950725
SARC	Neutrophil	QUANTISEQ	258	0.08814955983789582	-0.04169882650196553	0.21506971676754674	0.15801889889255033	0.09142452599316564	0.14386056511393108	0.2972386990428305	0.27929235828970733
SARC	NK cell	QUANTISEQ	258	0.005807089743589151	-0.12365865877341399	0.1350784543124703	0.9260437594937065	0.0015286554883445812	0.9805441055085754	0.958131155959173	0.9881256320975592
SARC	T cell CD4+ (non-regulatory)	QUANTISEQ	258	0.17109366446011134	0.04266520718694519	0.2939597486333818	0.005866143293123558	0.16759975262426985	0.007085382764585604	0.02259765544444642	0.026061944129378845
SARC	T cell CD8+	QUANTISEQ	258	-0.15751758998545112	-0.28116080116621633	-0.028730222521683724	0.011287883549841888	-0.14707993746731027	0.018313327072383062	0.03918460018639757	0.056555890681749425
SARC	T cell regulatory (Tregs)	QUANTISEQ	258	0.05914260106283768	-0.07077175149038191	0.18708398421464983	0.344053477169409	0.05268000688211976	0.40035238324374745	0.521931429314079	0.5755642903912486
SARC	Myeloid dendritic cell	QUANTISEQ	258	0.07010680620267898	-0.059808498188860804	0.19768665094779078	0.2618645271049214	0.11413485444846684	0.06773353735732941	0.42966441501478925	0.1583013335727185
SARC	uncharacterized cell	QUANTISEQ	258	0.09550876534676077	-0.034287748605469355	0.22213683538777956	0.12597995116945476	0.06942276319017976	0.26749720386534753	0.2521517532744675	0.43811236903824674
SARC	T cell	MCPCOUNTER	258	-0.257183569960054	-0.3741088530601101	-0.13220967956556798	2.896291477550961e-05	-0.24722432521684637	6.166342775537016e-05	0.00024249463976925605	0.0004575028510882302
SARC	T cell CD8+	MCPCOUNTER	258	-0.18792267552476274	-0.3097644989827078	-0.06000876790212843	0.0024384494636618273	-0.17638338523351357	0.00456643750281352	0.010883946806983727	0.01831258526769319
SARC	cytotoxicity score	MCPCOUNTER	258	-0.1505292154642146	-0.2745552646003075	-0.02157655959304819	0.01552387640446851	-0.1334277842543198	0.03250437830183606	0.05016393119129907	0.08900008344550349
SARC	NK cell	MCPCOUNTER	258	-0.15266742447309714	-0.27657758161146906	-0.02376394024055336	0.014100187983133837	-0.1477501535560552	0.017783698098694116	0.04636815392266888	0.05518592029039206
SARC	B cell	MCPCOUNTER	258	-0.02723491317980545	-0.1560578959743187	0.10249908433647989	0.6632619073459541	-0.01643303771813061	0.7931864239608051	0.7899342241007252	0.8753506044157393
SARC	Monocyte	MCPCOUNTER	258	-0.2666587706660824	-0.3828247731970649	-0.14219129723042656	1.4168152320423045e-05	-0.25219024337352663	4.3229901712961e-05	0.0001273505185582853	0.00034078410422918855
SARC	Macrophage/Monocyte	MCPCOUNTER	258	-0.2666587706660824	-0.3828247731970649	-0.14219129723042656	1.4168152320423045e-05	-0.25219024337352663	4.3229901712961e-05	0.0001273505185582853	0.00034078410422918855
SARC	Myeloid dendritic cell	MCPCOUNTER	258	-0.1494573159153173	-0.27354104949673846	-0.0204804743252861	0.01628378128160346	-0.13633310393184117	0.028878263450713842	0.05225412487601065	0.08111638656055396
SARC	Neutrophil	MCPCOUNTER	258	0.20272736944216638	0.07533024079183846	0.323612690791665	0.0010583417706051665	0.23231544925534164	0.00017149268034751436	0.005264779036979899	0.0011205952643324644
SARC	Endothelial cell	MCPCOUNTER	258	0.013539544725690175	-0.11603655691745843	0.14266249631752295	0.828651658754048	0.05345712910819387	0.3934287587149755	0.9000055495560744	0.568412021329291
SARC	Cancer associated fibroblast	MCPCOUNTER	258	0.0276450859537316	-0.10209289796384564	0.15645835524979132	0.6585079308022282	0.08771673087089897	0.16089877088574236	0.7869089270894598	0.3027498528215845
SARC	Myeloid dendritic cell activated	XCELL	258	-0.27741345143329904	-0.39269264969001394	-0.15355153406378322	6.086047044204177e-06	-0.2648999229883858	1.684342633759182e-05	6.180894530607359e-05	0.0001503602670775891
SARC	B cell	XCELL	258	-0.15705176082877723	-0.28072085526962837	-0.028252964887694177	0.011534627793466578	-0.15505450873918353	0.012822375286577817	0.03977107113973044	0.042595996066711356
SARC	T cell CD4+ memory	XCELL	258	-0.03551446410878975	-0.1641331828611094	0.09429161510823533	0.5701327748600509	-0.03278929797887652	0.600813690284868	0.7196879297633246	0.7375766182147045
SARC	T cell CD4+ naive	XCELL	258	-0.1933119050165154	-0.3148115316713074	-0.06557914807679188	0.0018119007258617069	-0.17835627775658863	0.004125996568318499	0.008484469267208711	0.016769902892022175
SARC	T cell CD4+ (non-regulatory)	XCELL	258	0.029179448869071496	-0.10057306357083376	0.1579560067385151	0.6408470305254765	0.0267108179515885	0.6699652874869518	0.774084612095957	0.7930863681725648
SARC	T cell CD4+ central memory	XCELL	258	0.020191726003920097	-0.10946707685215278	0.1491748885242463	0.7468579297131027	0.013284718727790228	0.8321527339619892	0.846883313808592	0.8973296165999387
SARC	T cell CD4+ effector memory	XCELL	258	-0.288609619832012	-0.4029374863208959	-0.16541300537225426	2.4297315390644545e-06	-0.2852949610983928	3.3468779096375815e-06	2.6836865304355978e-05	3.60503929109723e-05
SARC	T cell CD8+ naive	XCELL	258	-0.06648165163290991	-0.19418433388881579	0.06343680959638255	0.28739866755745513	-0.06041418825860588	0.3347084585776994	0.45636198410183054	0.5118146550797045
SARC	T cell CD8+	XCELL	258	-0.1570640754919124	-0.28073248635149783	-0.02826558091853091	0.011528044118038292	-0.15147109580728832	0.015079290378825255	0.03977107113973044	0.048327889656726845
SARC	T cell CD8+ central memory	XCELL	258	-0.2548832272471543	-0.3719897240589877	-0.12979020903831637	3.431225331121515e-05	-0.24333726952968976	8.101332824802099e-05	0.0002808359884512588	0.0005790897869282671
SARC	T cell CD8+ effector memory	XCELL	258	-0.09093963317359391	-0.21775061748021632	0.038890767615904195	0.14521749969625242	-0.08726480791269005	0.1630749750539455	0.2801186106622333	0.30596120559545437
SARC	Class-switched memory B cell	XCELL	258	-0.012245379693183758	-0.14139422645821204	0.11731331663865206	0.8448119716461188	-0.014903103327853242	0.8120645447971113	0.909725918241896	0.8835011962188134
SARC	Common lymphoid progenitor	XCELL	258	0.2566600772848721	0.13165894586534763	0.3736267067753845	3.0106060079658106e-05	0.24286520654711377	8.371824250151938e-05	0.00025099082070674457	0.0005951605966926195
SARC	Common myeloid progenitor	XCELL	258	-0.14527140831243499	-0.2695777627808639	-0.01620308567610771	0.019571070639633807	-0.14532504940412808	0.019765611205706007	0.06092586480968805	0.06037600892634313
SARC	Myeloid dendritic cell	XCELL	258	-0.24743007408764803	-0.3651153116287842	-0.12196129836503691	5.8777697951439675e-05	-0.2355189336952813	0.00013840714605555025	0.00044712217702359754	0.0009172405780969516
SARC	Endothelial cell	XCELL	258	-0.23333837609432084	-0.352082673886602	-0.1072016971179399	0.00015550452968606437	-0.2166267322252508	0.000469670212514687	0.001039355061662413	0.0026692013530994567
SARC	Eosinophil	XCELL	258	0.017908369192727938	-0.11172332401183868	0.14694077474843487	0.7746658280982366	0.025932246151592037	0.679043598787464	0.8634131192628465	0.7992089340401825
SARC	Cancer associated fibroblast	XCELL	258	-0.16331260624747276	-0.28662948269709493	-0.03467232435667271	0.008585850211466961	-0.1472717616375412	0.018160356301780287	0.031141627390385732	0.056176418623386806
SARC	Granulocyte-monocyte progenitor	XCELL	258	0.020031188064374896	-0.10962575244910364	0.1490178557843405	0.7488028430380165	0.021434157052038952	0.7323659908832053	0.8471698831824781	0.8350979948536986
SARC	Hematopoietic stem cell	XCELL	258	-0.1571527720639523	-0.28081625834482826	-0.02835644930870652	0.011480722933631048	-0.13759320927182156	0.027416594763376316	0.03965514723542173	0.0779628258362192
SARC	Macrophage	XCELL	258	-0.31515676600485487	-0.4271149698557693	-0.19368081488465771	2.3417619447718528e-07	-0.30402140199624755	6.758680951679447e-07	3.3662827956095387e-06	8.867933731901556e-06
SARC	Macrophage M1	XCELL	258	-0.32133450357249643	-0.43271839819353436	-0.2002880228394811	1.313559209739226e-07	-0.3099361571514518	3.9818039168851504e-07	1.990704073674563e-06	5.481990603880612e-06
SARC	Macrophage M2	XCELL	258	-0.41646782551986933	-0.5179345508796768	-0.30344445351083826	3.026113154168497e-12	-0.4078660516196003	1.010993987366422e-11	1.195161861898871e-10	3.52945222375242e-10
SARC	Mast cell	XCELL	258	-0.05012883662469563	-0.17834505984903778	0.07976128633849289	0.42267864371262476	-0.03785194028379131	0.5457962756459017	0.5925642663494878	0.6994635980909459
SARC	B cell memory	XCELL	258	-0.1585451675598227	-0.2821310988428076	-0.029783217962469535	0.010759998459845843	-0.15437232366762452	0.013227593157128209	0.03776624235008729	0.043719263942832876
SARC	Monocyte	XCELL	258	-0.30715277391314494	-0.4198422526175304	-0.18513674895561957	4.858769171067508e-07	-0.29433310359374576	1.568394529219546e-06	6.396561433964295e-06	1.881111229830805e-05
SARC	B cell naive	XCELL	258	-0.09449512155713863	-0.22116421258825958	0.03530938558607393	0.13006756262396296	-0.08475340847709771	0.1755719653244804	0.2575008454985798	0.3224454600369744
SARC	Neutrophil	XCELL	258	0.0016708338240107427	-0.12772962255196194	0.13101535974813125	0.9786932178817148	-0.007007286692131161	0.9109906155797759	0.9880490637272747	0.9483422009895963
SARC	NK cell	XCELL	258	-0.07086118430383713	-0.19841505793365014	0.05905303140880505	0.25675323025113883	-0.06456873166925435	0.3024723591376538	0.42323150517788904	0.4778452219103945
SARC	T cell NK	XCELL	258	-0.18757678844205436	-0.309440339845557	-0.05965152621676969	0.0024847147347767397	-0.24559086974733954	6.919454516665404e-05	0.01104003933292847	0.0005114379425361385
SARC	Plasmacytoid dendritic cell	XCELL	258	-0.21698842938851243	-0.33690357999187576	-0.0901462043894471	0.0004475304125599263	-0.2193778627364697	0.0003955915496308831	0.0026034713865967694	0.002315513411761606
SARC	B cell plasma	XCELL	258	-0.07103776448639225	-0.1985855386091353	0.058876174899304655	0.2555668224729055	-0.07439530614834265	0.23464384192703938	0.42198744757983975	0.39751188125421316
SARC	T cell gamma delta	XCELL	258	-0.11541313011352551	-0.24118476819416618	0.014171312636501524	0.06416988634720171	-0.11444210434841164	0.06699230597756649	0.15169543870469085	0.1569381328467743
SARC	T cell CD4+ Th1	XCELL	258	-0.1280882236549589	-0.2532641940017768	0.0013062689820869649	0.03979339210672567	-0.1361874821062745	0.029051401178266205	0.10562943865396969	0.08136889585030148
SARC	T cell CD4+ Th2	XCELL	258	-0.056284360824705414	-0.18431508584286294	0.0736245953054294	0.36791553720220493	-0.06060533263011822	0.3331786957781058	0.5446988831732757	0.5098742467680601
SARC	T cell regulatory (Tregs)	XCELL	258	-0.14706336158937083	-0.27127492951530696	-0.018033623131965278	0.01809919759993408	-0.13091350725028342	0.03594864792975606	0.057116918979614406	0.09653792129488062
SARC	immune score	XCELL	258	-0.3038800283068173	-0.41686434308600606	-0.18164847837627449	6.508187706433499e-07	-0.29092241681123066	2.0941752120820945e-06	8.398354433054449e-06	2.387237632431775e-05
SARC	stroma score	XCELL	258	-0.21032360151261134	-0.33069809862968863	-0.08321505031965683	0.000673851258371756	-0.19029697568291068	0.0021849592760162175	0.003599396748952959	0.009831059573329585
SARC	microenvironment score	XCELL	258	-0.3700373330594246	-0.4765942845662041	-0.25276505333570143	8.573545368419939e-10	-0.36476707703468936	1.6586605831990216e-09	2.135195056721144e-08	3.978750233317898e-08
SARC	B cell	EPIC	258	-0.007187107438189884	-0.13643309596156605	0.12229945489189427	0.908537891911313	-0.03680461011638766	0.5569716059812198	0.9483269245309589	0.7082143022395346
SARC	Cancer associated fibroblast	EPIC	258	-0.0201753296449231	-0.14915885046311364	0.10948328330592043	0.7470564979819874	0.17301052176458973	0.005418308909585622	0.846883313808592	0.021017448250475974
SARC	T cell CD4+	EPIC	258	0.17508193410787776	0.0467684324970326	0.2977113654509253	0.004796470450820287	0.1496691669626901	0.016340346032328635	0.01907919193552819	0.05152480079548787
SARC	T cell CD8+	EPIC	258	0.01700295418730003	-0.11261761938091693	0.14605452132458271	0.7857747450428223	-0.029630331750566452	0.6363568469270015	0.8688855353838901	0.7664673955487444
SARC	Endothelial cell	EPIC	258	-0.1328687270686275	-0.25780992250553203	-0.003557024645294528	0.032900784705695234	-0.1397952873460497	0.02501437971532822	0.09058624099395983	0.07261041179430834
SARC	Macrophage	EPIC	258	-0.24761892783143186	-0.3652896594155868	-0.12215948073904499	5.799331517247227e-05	-0.24145717854467608	9.229886305268675e-05	0.0004428786373522785	0.0006444438473857235
SARC	NK cell	EPIC	258	-0.19680921218702568	-0.3180831003689052	-0.06919827636933165	0.0014880536585877553	-0.17477774884102215	0.004955657263807948	0.0070696109417717175	0.019611963463045626
SARC	uncharacterized cell	EPIC	258	0.09222633501368054	-0.03759508009563352	0.21898632764175716	0.13958684644986016	0.010318086753519275	0.8692513070416517	0.2718050645512715	0.9223263529261487
SKCM	B cell	TIMER	102	0.10516226982719488	-0.10288494389325065	0.3043941189440416	0.29283755670646217	0.09808662730311739	0.3291417729968552	0.4626241804938453	0.5054769569590353
SKCM	T cell CD4+	TIMER	102	-0.1433813966638394	-0.3391918884246552	0.06433757420042191	0.1505265749936651	-0.18771082300291245	0.060144258425581465	0.28752267133621423	0.14400737932885704
SKCM	T cell CD8+	TIMER	102	0.07625671472999718	-0.1316295522328635	0.27771819462355607	0.4461952589940937	0.047383909363400124	0.637969679869598	0.6149919021318009	0.767728107407836
SKCM	Neutrophil	TIMER	102	0.20218206903651897	-0.00379622107167316	0.3917024045947933	0.04156295097967255	0.17596707767514733	0.07837436662881532	0.10958269610958846	0.17775160876952895
SKCM	Macrophage	TIMER	102	0.09317124092946047	-0.1148515306826646	0.2933658185142474	0.35163930251045133	0.06419296614658591	0.5236302734545871	0.530034569319917	0.6838324546451021
SKCM	Myeloid dendritic cell	TIMER	102	-0.09415297101261544	-0.2942707350896818	0.11387406560013583	0.34656544784311366	-0.1559287994938807	0.11944676149996347	0.5245432783772846	0.2433751107164446
SKCM	B cell naive	CIBERSORT	102	0.03603414736352835	-0.17105480810965876	0.24007394194080403	0.7191772329768089	0.03742735137648379	0.7101992204499472	0.8313638649013929	0.8205907068437629
SKCM	B cell memory	CIBERSORT	102	-0.050012621250099386	-0.2532263246043833	0.15742820110425446	0.6176454539783319	-0.05433111502600792	0.5894568456562704	0.7579885363084522	0.7310947483906748
SKCM	B cell plasma	CIBERSORT	102	0.12464587666936962	-0.08331177537901877	0.322200257859017	0.21195010970265218	0.13132513225604037	0.19051719885580998	0.3675055117238891	0.34161928349091747
SKCM	T cell CD8+	CIBERSORT	102	-0.4313117710453002	-0.5851837333642265	-0.24745906985589267	6.018635135552443e-06	-0.4268492048520509	8.535474363751076e-06	6.143534775133695e-05	8.19992746001639e-05
SKCM	T cell CD4+ naive	CIBERSORT	102	0.04208247438618988	-0.16516843746738843	0.24577403748614832	0.6745145318451529	0.060527418938580026	0.5476580982742828	0.7975058420062133	0.70138983434407
SKCM	T cell CD4+ memory resting	CIBERSORT	102	0.3278424762820951	0.13085158458783436	0.49992924653097043	0.0007690247851148483	0.31368959907814886	0.0014015453743987565	0.0040199022858276165	0.006824461287545627
SKCM	T cell CD4+ memory activated	CIBERSORT	102	-0.1160499829492002	-0.3143616329579795	0.09196700716549759	0.24542571006219752	-0.10644661316135097	0.2893844229886987	0.40929611734908555	0.4614572161035122
SKCM	T cell follicular helper	CIBERSORT	102	-0.021945089213858657	-0.22674127393406676	0.18470951388751475	0.8267050881638315	0.00808093385141934	0.9360759588173191	0.8981430660518426	0.9621600943679595
SKCM	T cell regulatory (Tregs)	CIBERSORT	102	-0.07915834604542159	-0.2804101107928497	0.1287597764956376	0.42903200062901575	-0.0904907733578388	0.368147192176029	0.598471324459312	0.5438063926740738
SKCM	T cell gamma delta	CIBERSORT	102	0.08122705681190827	-0.1267116484446918	0.28232737462431223	0.4170298898830385	0.07149326038018385	0.4774158937070718	0.5886595196543973	0.6465868182870284
SKCM	NK cell resting	CIBERSORT	102	0.21460155991002117	0.009187027771009427	0.4026376302912891	0.030314269755423687	0.22444248688616683	0.024044821373652287	0.08496687795247786	0.07042340941646474
SKCM	NK cell activated	CIBERSORT	102	-0.26266646025270024	-0.4444584243391838	-0.06009500477462656	0.007650651743348055	-0.26203468417936343	0.00811951634008344	0.02814115551880611	0.02912597145846445
SKCM	Monocyte	CIBERSORT	102	0.035427101887524876	-0.17164478348044793	0.23950106902357418	0.7237154931771851	0.05207797109756949	0.6050069929429129	0.8340048089966704	0.7396911872989382
SKCM	Macrophage M0	CIBERSORT	102	0.1512743528962396	-0.05629884789716125	0.34631212601716366	0.12908619364777404	0.14433268529078602	0.14986109083308882	0.25581703860253246	0.2876567821096599
SKCM	Macrophage M1	CIBERSORT	102	0.006063674579306527	-0.20000625600005262	0.2116198844461981	0.9517686436735763	-0.00679695383393948	0.9462162571097598	0.9713953006430913	0.9675577642203884
SKCM	Macrophage M2	CIBERSORT	102	0.020407066986038624	-0.1861953057760298	0.22528116081855357	0.8386798833792063	0.025931477371705158	0.7968641826949849	0.9046629555917642	0.8771787596670583
SKCM	Myeloid dendritic cell resting	CIBERSORT	102	-0.03901830012509088	-0.24288804210295306	0.1681524086154586	0.6970119577423816	-0.058769394689124024	0.5593694457444488	0.816252161168049	0.7101063508317383
SKCM	Myeloid dendritic cell activated	CIBERSORT	102	0.03323166429382783	-0.17377724620593674	0.23742803279207492	0.7402075163591556	0.03503498981283211	0.7279742814898799	0.8440394835124813	0.8322430695473718
SKCM	Mast cell activated	CIBERSORT	102	0.09478369664482107	-0.113245867514542	0.29485192160298807	0.34333003264034395	0.08315738634413668	0.40837753114916114	0.5211839301788029	0.5836097027752998
SKCM	Mast cell resting	CIBERSORT	102	0.003540636544516302	-0.20242719651231136	0.2092084962906869	0.9718261126796638	0.01382186206058891	0.8908841673151967	0.9844145338283641	0.9351186607267159
SKCM	Eosinophil	CIBERSORT	102	0.12309817889978707	-0.08487247646724835	0.3207909037680912	0.217724134618967	0.13257010438161135	0.18631112154798785	0.37469357888534743	0.33585822279973837
SKCM	Neutrophil	CIBERSORT	102	0.013961026410227213	-0.19241218013462072	0.21915161965141636	0.889238002402106	0.0019328973862033788	0.9846946402481933	0.9324199904125773	0.9900486067885557
SKCM	B cell naive	CIBERSORT-ABS	102	0.060615190751124835	-0.147039568339127	0.2631524606241396	0.5450491646584227	0.05330103101475667	0.5965434945974443	0.6991936462645776	0.7344096548727982
SKCM	B cell memory	CIBERSORT-ABS	102	-0.027625598216014225	-0.23212606771445365	0.1792137119983957	0.7828408236896752	-0.04164735163071846	0.6792253933032036	0.8673455891773525	0.7992089340401825
SKCM	B cell plasma	CIBERSORT-ABS	102	0.11922116492326479	-0.08877758909505948	0.31725659607647155	0.2326747190407889	0.11630047037290203	0.24678573243183916	0.3934940101425106	0.4123641939352526
SKCM	T cell CD8+	CIBERSORT-ABS	102	-0.3168400786879955	-0.4906632054315942	-0.11876465713012514	0.00117653536775325	-0.34249455530597334	0.00045516683028916274	0.005735976668223451	0.0026095341736519445
SKCM	T cell CD4+ naive	CIBERSORT-ABS	102	0.046685894978023494	-0.1606783655741015	0.25010299615491854	0.6412530473803375	0.06475675769414005	0.5199824276950691	0.774335829294972	0.6811160108166566
SKCM	T cell CD4+ memory resting	CIBERSORT-ABS	102	0.2814976908622533	0.08033162263318307	0.46063005008009744	0.004155012471855266	0.26448231897811086	0.007524356920526812	0.01694269821035196	0.027367660985357988
SKCM	T cell CD4+ memory activated	CIBERSORT-ABS	102	-0.10762122950102603	-0.30664907487216986	0.10042353286799803	0.28163400700082947	-0.100100392831508	0.31926043240256197	0.4503840357354778	0.4951639391884242
SKCM	T cell follicular helper	CIBERSORT-ABS	102	-0.03505220511123675	-0.23914720541216017	0.17200906399523536	0.7265230119158597	-0.058317984803874054	0.5623957756790446	0.834758666305273	0.7123315461305684
SKCM	T cell regulatory (Tregs)	CIBERSORT-ABS	102	-0.11172592986703296	-0.31040826436055347	0.0963090591468043	0.2635779981570853	-0.14896126763029735	0.13708975962439054	0.43102884683990117	0.27044448038918617
SKCM	T cell gamma delta	CIBERSORT-ABS	102	0.08044414542095013	-0.12748697881392365	0.281601967793761	0.42154902705205793	0.06987577544714937	0.4874619711914191	0.5918336430066594	0.6554251400819975
SKCM	NK cell resting	CIBERSORT-ABS	102	0.23663081615327472	0.03238790071086301	0.4219030098748408	0.01664247605095025	0.24531775989096374	0.013412177628073587	0.053206934880797606	0.044217212922232484
SKCM	NK cell activated	CIBERSORT-ABS	102	-0.20278986586471714	-0.39223881193549415	0.0031624464812513246	0.040941060279234685	-0.230907525268455	0.020168619603812214	0.10838154752322791	0.0610838905119332
SKCM	Monocyte	CIBERSORT-ABS	102	-0.004908539974749701	-0.21051617755528504	0.20111495918068661	0.9609486733147681	-0.010242924709486097	0.9190254029674243	0.9774477920553443	0.953406560255407
SKCM	Macrophage M0	CIBERSORT-ABS	102	0.17809438701408709	-0.028780907182118284	0.3703397370874818	0.07331847740772894	0.15693365195453088	0.11705388328944677	0.16873175200954688	0.2393727425009084
SKCM	Macrophage M1	CIBERSORT-ABS	102	-0.02319129270070593	-0.22792367575849826	0.1835049375511662	0.8170312391181231	-0.059211477483510716	0.5564132103650355	0.8910996220228344	0.7079444194512601
SKCM	Macrophage M2	CIBERSORT-ABS	102	0.04866257092874713	-0.1587477231978434	0.2519593276405818	0.6271808312807403	0.0008663228793235092	0.9931398203494797	0.7632359322464035	0.9962438832022723
SKCM	Myeloid dendritic cell resting	CIBERSORT-ABS	102	-0.04461501878097252	-0.24815659413839314	0.16269931380461564	0.6561332367773747	-0.07412748724412133	0.4612965548418769	0.7855116214940401	0.6335333787958338
SKCM	Myeloid dendritic cell activated	CIBERSORT-ABS	102	0.03174874594093122	-0.1752165302389786	0.23602673778514752	0.7514145920082619	0.03273412693247949	0.745206668628877	0.8481613899400415	0.8432575660307727
SKCM	Mast cell activated	CIBERSORT-ABS	102	0.09801274128000372	-0.11002715529661525	0.2978250302089984	0.32706514318196855	0.07597138535317578	0.45019400975365886	0.5038643183989191	0.6228798931835832
SKCM	Mast cell resting	CIBERSORT-ABS	102	0.006871913710748163	-0.19923019066533537	0.21239182835771342	0.9453491195743091	0.010524744685386254	0.9168053601056775	0.9672445071603583	0.9516084305848682
SKCM	Eosinophil	CIBERSORT-ABS	102	0.11970203247236168	-0.08829358357170082	0.317695256677299	0.23078238616295313	0.12912289071997687	0.19812520275842377	0.3909701602673946	0.35244292210438444
SKCM	Neutrophil	CIBERSORT-ABS	102	0.01069549457886119	-0.19555530840298568	0.2160402316824204	0.9150341619454061	-0.0033468794095265313	0.9735014324996732	0.9515381843634408	0.9840720271648713
SKCM	B cell	QUANTISEQ	102	0.043412001272771734	-0.1638725288374259	0.24702513125634915	0.664840065519056	0.018829971690354292	0.8517391021659853	0.7913317065995461	0.9095983488293957
SKCM	Macrophage M1	QUANTISEQ	102	0.04916637687236682	-0.15825539628886168	0.252432221617977	0.6236151693038047	0.035900941080232354	0.7215230968797077	0.761600459524615	0.8280467592602457
SKCM	Macrophage M2	QUANTISEQ	102	-0.1981624870330132	-0.3881517010693612	0.007983441842364906	0.04587702037561345	-0.2417337350840106	0.014875785664010908	0.11832397735398983	0.04775395890499396
SKCM	Monocyte	QUANTISEQ	102	0.18186599775995835	-0.024885839226844137	0.3736981514620426	0.06733859203556937	0.16758176756966378	0.09391840111728908	0.1578810725965181	0.20366312113207793
SKCM	Neutrophil	QUANTISEQ	102	-0.014267583072821116	-0.21944349171398608	0.19211689671494264	0.8868218453187862	-0.02106054001228285	0.8344135462516586	0.9311153102031294	0.8987760236484809
SKCM	NK cell	QUANTISEQ	102	0.30743828758488606	0.10848241718986708	0.48271389554783917	0.0016711104387193405	0.29570960731222495	0.0026794767824720863	0.007862866203841903	0.01161923217798821
SKCM	T cell CD4+ (non-regulatory)	QUANTISEQ	102	0.06812994007194502	-0.13964860336976995	0.27016190505246246	0.4962578167190795	0.08561251167719597	0.39463056558733656	0.6596064657840398	0.569795240563695
SKCM	T cell CD8+	QUANTISEQ	102	-0.3820385153603153	-0.5450044319529851	-0.1912569809070103	7.425143361677022e-05	-0.4005368773318792	3.319131210677621e-05	0.0005416475847790515	0.0002737933129483016
SKCM	T cell regulatory (Tregs)	QUANTISEQ	102	0.28665535764772404	0.08590329131018214	0.46503862984460215	0.0034895759993979094	0.2697374116406495	0.006375019078425017	0.014561624501222866	0.024013800189442984
SKCM	Myeloid dendritic cell	QUANTISEQ	102	0.28259868199255894	0.08151993507785266	0.4615718784927551	0.004004130331221553	0.28527068222429336	0.0038329860291622334	0.016497523282482898	0.015759174946397825
SKCM	uncharacterized cell	QUANTISEQ	102	-0.29295365294532427	-0.4704102041528903	-0.09272421783188313	0.0028074501073703175	-0.2781547105181868	0.004856041848550693	0.01215629005516937	0.019256717675287232
SKCM	T cell	MCPCOUNTER	102	-0.251138673626467	-0.4344999320960677	-0.04778851815282768	0.01089463594233299	-0.24935301845975627	0.011915768800089798	0.038067941496445025	0.04026850130367425
SKCM	T cell CD8+	MCPCOUNTER	102	-0.2947695787390443	-0.47195649901079495	-0.09469432528039307	0.002634425093036178	-0.3197888137315908	0.001114589722883611	0.011547760217232575	0.005587238226249897
SKCM	cytotoxicity score	MCPCOUNTER	102	-0.03211752299271249	-0.2363752958585653	0.17485868693771706	0.7486226476794001	-0.09272722254476301	0.35637913131360066	0.8471698831824781	0.532051549864501
SKCM	NK cell	MCPCOUNTER	102	-0.13702534061309893	-0.33344173434882385	0.07079148041391779	0.1696530317093883	-0.16234894254802326	0.10479086654219308	0.31363751961404646	0.22099907668822813
SKCM	B cell	MCPCOUNTER	102	-0.1415828623617127	-0.3375662855378378	0.06616556103475789	0.1557663907771491	-0.16684174902070084	0.0953995232241875	0.29454716559707184	0.20529011326723895
SKCM	Monocyte	MCPCOUNTER	102	-0.06321158266470651	-0.2655766867056518	0.14448856378003053	0.5279298372426842	-0.13787090970518656	0.1691579841842193	0.6866951642112092	0.31361200481759005
SKCM	Macrophage/Monocyte	MCPCOUNTER	102	-0.06321158266470651	-0.2655766867056518	0.14448856378003053	0.5279298372426842	-0.13787090970518656	0.1691579841842193	0.6866951642112092	0.31361200481759005
SKCM	Myeloid dendritic cell	MCPCOUNTER	102	0.1310146140389346	-0.07687877551871485	0.32799051316905836	0.1893378299520452	0.09814824463818572	0.32883655887229746	0.3411571037384778	0.5052066582281662
SKCM	Neutrophil	MCPCOUNTER	102	0.453597812843733	0.2732919336740701	0.6031118238975391	1.6860951729888488e-06	0.449787139839961	2.3728661015068e-06	1.9164628274379067e-05	2.6508304162547394e-05
SKCM	Endothelial cell	MCPCOUNTER	102	0.1192476130974144	-0.08875097088178355	0.31728072503067095	0.2325703580005016	0.07171241463481484	0.47606337800635157	0.3934877108532935	0.6452020131732529
SKCM	Cancer associated fibroblast	MCPCOUNTER	102	0.0510431126857774	-0.15642051309435925	0.254192952617472	0.6104094715080686	-0.015513128883877169	0.8776304946911919	0.7543302887473288	0.9266905844565381
SKCM	Myeloid dendritic cell activated	XCELL	102	-0.4179580482620677	-0.5743687223309295	-0.2321043341214654	1.2370284558710634e-05	-0.4558076134644157	1.669305983774479e-06	0.00011248328517339204	1.9718992134616958e-05
SKCM	B cell	XCELL	102	-0.23873563535659742	-0.42373503498683235	-0.03461624414261913	0.015672831064309035	-0.2424652516395411	0.01456628166456968	0.050603442990461045	0.04691446565771618
SKCM	T cell CD4+ memory	XCELL	102	0.3855750385942245	0.19524956614375258	0.5479133995454266	6.280520848231924e-05	0.3836242814103012	7.494614331564715e-05	0.00047118815670698364	0.0005467153365003365
SKCM	T cell CD4+ naive	XCELL	102	-0.3434626787233352	-0.5130170044173396	-0.14811268365608043	0.0004090073917473053	-0.3835342888296875	7.526281542897619e-05	0.0024084622014035597	0.0005478194725076829
SKCM	T cell CD4+ (non-regulatory)	XCELL	102	-0.15875398170528163	-0.35303882770992284	0.048656165819290685	0.11100308282806619	-0.1604829629441914	0.10889758693190446	0.23037264005187835	0.22708776794866478
SKCM	T cell CD4+ central memory	XCELL	102	-0.06107812125777055	-0.26358488181384176	0.14658493255641897	0.5419770542057458	-0.05725322401826238	0.5695647984784548	0.6970823295869955	0.7184814790394338
SKCM	T cell CD4+ effector memory	XCELL	102	-0.11173777568101731	-0.3104191040745874	0.09629717483045053	0.2635270554514172	-0.11251481067872719	0.2626087516674364	0.43102884683990117	0.43323980710201593
SKCM	T cell CD8+ naive	XCELL	102	-0.15546135287671273	-0.35008011981975445	0.05202356797549957	0.11870454445123173	-0.15894361292943662	0.11237890708599603	0.24098755331464117	0.23224182172634486
SKCM	T cell CD8+	XCELL	102	-0.21564887320180834	-0.4035573308432588	-0.010285057358223673	0.02949658199128368	-0.24639518578100167	0.012997436147773246	0.0832719390512052	0.04310430478184342
SKCM	T cell CD8+ central memory	XCELL	102	-0.25084221008521657	-0.43424323389090613	-0.047472840712765266	0.01099194488538852	-0.28542185430791733	0.0038135212478603913	0.03833943309711785	0.01570790102744404
SKCM	T cell CD8+ effector memory	XCELL	102	0.029552387248788642	-0.1773466377197993	0.23394970970262746	0.7681081292585394	0.02670762766498772	0.790921126688514	0.8585771256148912	0.8740818556676342
SKCM	Class-switched memory B cell	XCELL	102	-0.12435245769197598	-0.3219331339070285	0.08360773797027013	0.21303631521803873	-0.1389959138893469	0.16567263397452237	0.3690615828544667	0.3083198471396394
SKCM	Common lymphoid progenitor	XCELL	102	0.5312942655053048	0.36543464889637367	0.6644555963505913	9.188222468899467e-09	0.5669371859347829	6.384965983065482e-10	1.7355531330143437e-07	1.6827655813657704e-08
SKCM	Common myeloid progenitor	XCELL	102	-0.059287051374467714	-0.26191140011142666	0.14834342353000837	0.5539099739125004	-0.05631256681055054	0.5759337402156418	0.7058440921518887	0.7224577876943085
SKCM	Myeloid dendritic cell	XCELL	102	-0.3342600611842723	-0.5053159017337095	-0.1379289096969584	0.0005956819680287341	-0.3772493069300529	0.00010073011396473239	0.0032712310322926272	0.0006946291809560911
SKCM	Endothelial cell	XCELL	102	-0.2529908128853628	-0.43610296555927197	-0.049761615217326687	0.010303601735687753	-0.3031749853465033	0.002057385110143952	0.03636018302034216	0.009353925326352154
SKCM	Eosinophil	XCELL	102	-0.1800231118573379	-0.37205778988076743	0.0267898334284123	0.07020913786348616	-0.20057241658784566	0.04431240207194354	0.16311213847072542	0.1151501630986631
SKCM	Cancer associated fibroblast	XCELL	102	0.3563666631883903	0.16246256914121884	0.5237697769254184	0.0002367042190025011	0.3674936376649535	0.00015653099597697046	0.0015122769547382014	0.0010303639634174318
SKCM	Granulocyte-monocyte progenitor	XCELL	102	0.08206265145172016	-0.12588386456955408	0.28310134151235283	0.4122378347120687	0.0932010812045091	0.3539160278957758	0.5846390764324224	0.5299596972617192
SKCM	Hematopoietic stem cell	XCELL	102	-0.12763322693512436	-0.32491810441774766	0.08029643854831962	0.20111508699515762	-0.18610726287923146	0.06240760603773269	0.35469553006362936	0.14786133667502227
SKCM	Macrophage	XCELL	102	-0.2745200041854224	-0.4546516854347545	-0.07281379708878555	0.005235066170848339	-0.29098995868751965	0.0031554190195496805	0.02061340254583787	0.01336694297555715
SKCM	Macrophage M1	XCELL	102	-0.29767852145703044	-0.4744312484996899	-0.09785352190662175	0.002377186998424064	-0.3333321779813676	0.0006587133244381633	0.010659175646603314	0.0035722178898102896
SKCM	Macrophage M2	XCELL	102	-0.39302410186262354	-0.5540278101952134	-0.20367993197346454	4.386395793311238e-05	-0.39984616663583283	3.434390607539979e-05	0.00034788656291778785	0.00028151923009394795
SKCM	Mast cell	XCELL	102	0.3891772375017989	0.19932279195722769	0.5508723580255123	5.2854086553921087e-05	0.4023576751164116	3.0323951191987308e-05	0.00040841794155302663	0.00025334754094160337
SKCM	B cell memory	XCELL	102	-0.3106433997397544	-0.48542709901273395	-0.11198290226711828	0.0014845778683298502	-0.3176937061911291	0.0012064922364789165	0.007061678181471672	0.005978941247950017
SKCM	Monocyte	XCELL	102	-0.20324667981986874	-0.39264188548073087	0.0026859989710187977	0.04047878173949581	-0.2170064248126425	0.029273232555538226	0.10723037710123891	0.08187291794860835
SKCM	B cell naive	XCELL	102	-0.08185000353902855	-0.2829044018922994	0.12609455221736945	0.4134542895859328	-0.09366637106065454	0.3515077996735014	0.5850909418317036	0.5273965835469648
SKCM	Neutrophil	XCELL	102	0.02069406072992445	-0.1859181298656119	0.22555368663941755	0.8364425151704252	0.008324664680403318	0.9341521849263926	0.9039497607286795	0.9612050797030424
SKCM	NK cell	XCELL	102	0.20873056289609035	0.003040885043582276	0.3974749620417526	0.035261424369552506	0.205061161997326	0.039676394071128614	0.09574456200343771	0.1049625851272753
SKCM	T cell NK	XCELL	102	-0.43504541972065386	-0.5881978075295996	-0.25176877744513604	4.893478186722012e-06	-0.4253694246795494	9.241107688377001e-06	5.117457327149631e-05	8.748845293354497e-05
SKCM	Plasmacytoid dendritic cell	XCELL	102	-0.3917801234948768	-0.5530079228552777	-0.20227012236220115	4.660165951257091e-05	-0.39100501794180526	5.281331807346886e-05	0.00036515528796423295	0.0004058387708156218
SKCM	B cell plasma	XCELL	102	-0.11304145815148438	-0.3116117452807604	0.09498889243838918	0.25796144784680425	-0.10740945770652784	0.28501925755912016	0.42432867525494516	0.45707460115446424
SKCM	T cell gamma delta	XCELL	102	-0.06822470588393546	-0.27025016212111613	0.13955525050218784	0.4956575270763497	-0.06679733598766788	0.5068882150045213	0.6594150836572056	0.6718939547677367
SKCM	T cell CD4+ Th1	XCELL	102	-0.5138592027141645	-0.6508444744409221	-0.3444710627436517	3.320671062635523e-08	-0.5068776099512933	6.347100826349439e-08	5.694659585484603e-07	1.0651143446792407e-06
SKCM	T cell CD4+ Th2	XCELL	102	0.4182630137839898	0.23245396726953463	0.5746163208030184	1.217254782798747e-05	0.43550741761503947	5.322428861424128e-06	0.00011147851182872256	5.447826400044067e-05
SKCM	T cell regulatory (Tregs)	XCELL	102	0.09999884980252605	-0.10804523230546624	0.2996517952690538	0.317309992277357	0.13563429255696563	0.1762475522450104	0.4921388614853098	0.3232307360590951
SKCM	immune score	XCELL	102	-0.3638496922556463	-0.5299809749575966	-0.17082182128947807	0.0001705178392029762	-0.3971513494212093	3.920830965129604e-05	0.0011281298668081843	0.00031375549046913116
SKCM	stroma score	XCELL	102	-0.18304630470230832	-0.3747481183495061	0.023665605971004214	0.06555060608212622	-0.22887635352617217	0.021324049980821245	0.15416243579421218	0.06393944434433364
SKCM	microenvironment score	XCELL	102	-0.4145252628649226	-0.5715797024928104	-0.22817206629972556	1.4814485503244198e-05	-0.4659204610017268	9.106082830160524e-07	0.00013255065976586916	1.1635550282982892e-05
SKCM	B cell	EPIC	102	-0.015284095888961596	-0.2204110490642438	0.19113749742976	0.8788176285556374	-0.0455904985144778	0.6507566602183013	0.9271929108614523	0.7771712099735973
SKCM	Cancer associated fibroblast	EPIC	102	0.10367513804073654	-0.10437232281739876	0.30302928024101616	0.29975433188919093	0.05031368162513078	0.617308182226532	0.4712699180229788	0.7501908402029371
SKCM	T cell CD4+	EPIC	102	0.4334451980645029	0.2499207695309697	0.5869065124018952	5.3489717260790655e-06	0.436888214031381	4.930309741569581e-06	5.518332308435131e-05	5.1133981669859584e-05
SKCM	T cell CD8+	EPIC	102	0.09332176047037448	-0.11470169119574083	0.29350458424333564	0.35085838224219096	0.06306871109285053	0.5309428185759029	0.5292655380273791	0.688444727479351
SKCM	Endothelial cell	EPIC	102	-0.06124947342553903	-0.2637449204253871	0.1464166284033829	0.5408420843504457	-0.11184675916627554	0.26547106773957424	0.6965390480270892	0.436131039857872
SKCM	Macrophage	EPIC	102	-0.10043511327404211	-0.30005286175988094	0.10760966658450284	0.3151926363555966	-0.16108058783658147	0.10756888742995988	0.4898263943364001	0.22491676462627974
SKCM	NK cell	EPIC	102	-0.3842171777872925	-0.5467969551154751	-0.19371585226163401	6.699013321469048e-05	-0.41609844902059456	1.507282384413198e-05	0.0004979684807403798	0.00013642301210776864
SKCM	uncharacterized cell	EPIC	102	-0.10119281540098288	-0.30074926610776914	0.10685298645433843	0.3115369953212755	0.11758592465978397	0.2415656742100323	0.48510937941305743	0.4053741571507409
STAD	B cell	TIMER	413	-0.1990390061995817	-0.29527487082184734	-0.09880483330380138	4.630783359362471e-05	-0.18553731219560493	0.00015217709045092095	0.0003635815850423145	0.0010033936318096137
STAD	T cell CD4+	TIMER	413	-0.05461930606348645	-0.15599307859632988	0.04789307824436831	0.2680959298219172	-0.013857807049845978	0.7791387024448667	0.4362276677501857	0.8670676000091143
STAD	T cell CD8+	TIMER	413	-0.010605283205030555	-0.1127279713394725	0.09173911602800228	0.829862717879825	0.025242737659917365	0.6094236504096756	0.9001279152261682	0.7434088999767916
STAD	Neutrophil	TIMER	413	0.013589407569968825	-0.08877886921964954	0.11567360828732616	0.7830511329401674	0.08001452600788224	0.10484955168178647	0.8673455891773525	0.22100363723762
STAD	Macrophage	TIMER	413	-0.039036762064922695	-0.14072002787984775	0.06346145549715927	0.4288168305213449	0.019430452851373316	0.6941466716621577	0.5983846564377082	0.810667110573189
STAD	Myeloid dendritic cell	TIMER	413	-0.01605841256300083	-0.11810941293542282	0.0863282522043376	0.7448954718129739	0.04037508528529188	0.4137180668544761	0.8466689810432348	0.5878043755090848
STAD	B cell naive	CIBERSORT	413	0.03298746039451036	-0.06949184489783204	0.13477780493962696	0.5037924437100485	0.034657371684538335	0.4829652709565868	0.665932540536271	0.6513950360263037
STAD	B cell memory	CIBERSORT	413	-0.2976807546409073	-0.3881129381838601	-0.2015709135123241	6.755209520289432e-10	-0.28841314070986707	2.468115357744975e-09	1.749196637372959e-08	5.676665322813442e-08
STAD	B cell plasma	CIBERSORT	413	-0.04142648732387923	-0.1430654356687403	0.06107713710387192	0.40107965168247073	-0.04500892208077548	0.3621544186015295	0.5751622105869603	0.5382074407951275
STAD	T cell CD8+	CIBERSORT	413	-0.15266711604269334	-0.25099416152600973	-0.05122173534857381	0.0018619171808997156	-0.14759420657893707	0.002671593306912527	0.008682508014137702	0.01161923217798821
STAD	T cell CD4+ naive	CIBERSORT	413	0.019421875612171055	-0.08298784384048884	0.12142567311905161	0.6939206874740689	0.02590579710626665	0.600055526107066	0.8142946842807951	0.7370375706364234
STAD	T cell CD4+ memory resting	CIBERSORT	413	0.011304088822707807	-0.09104606408888069	0.11341792518071946	0.818839939652596	0.004844702175789703	0.9219017058543286	0.892574341801408	0.954870376129914
STAD	T cell CD4+ memory activated	CIBERSORT	413	0.17649477117451234	0.07561436165784276	0.27379880481121044	0.0003130433723239735	0.17196941319190598	0.00045464337439900124	0.0019154923095254092	0.0026095341736519445
STAD	T cell follicular helper	CIBERSORT	413	0.19174524595803957	0.09129006244529687	0.288337322288068	8.805113367215375e-05	0.17992584070282142	0.0002416014262608739	0.000630309083219329	0.0015042381794267785
STAD	T cell regulatory (Tregs)	CIBERSORT	413	-0.14823428512871398	-0.24673957321881695	-0.046697112882199174	0.002527351135226138	-0.15619055682885563	0.0014715844443860735	0.011128704631210871	0.007112354978429602
STAD	T cell gamma delta	CIBERSORT	413	-0.07315849592302225	-0.17410112789671867	0.029305635891713182	0.13774535149089928	-0.07271681170247388	0.1406278759590478	0.2693555721269478	0.2760316239959221
STAD	NK cell resting	CIBERSORT	413	0.28695628327023237	0.19029456909822656	0.37810759643727504	2.8618636673698596e-09	0.2838264057361277	4.502752865626929e-09	6.04858753481954e-08	9.726941273260381e-08
STAD	NK cell activated	CIBERSORT	413	-0.22610662877923224	-0.320932160464975	-0.1267929370425537	3.461471236248278e-06	-0.22733490491291647	3.1383694194435603e-06	3.6778131885137955e-05	3.408617897228978e-05
STAD	Monocyte	CIBERSORT	413	-0.1043961005611401	-0.20445863810307094	-0.0021743867293536096	0.033926202127809515	-0.09263789770312142	0.06028921211495448	0.09282816677378251	0.14426610732525827
STAD	Macrophage M0	CIBERSORT	413	0.2632152102666577	0.16542219860617724	0.3558824751705698	5.667733426012544e-08	0.2605616258108187	8.062760703428074e-08	9.157370948640102e-07	1.3472390748035798e-06
STAD	Macrophage M1	CIBERSORT	413	0.1263609846956836	0.024431713622884883	0.22569004458840314	0.010155574693447732	0.13109093987623063	0.00771538352932752	0.035967660372627386	0.028010352460232688
STAD	Macrophage M2	CIBERSORT	413	0.01888821185541477	-0.08351800327101873	0.12089965074938872	0.7019239999521978	0.032529577778926316	0.5102512527704524	0.8199948729647725	0.6749263864453547
STAD	Myeloid dendritic cell resting	CIBERSORT	413	-0.03458966763055319	-0.13635236458923797	0.06789537554385619	0.4832877981592096	-0.03118295607954305	0.5279258707629438	0.6488279812685861	0.6871059425144689
STAD	Myeloid dendritic cell activated	CIBERSORT	413	-0.08653503043530744	-0.1871243211145474	0.01585013101264007	0.0789918351252652	-0.09236155714719448	0.06106225915355577	0.17904815961726778	0.14546137184232344
STAD	Mast cell activated	CIBERSORT	413	-0.24393834560568695	-0.337759065435115	-0.1453178616899919	5.210415632725233e-07	-0.2326541589533103	1.8089222463925053e-06	6.813620442794536e-06	2.098779223559257e-05
STAD	Mast cell resting	CIBERSORT	413	0.12093236869356566	0.018921403389311	0.2204514709899678	0.013923958155529215	0.10585446520184535	0.031704101322581626	0.04582716867686804	0.08711386941060728
STAD	Eosinophil	CIBERSORT	413	0.0457801835061667	-0.05673028228145151	0.14733546013279009	0.35339195066476625	0.045450955512624354	0.357454490421764	0.5308064170194151	0.5332495450397167
STAD	Neutrophil	CIBERSORT	413	0.01272259034851419	-0.08963893697121607	0.11481815573714207	0.7965764051372757	0.010401035099698013	0.8332913235370571	0.8768619775018998	0.8980789772599519
STAD	B cell naive	CIBERSORT-ABS	413	0.0281257469437679	-0.07433293655794528	0.12999683628638709	0.5687027251841359	0.050613376426102405	0.30542215633553566	0.7191551279010256	0.4801771738126033
STAD	B cell memory	CIBERSORT-ABS	413	-0.2807592304847964	-0.37231636344992486	-0.18379022743196946	6.4140797313313584e-09	-0.27073646704311005	2.360466195763486e-08	1.2539525874752807e-07	4.4159917825048947e-07
STAD	B cell plasma	CIBERSORT-ABS	413	-0.021257004945769258	-0.12323408858303381	0.08116432245721729	0.6666627022950763	-0.012008038805602044	0.8080016767987089	0.7922951872260634	0.8814973650343058
STAD	T cell CD8+	CIBERSORT-ABS	413	-0.08811212314345394	-0.18865742828879212	0.014261280148867825	0.07366264501282262	-0.062443177385170044	0.2059280232624465	0.16922499529972762	0.36187800941850146
STAD	T cell CD4+ naive	CIBERSORT-ABS	413	0.019421875612171055	-0.08298784384048884	0.12142567311905161	0.6939206874740689	0.02590579710626665	0.600055526107066	0.8142946842807951	0.7370375706364234
STAD	T cell CD4+ memory resting	CIBERSORT-ABS	413	0.03088227290453317	-0.07158869555677971	0.1327081626728842	0.5314139450562505	0.08265647830498506	0.09383342016499403	0.6898501079581473	0.20366312113207793
STAD	T cell CD4+ memory activated	CIBERSORT-ABS	413	0.1799341466383799	0.07914528725291171	0.277081503580721	0.0002372408195121052	0.17889197972142892	0.00026268947285549275	0.001513232633429578	0.0016277588571552719
STAD	T cell follicular helper	CIBERSORT-ABS	413	0.16193159381251723	0.06069152093450355	0.25987386764343856	0.0009576293959480446	0.1783898955255242	0.00027353974792724493	0.00485646036077413	0.0016790273381405458
STAD	T cell regulatory (Tregs)	CIBERSORT-ABS	413	-0.11633310118001407	-0.2160087153860011	-0.014257766569084224	0.018028234978536783	-0.09902399511455862	0.044558299963491026	0.056938932767430395	0.1153794389783112
STAD	T cell gamma delta	CIBERSORT-ABS	413	-0.07322407720864116	-0.17416506310325416	0.029239757896013525	0.13739190099941762	-0.07270248313322379	0.14070633577812733	0.26913944534455053	0.2760470511251771
STAD	NK cell resting	CIBERSORT-ABS	413	0.28862036623680226	0.19204261430737224	0.3796614912663026	2.2965026653811564e-09	0.2888420083597436	2.3318984997396467e-09	5.016382917117498e-08	5.427216151179773e-08
STAD	NK cell activated	CIBERSORT-ABS	413	-0.19614089610025964	-0.29251951278173177	-0.095817537184583	5.9946963329504564e-05	-0.18351097537174949	0.00018010390980135115	0.00045513131382206377	0.0011717242717525509
STAD	Monocyte	CIBERSORT-ABS	413	-0.08662798355271698	-0.18721469533631704	0.01575649921234923	0.0786692998185257	-0.061537605187675454	0.21259425033564902	0.17842051176939414	0.36944156391661676
STAD	Macrophage M0	CIBERSORT-ABS	413	0.27017531243403764	0.17270109360731883	0.3624090289973363	2.4324519029323784e-08	0.2945586448104003	1.0841475281082886e-09	4.2459316698507143e-07	2.7348495709054248e-08
STAD	Macrophage M1	CIBERSORT-ABS	413	0.12437632207199319	0.02241646567405274	0.22377552600796555	0.011412924498764373	0.16318931240188436	0.000885356858858487	0.03945582209563988	0.004591174161984992
STAD	Macrophage M2	CIBERSORT-ABS	413	0.02783984548873444	-0.07461747504857341	0.1297155356128184	0.5726404148539523	0.09390848853711144	0.056838129689488544	0.7208797895346765	0.13769336250675354
STAD	Myeloid dendritic cell resting	CIBERSORT-ABS	413	-0.022852560037896288	-0.12480586703349682	0.07957830247419417	0.643312909180502	-0.01460297707215437	0.7675941817407578	0.7749919905705922	0.8602158929797544
STAD	Myeloid dendritic cell activated	CIBERSORT-ABS	413	-0.0787548309607285	-0.17955393527739652	0.0236807764943747	0.11001639497032284	-0.0779927328622529	0.11395159946340629	0.2286890506825956	0.23437704045340274
STAD	Mast cell activated	CIBERSORT-ABS	413	-0.22726151956860755	-0.3220237895714587	-0.12799062975094885	3.0758184218019205e-06	-0.2144921443215668	1.1246519725166423e-05	3.3222237649849474e-05	0.00010445105017909908
STAD	Mast cell resting	CIBERSORT-ABS	413	0.12839068935358036	0.026493554922328237	0.22764722004723328	0.00899831765183381	0.12339896572744727	0.012186313299834784	0.032487000940600363	0.040935124572469075
STAD	Eosinophil	CIBERSORT-ABS	413	0.04577472183074588	-0.056735737810206396	0.14733010579325773	0.3534494433544361	0.045626745839327576	0.3555960785881687	0.5308064170194151	0.5314910807644265
STAD	Neutrophil	CIBERSORT-ABS	413	0.019741023160914827	-0.08267076428653086	0.12174022350575309	0.6891505904199082	0.02297273617614634	0.6419742310858172	0.8106477202229224	0.7702114892744845
STAD	B cell	QUANTISEQ	413	-0.20289123320618976	-0.29893487245725053	-0.10277840682220947	3.2667923145954364e-05	-0.18838240507131793	0.0001197574683879043	0.0002706177531794101	0.0008143507850377493
STAD	Macrophage M1	QUANTISEQ	413	0.1378441429685983	0.03610812275983717	0.2367523113101227	0.005012314196789611	0.15571494834856875	0.0015221585274105842	0.01981612589428451	0.007293676277175715
STAD	Macrophage M2	QUANTISEQ	413	-0.09890684218293054	-0.1991379386473797	0.0033721829405908973	0.04455193064740879	-0.0671946532132918	0.17341966033728576	0.11566935513371074	0.3198447509050884
STAD	Monocyte	QUANTISEQ	413	-0.117721641553694	-0.21735043916430222	-0.015665272495962976	0.016690150337447793	-0.10981777288532323	0.0258118675510248	0.05322878288696645	0.0742091192091963
STAD	Neutrophil	QUANTISEQ	413	0.2273479968473617	0.12808032365611444	0.3221055197279969	3.048656895118244e-06	0.23506100076473793	1.4036580364747302e-06	3.3020078836322255e-05	1.7150946633175608e-05
STAD	NK cell	QUANTISEQ	413	0.2890531973985417	0.19249738465835786	0.38006557811644004	2.1682211854782034e-09	0.3009660111646203	4.502234294327532e-10	4.7627779973144805e-08	1.2426858955544845e-08
STAD	T cell CD4+ (non-regulatory)	QUANTISEQ	413	-0.08497280057930656	-0.18560517900333734	0.0174234986026508	0.08457469028960628	-0.07549961913027765	0.1260159121361116	0.1879198928106864	0.2531974390812931
STAD	T cell CD8+	QUANTISEQ	413	-0.04775428413785256	-0.1492703748361972	0.05475800227051852	0.3329980523703178	-0.027556366749370256	0.5770221432775362	0.509797331545788	0.7233589548621887
STAD	T cell regulatory (Tregs)	QUANTISEQ	413	0.1411587495187705	0.03948368511379483	0.23994066533541267	0.004048012083556518	0.21045043085119583	1.6546214825070703e-05	0.016643246316199775	0.0001480450800137905
STAD	Myeloid dendritic cell	QUANTISEQ	413	-0.034372810405099534	-0.13613927951928953	0.06811148686711373	0.4860364054750866	-0.027327042474579538	0.5801973702925485	0.6515453090151978	0.7253081302231633
STAD	uncharacterized cell	QUANTISEQ	413	-0.044096371257675404	-0.14568445710380928	0.058411909608977804	0.3713952318409347	-0.12149100796623354	0.013600211473493587	0.5477815375335332	0.04461143193067108
STAD	T cell	MCPCOUNTER	413	-0.0428817993244397	-0.14449319982563635	0.059624544460857354	0.3847269463237822	-0.016407385384753004	0.7398559802034567	0.5615089063553521	0.8404523191735954
STAD	T cell CD8+	MCPCOUNTER	413	-0.005147621593896622	-0.10733605185232954	0.0971484325650666	0.9169347225765555	0.014881079594895616	0.7632986677571574	0.9532610383606307	0.8571217090552801
STAD	cytotoxicity score	MCPCOUNTER	413	0.030250847432219913	-0.07221744397548141	0.13208722540227164	0.5398453275831661	0.061799505501770435	0.2106505498267183	0.6959430368777381	0.3673700489841519
STAD	NK cell	MCPCOUNTER	413	-0.0396776631704149	-0.14134915548910246	0.0628221192654846	0.4212709619760946	-0.013662927438911517	0.7821660080816113	0.5918025643443927	0.8690388799707678
STAD	B cell	MCPCOUNTER	413	-0.20094036485877445	-0.29708170513553916	-0.1007656860227602	3.901402634306605e-05	-0.1872090799604025	0.0001322504084836525	0.00031323376386322024	0.0008884864212561534
STAD	Monocyte	MCPCOUNTER	413	0.1129342371474713	0.01081418485191921	0.21272285958655845	0.021705233939680553	0.19362537882337538	7.630372910662974e-05	0.06619927044005536	0.0005478194725076829
STAD	Macrophage/Monocyte	MCPCOUNTER	413	0.1129342371474713	0.01081418485191921	0.21272285958655845	0.021705233939680553	0.19362537882337538	7.630372910662974e-05	0.06619927044005536	0.0005478194725076829
STAD	Myeloid dendritic cell	MCPCOUNTER	413	-0.1713798474068403	-0.2689126890059831	-0.07036796228663254	0.00046839325444201563	-0.15976726490818688	0.0011379444693192672	0.0026987017313680347	0.005682455779103876
STAD	Neutrophil	MCPCOUNTER	413	0.34704382901212544	0.2538047800448003	0.43389273258388106	3.9229777816516585e-13	0.37570975652528116	2.92736703439174e-15	1.7043159029175537e-11	1.7609238622264159e-13
STAD	Endothelial cell	MCPCOUNTER	413	-0.0015021171538951439	-0.10373110890380442	0.10075828086439181	0.9757208311751552	0.06857147332241963	0.1647549767560638	0.9865705844051866	0.3074584624470449
STAD	Cancer associated fibroblast	MCPCOUNTER	413	-0.08014582017760122	-0.18090828978649595	0.022281690379399945	0.10385688732166962	-0.02870434279078871	0.5612511853334573	0.21855781992880957	0.7115410706488672
STAD	Myeloid dendritic cell activated	XCELL	413	-0.2028373472848191	-0.2988836949117318	-0.10272280143170341	3.2829255665267535e-05	-0.1911814166032383	9.428575608585026e-05	0.0002709889315605351	0.0006559738546186379
STAD	B cell	XCELL	413	-0.13463477741278349	-0.23366315839543234	-0.032841947372496495	0.00613838568984321	-0.11939616241227737	0.015317077936632601	0.02341569565588971	0.048889612026313034
STAD	T cell CD4+ memory	XCELL	413	0.17257417680234363	0.07159249121268936	0.27005404139306477	0.00042675724280379345	0.1802284674133652	0.00023573471327031247	0.0024979353583275935	0.0014794907365761184
STAD	T cell CD4+ naive	XCELL	413	-0.15973800242045857	-0.2577728759302408	-0.05844766995946748	0.001124534048329107	-0.1412569683872278	0.004067092974863575	0.005516848342492858	0.016596959382136633
STAD	T cell CD4+ (non-regulatory)	XCELL	413	0.09206292491721525	-0.0102787518043759	0.1924958906844418	0.061589357790096035	0.10276831535113994	0.03705523193600423	0.14723204040179622	0.09896581753400037
STAD	T cell CD4+ central memory	XCELL	413	0.010045170669578322	-0.09229454525033627	0.11217488264377559	0.8387220496215205	-0.001962432844363811	0.9683226925319763	0.9046629555917642	0.9811061425078386
STAD	T cell CD4+ effector memory	XCELL	413	-0.06656170330756848	-0.1676655623599228	0.035927729486461425	0.17698664937079908	-0.06974722381983102	0.15761627815481724	0.32413011664628777	0.2978635319407131
STAD	T cell CD8+ naive	XCELL	413	-0.0019026856863735909	-0.10412735192963582	0.10036176185923412	0.96924918074963	-0.012092653841091391	0.8066753558705249	0.9835879306335461	0.8807876686550551
STAD	T cell CD8+	XCELL	413	-0.18539301581218615	-0.2822870483483232	-0.08475465912727265	0.00015118808086197032	-0.17283086911793955	0.00042511742357529574	0.001013971520017674	0.002454325544692264
STAD	T cell CD8+ central memory	XCELL	413	-0.14370925037231855	-0.24239256834070272	-0.042082670656806785	0.003423895121753338	-0.1271104900830949	0.009802872804663526	0.014387268988349676	0.0341311065594251
STAD	T cell CD8+ effector memory	XCELL	413	0.02128048369510556	-0.08114098777747132	0.12325722116635135	0.6663166934774529	0.024365848811063847	0.6219113283743082	0.7921247404976713	0.7547092780706223
STAD	Class-switched memory B cell	XCELL	413	-0.09475221365567478	-0.19510695377090323	0.007566008499566987	0.054343657928417145	-0.07913103616648927	0.10875363745664404	0.1353399378981599	0.22690860323131173
STAD	Common lymphoid progenitor	XCELL	413	0.13662313768043985	0.03486524793004465	0.23557727664276268	0.0054167170613245354	0.11371542122962797	0.02096292819253654	0.021073993741073566	0.06309857523696526
STAD	Common myeloid progenitor	XCELL	413	-0.09919485349777041	-0.19941725295573967	0.0030813209570301906	0.04393198610352996	-0.0906612364620721	0.06600073533090331	0.11451604377653476	0.15499271780410326
STAD	Myeloid dendritic cell	XCELL	413	-0.14890037776520218	-0.24737912502425813	-0.047376732545294925	0.0024151768770599496	-0.12782151647650625	0.009396728502404616	0.010804738660531353	0.032981336126034155
STAD	Endothelial cell	XCELL	413	-0.17632065956153387	-0.27363256433770705	-0.07543568275177029	0.00031742534503012923	-0.1618774716100901	0.0009753393288272036	0.0019267964108893568	0.004972068807971794
STAD	Eosinophil	XCELL	413	-0.04056369456811764	-0.14221877506620048	0.06193811270559178	0.410967839711561	-0.025468074826554325	0.6062326761984894	0.5837667685581526	0.7405091421231157
STAD	Cancer associated fibroblast	XCELL	413	-0.2874987494209696	-0.3786141993354314	-0.19086433835611835	2.664152998028239e-09	-0.31805417811879894	3.880740256585622e-11	5.6922613236559645e-08	1.27510037002099e-09
STAD	Granulocyte-monocyte progenitor	XCELL	413	-0.1445496209290163	-0.24320017564592894	-0.0429393178968374	0.0032382289274709426	-0.12955035588338001	0.008470940276323969	0.013795874824390358	0.03019268594387121
STAD	Hematopoietic stem cell	XCELL	413	-0.41534401821586425	-0.4965039968974722	-0.3269851120331885	1.1792786153097393e-18	-0.4511724695281705	4.717022153152853e-22	1.0723207874095538e-16	6.830946895862095e-20
STAD	Macrophage	XCELL	413	-0.04022854851760386	-0.14188985532503717	0.062272511762347785	0.4148474016813963	-0.015729349156923762	0.7502417632788925	0.5860538566960468	0.8469747251414844
STAD	Macrophage M1	XCELL	413	-0.0410340557170064	-0.14268036003338674	0.06146876111104745	0.405559416669385	-0.012327488365489194	0.8029972914228323	0.5789475425985015	0.8798671037518219
STAD	Macrophage M2	XCELL	413	-0.07031415856462182	-0.17132736379101063	0.032161985670393085	0.15375650407305327	-0.0525389832267614	0.28736503893451437	0.2922644292297707	0.4591733969080308
STAD	Mast cell	XCELL	413	0.21521438847151814	0.1155112414925739	0.3106241579416457	1.0231319170024644e-05	0.2230154724425501	4.861980479642147e-06	9.686309432154082e-05	5.069424980106878e-05
STAD	B cell memory	XCELL	413	-0.16915869665154942	-0.26678933344229255	-0.06809145730907465	0.0005560312833144523	-0.15915397525468877	0.0011896849008646228	0.0031014013092147056	0.005910632734918266
STAD	Monocyte	XCELL	413	-0.1003407095545537	-0.20052834661860067	0.001923952074392714	0.041536928005277945	-0.07663282288815124	0.12041477365846219	0.10958269610958846	0.2442021602720888
STAD	B cell naive	XCELL	413	0.06838201640533616	-0.03410133353955196	0.16944224783987502	0.16541159403356273	0.08064147705216948	0.10214696721987086	0.30754128990548274	0.21644114380011462
STAD	Neutrophil	XCELL	413	-0.01945738294564944	-0.12146066999990614	0.08295256761058988	0.6933893798266725	-0.023080625014425548	0.640410885303708	0.8142946842807951	0.7688076639660726
STAD	NK cell	XCELL	413	0.05240138446488116	-0.05011202770414033	0.1538221630173722	0.28804305943622843	0.053769077325300625	0.27621342020150264	0.4567106092439794	0.4486890207677089
STAD	T cell NK	XCELL	413	-0.1385320994852391	-0.23741423897628888	-0.0368085399762895	0.004796635721898775	-0.13369943853815938	0.006572372974712804	0.01907919193552819	0.024567519750622123
STAD	Plasmacytoid dendritic cell	XCELL	413	0.03246607129247797	-0.0700112536046039	0.134265302008832	0.5105623712654535	0.03080996231073391	0.5328758779507893	0.6721545022383579	0.6894998039529631
STAD	B cell plasma	XCELL	413	-0.10239550850276417	-0.20252016285040572	-0.0001521785507737847	0.037517657777175376	-0.11367088171700598	0.02101352721749026	0.10054423708619309	0.06320222416952839
STAD	T cell gamma delta	XCELL	413	0.1750818138098036	0.0741645266336133	0.27244955574802787	0.00035029508153353685	0.16702083180668403	0.0006645745419504073	0.0021006959644112406	0.0035990117161026213
STAD	T cell CD4+ Th1	XCELL	413	0.11758766723454349	0.015529450639735529	0.21722099838670028	0.01681535573900023	0.0945237252974152	0.055226864325320375	0.0534971854674458	0.13538372383197658
STAD	T cell CD4+ Th2	XCELL	413	0.2755696625544334	0.17834985332602232	0.36746114778810346	1.2418492656743284e-08	0.2669936761011688	3.7310903739073716e-08	2.3012467435007696e-07	6.66144445752412e-07
STAD	T cell regulatory (Tregs)	XCELL	413	0.08970107324164958	-0.012659960497819069	0.19020156667533183	0.06859336405238424	0.09645818263208286	0.050405926596647874	0.1603108508337253	0.12650011103523312
STAD	immune score	XCELL	413	-0.19150222106538167	-0.28810599150568533	-0.09103987037838983	8.992044250502989e-05	-0.1758256368225942	0.000335785834459687	0.0006415856390413629	0.0020044620041792006
STAD	stroma score	XCELL	413	-0.29288563835807774	-0.38364199174788755	-0.19652589326110914	1.2978342212962818e-09	-0.3476354507783611	3.79901826445754e-13	3.132427040289174e-08	1.7073748751757448e-11
STAD	microenvironment score	XCELL	413	-0.2928069745387949	-0.3835686104434436	-0.19644317228599756	1.3116791118369456e-09	-0.33116362274199457	5.309928221082667e-12	3.146420446185557e-08	1.9586622023050216e-10
STAD	B cell	EPIC	413	-0.23972455961546968	-0.33378812907010624	-0.14093401644895698	8.262266203882901e-07	-0.22869091270552408	2.7305388297613175e-06	1.0454841701353444e-05	2.9989906810018965e-05
STAD	Cancer associated fibroblast	EPIC	413	0.015309142626347643	-0.08707207290508799	0.11737034809332594	0.7564136111847234	0.13509717058727078	0.006024532381640287	0.8515914827907483	0.022958987926134038
STAD	T cell CD4+	EPIC	413	0.16775086659622507	0.06664908686438092	0.26544299788022735	0.0006192153447700077	0.20079259128277668	4.0406120601280616e-05	0.003374131862414437	0.00032176768136661345
STAD	T cell CD8+	EPIC	413	0.007364513478767499	-0.09495190697214721	0.10952696458757624	0.8813855539235295	-0.009698934238022837	0.8443962156163968	0.9286492901754244	0.9064247340004716
STAD	Endothelial cell	EPIC	413	-0.14075585553987247	-0.23955323122537986	-0.03907325795752439	0.004155510890978908	-0.11817369965038123	0.01640444305387022	0.01694269821035196	0.051678354647215645
STAD	Macrophage	EPIC	413	-0.07706492985719438	-0.17790802711641812	0.02537997477230598	0.11788241653070355	-0.04606575759603708	0.35098153309521235	0.24031295549272727	0.5270114417827497
STAD	NK cell	EPIC	413	-0.11168338136826375	-0.2115130248844878	-0.009547481446503837	0.023213588502166014	-0.09629281239894404	0.05080383060370472	0.06981933157189932	0.1270908366349875
STAD	uncharacterized cell	EPIC	413	0.07724200524633862	-0.025201952943405787	0.1780805191961874	0.11703810860258494	-0.02193240223304826	0.6571293539720361	0.23934048359629034	0.7823921358193243
TGCT	B cell	TIMER	148	-0.010579816907717195	-0.18109281858021858	0.16055069150489368	0.89844869099196	-0.04751805479483921	0.5676400971909417	0.9404408815826233	0.7171660403616743
TGCT	T cell CD4+	TIMER	148	-0.3998933874293415	-0.5342358294912382	-0.24584895569496615	4.768993980262688e-07	-0.2721989070814667	0.0008521690263722439	6.299583264468618e-06	0.004442641190820631
TGCT	T cell CD8+	TIMER	148	0.25467818181145124	0.08765151863172632	0.4077764334065485	0.0017859401882452301	0.19033001625305976	0.02093924133221886	0.008382984557069447	0.06307583482971937
TGCT	Neutrophil	TIMER	148	-0.13891840066336714	-0.3025776851940753	0.03269793454087061	0.09220863882026954	-0.04428006625475738	0.594348283003285	0.19986672748822365	0.7334703881298871
TGCT	Macrophage	TIMER	148	0.27910267182913734	0.11368298307968751	0.4294652345335353	0.0005921931085639606	0.26631919367780643	0.0011122615468555526	0.003261232471105755	0.005582724837233903
TGCT	Myeloid dendritic cell	TIMER	148	-0.03252793952698076	-0.20224437022914737	0.13908528861903663	0.6947124007805925	0.0015920458328751476	0.9847312101792053	0.8147346991757999	0.9900486067885557
TGCT	B cell naive	CIBERSORT	148	0.19223493030637723	0.022121100340926948	0.35153047005695204	0.019248428211474447	0.09079173961708593	0.27410652380969364	0.06020908344549207	0.4456368017030778
TGCT	B cell memory	CIBERSORT	148	-0.3235120233092857	-0.4684610188710326	-0.16160334228957862	6.0533456182096206e-05	-0.2545601164801823	0.0018616956145903897	0.00045756934023765257	0.008645166096257035
TGCT	B cell plasma	CIBERSORT	148	0.11229413648595253	-0.059691323288673694	0.27780494428470104	0.17419860014057814	0.09000219200101828	0.27831830796411317	0.31992321585235345	0.4508899210074047
TGCT	T cell CD8+	CIBERSORT	148	-0.08501273432699585	-0.252190341573069	0.08709248184943519	0.30427145097165403	-0.12233864438332219	0.13989946899854108	0.47683421775517726	0.27487785114788726
TGCT	T cell CD4+ naive	CIBERSORT	148	0.06304947578706316	-0.10896454366325864	0.2313973239380028	0.44648732252434803	0.07001209593566882	0.3994300040802368	0.6151393344151518	0.5750262577149212
TGCT	T cell CD4+ memory resting	CIBERSORT	148	-0.07206605178051484	-0.2399521317402795	0.10000551441532438	0.3840708404875077	0.02796285710086098	0.7367177002704187	0.5612836848130122	0.8383487217861866
TGCT	T cell CD4+ memory activated	CIBERSORT	148	-0.08434459224571354	-0.2515600678140141	0.08776030568545004	0.30810162846448064	-0.1199983607343456	0.14769560707221113	0.48090912866112545	0.28405795555944197
TGCT	T cell follicular helper	CIBERSORT	148	0.15666124966220843	-0.014568995345474381	0.3189647774443858	0.05724117431577257	0.043036113903649094	0.6047578702303915	0.14085147361527423	0.7396319276199033
TGCT	T cell regulatory (Tregs)	CIBERSORT	148	-0.26939655679983854	-0.4208669811889987	-0.10331100146223177	0.0009296521499381673	-0.20095292553542762	0.014663896411500303	0.004732994669607076	0.047151180073162983
TGCT	T cell gamma delta	CIBERSORT	148	-0.1373168197553949	-0.3010937069718079	0.03432882836158991	0.09606044618343039	-0.15942886956067184	0.053752407272582965	0.2065986493824053	0.13260057566927405
TGCT	NK cell resting	CIBERSORT	148	0.02750983520604453	-0.14400728824049988	0.19742231156219756	0.7399672197071224	0.07434701802235735	0.3708117485014052	0.8440116187441216	0.5462991989832715
TGCT	NK cell activated	CIBERSORT	148	0.06177848442429484	-0.11022517991646681	0.2301893269065412	0.4557229488978946	-0.06249215450111728	0.4520845605378712	0.623469814622382	0.6249454415841279
TGCT	Monocyte	CIBERSORT	148	-0.00014160818882612988	-0.1709777913996012	0.1707028410924619	0.9986371093897924	0.007738989982825995	0.9258792185638286	0.9992107754813286	0.9563580652808258
TGCT	Macrophage M0	CIBERSORT	148	0.020904594794275883	-0.15047311658970747	0.19106256352791262	0.8008968311341207	0.030371322691635876	0.7149819472321196	0.8803785801896014	0.8246967369007213
TGCT	Macrophage M1	CIBERSORT	148	0.14704412454084723	-0.024409384778218943	0.31009453897244266	0.07451983984703044	0.09166481250479032	0.2694996009399257	0.1704631064735862	0.4397887702511101
TGCT	Macrophage M2	CIBERSORT	148	-6.663285666161985e-05	-0.17090500691797872	0.17077563075302526	0.9993587000197028	0.11548033444373672	0.16366926312571978	0.9996143558651926	0.3063412249026157
TGCT	Myeloid dendritic cell resting	CIBERSORT	148	-0.16748412127702716	-0.32891323309012516	0.0034550580106904863	0.04188597378096313	-0.21584025235447013	0.008649450943470785	0.11035994439593384	0.030689068229556055
TGCT	Myeloid dendritic cell activated	CIBERSORT	148	-0.029792035861959606	-0.19961637179353825	0.141769846996255	0.7192640908411955	-0.08290040444135553	0.3181566967591538	0.8313638649013929	0.4943779926237299
TGCT	Mast cell activated	CIBERSORT	148	-0.2542703553470988	-0.4074128135444447	-0.08721878752672271	0.001817592744184983	-0.2244770674125693	0.006268806187495428	0.008490785698641916	0.02368215670831606
TGCT	Mast cell resting	CIBERSORT	148	0.05730243313860703	-0.11466036160965119	0.22593098640992507	0.4890804586524572	0.1038101600362616	0.21083591619050518	0.653406966653281	0.367529394696779
TGCT	Neutrophil	CIBERSORT	148	-0.13281966066627854	-0.29692252509532824	0.03890341446542598	0.10755981025570303	-0.11025773307109517	0.18369987510944286	0.22460043029074242	0.3325185169433824
TGCT	B cell naive	CIBERSORT-ABS	148	0.1077498923741777	-0.06427357687495683	0.273554611531698	0.19239797310111798	0.08458927407061236	0.3083633771673593	0.3444061757156049	0.48278207302563486
TGCT	B cell memory	CIBERSORT-ABS	148	-0.3255491389084449	-0.4702363609183823	-0.1638199819938104	5.4037374058934175e-05	-0.25491396307588365	0.0018336835811603646	0.00041511449166744516	0.008530414390564704
TGCT	B cell plasma	CIBERSORT-ABS	148	0.07062867472351572	-0.10143558953124805	0.23859011223236812	0.3936507489559019	0.09458779881221606	0.25446009731147057	0.5679204604728743	0.4222033865465783
TGCT	T cell CD8+	CIBERSORT-ABS	148	-0.18162703231089591	-0.3418597115993926	-0.011132134182328921	0.027156413973691142	-0.11381019170016053	0.169889337539738	0.0783627886620903	0.3143716563087438
TGCT	T cell CD4+ naive	CIBERSORT-ABS	148	0.06422230541294854	-0.10780077833832212	0.23251156409690504	0.43805933859215573	0.07222568451875991	0.3846555323437128	0.6080269839884022	0.5593168953008245
TGCT	T cell CD4+ memory resting	CIBERSORT-ABS	148	-0.13096586966250762	-0.2952012816553918	0.04078702913791905	0.1126030649659996	-0.005757015734119439	0.9448265995586486	0.23282812481071308	0.9670869121136952
TGCT	T cell CD4+ memory activated	CIBERSORT-ABS	148	-0.08968136497518395	-0.25659041328976206	0.08242175420455261	0.27838429969619827	-0.1155020390340316	0.16358956265309885	0.44683194245161545	0.3063386925160998
TGCT	T cell follicular helper	CIBERSORT-ABS	148	-0.011401622139877176	-0.1818876506201186	0.15974986729252133	0.8906078509833909	0.03490432328757245	0.674699049424803	0.933586245937013	0.7972418504838259
TGCT	T cell regulatory (Tregs)	CIBERSORT-ABS	148	-0.307661618684429	-0.45460731876674537	-0.1444117251339953	0.00014248466241655047	-0.2097098155328837	0.010793830801914168	0.0009655373137759313	0.03695611071408441
TGCT	T cell gamma delta	CIBERSORT-ABS	148	-0.14340482527497456	-0.306730455371936	0.02812452623883993	0.08206967646450582	-0.15805683716925442	0.055874356990431535	0.18473945594485766	0.1363806323011914
TGCT	NK cell resting	CIBERSORT-ABS	148	0.02366614565629779	-0.14777163412149036	0.19372321671344367	0.7752535210084367	0.07362309962669748	0.37550123504307314	0.8634131192628465	0.5503035341148486
TGCT	NK cell activated	CIBERSORT-ABS	148	-0.039397041105285545	-0.20883179674019378	0.13233396586651733	0.6344972664954451	-0.018770592424490404	0.8214671233123222	0.7693636753180506	0.8904086147949797
TGCT	Monocyte	CIBERSORT-ABS	148	-0.06012385575054684	-0.2286159288106475	0.11186549910257537	0.4679040682963661	-0.0071601858018880415	0.9314086790696778	0.6354654070992677	0.959886118914718
TGCT	Macrophage M0	CIBERSORT-ABS	148	-0.06283594688118271	-0.23119441447081274	0.1091763715679727	0.4480315154588374	0.01611353839493813	0.8464021542679728	0.6168321216352304	0.9070750449063881
TGCT	Macrophage M1	CIBERSORT-ABS	148	-0.013164373284674034	-0.1835917938585519	0.15803135972215385	0.8738260750945135	0.04092470299644718	0.6226090264860906	0.9249374349217485	0.7547894180867195
TGCT	Macrophage M2	CIBERSORT-ABS	148	-0.14183173722962794	-0.3052750651235275	0.029728931576738976	0.0855176711515209	0.07262319462036158	0.38203784755179937	0.18933980419164592	0.5566483054737121
TGCT	Myeloid dendritic cell resting	CIBERSORT-ABS	148	-0.15959302476726953	-0.32166322126595953	0.01156254675566949	0.05268330284917571	-0.19170887267387116	0.020012011626871454	0.13204597060274167	0.06071271445706423
TGCT	Myeloid dendritic cell activated	CIBERSORT-ABS	148	-0.0301704976116947	-0.19998005250895382	0.14139863825725002	0.7158500027683629	-0.0828293190729225	0.3185732768350356	0.8293254846886812	0.49449047734219503
TGCT	Mast cell activated	CIBERSORT-ABS	148	-0.3065843519017651	-0.4536631698468191	-0.1432468691027508	0.00015075969636764458	-0.2342547053854197	0.004293015503718435	0.00101283576082043	0.01734058948299492
TGCT	Mast cell resting	CIBERSORT-ABS	148	0.05365128547974703	-0.11827310201665665	0.22245264795772202	0.5172252226100967	0.10142736721358071	0.22155698224914763	0.6771681238030609	0.38112089775370317
TGCT	Neutrophil	CIBERSORT-ABS	148	-0.13281966066627854	-0.29692252509532824	0.03890341446542598	0.10755981025570303	-0.11025773307109517	0.18369987510944286	0.22460043029074242	0.3325185169433824
TGCT	B cell	QUANTISEQ	148	0.02768225011753296	-0.14383831601299457	0.19758812713448629	0.7383964022283267	0.023755163634576564	0.7751863343205482	0.8424656938175539	0.8639864616238306
TGCT	Macrophage M1	QUANTISEQ	148	-0.22388736251025407	-0.38018595388168863	-0.05515673215555982	0.0062299464010773685	-0.16356246368088428	0.04775840595999575	0.02369586111167296	0.121335521314869
TGCT	Macrophage M2	QUANTISEQ	148	-0.1565724058533263	-0.31888296335162913	0.014660053734528087	0.05738420842070549	-0.007086163063756825	0.9321160786655547	0.14102593018539186	0.9603620204432987
TGCT	Monocyte	QUANTISEQ	148	-0.10793703922815805	-0.2737297820903748	0.0640850077766042	0.19162216084654357	0.009914735577532406	0.9051276077849575	0.343216971557483	0.9442499857094941
TGCT	Neutrophil	QUANTISEQ	148	0.3038713807948805	0.1403153182229831	0.4512839769390485	0.00017362483230731935	0.2241359929321233	0.006350411438244461	0.001146745091759491	0.02394417427534797
TGCT	NK cell	QUANTISEQ	148	-0.22071875916854214	-0.3773308153817277	-0.051832938595765224	0.007023625871167674	-0.11274324903906742	0.17395369943751515	0.02627978675240728	0.32022550131858957
TGCT	T cell CD4+ (non-regulatory)	QUANTISEQ	148	-0.061899259272081154	-0.230304138093197	0.11010541284484449	0.4548407932163813	0.06385233120004173	0.44228288869408905	0.6224807495540956	0.6154185390725581
TGCT	T cell CD8+	QUANTISEQ	148	-0.2647264936003936	-0.41672024074734876	-0.09833339614800392	0.0011482256883979566	-0.18118979088957934	0.028072807125632586	0.005618976773011278	0.0794283750912929
TGCT	T cell regulatory (Tregs)	QUANTISEQ	148	-0.161488779016142	-0.32340669763018814	0.009616858078094129	0.04989910064191492	-0.0037058457895766178	0.9644679309709414	0.12652755091432383	0.9779744839461569
TGCT	Myeloid dendritic cell	QUANTISEQ	148	-0.14058130445877293	-0.30411764425997245	0.031003627847323384	0.0883403131251443	-0.12055884894472758	0.14579919297319638	0.19383312251364432	0.28193612488882186
TGCT	uncharacterized cell	QUANTISEQ	148	0.1673002957758471	-0.00364418043472139	0.3287445580541504	0.042114587176935135	0.02404961037530424	0.7724752940272598	0.11081294472531385	0.8623970618108795
TGCT	T cell	MCPCOUNTER	148	-0.2289134772356249	-0.3847087413801225	-0.06043669487092573	0.005134071233566862	-0.19488072800294454	0.018012675490784922	0.02025652726866441	0.055807893160831255
TGCT	T cell CD8+	MCPCOUNTER	148	-0.18022706996820134	-0.3405808869246806	-0.009684950508952277	0.028383277816408106	-0.10221372418215319	0.21797696128292202	0.08088820427270824	0.3764531442651171
TGCT	cytotoxicity score	MCPCOUNTER	148	-0.20364481725939063	-0.36189455539874754	-0.0339869282645137	0.013045989135295352	-0.17634968400635176	0.03262661293132772	0.04386054816767397	0.08927225791566928
TGCT	NK cell	MCPCOUNTER	148	-0.035859582360061745	-0.20544131450884293	0.1358127618430956	0.6652393307368696	-0.06459220935277164	0.43700213581469033	0.7915659717532441	0.6100244023689536
TGCT	B cell	MCPCOUNTER	148	-0.2792583022688488	-0.4296028795245855	-0.11384958443081918	0.0005878473048697346	-0.20810514537804586	0.011427194886485836	0.00324186595492336	0.03871779203306726
TGCT	Monocyte	MCPCOUNTER	148	-0.20201971592192114	-0.36042079203284627	-0.03229396148648078	0.013805675090758054	-0.09294795895091519	0.26282476277390837	0.045552902620138384	0.43323980710201593
TGCT	Macrophage/Monocyte	MCPCOUNTER	148	-0.20201971592192114	-0.36042079203284627	-0.03229396148648078	0.013805675090758054	-0.09294795895091519	0.26282476277390837	0.045552902620138384	0.43323980710201593
TGCT	Myeloid dendritic cell	MCPCOUNTER	148	-0.3036718405845923	-0.4511089034846611	-0.1400998145307697	0.00017542801060255802	-0.20549363737659582	0.01252787217670603	0.0011567007107183842	0.04179520495812336
TGCT	Neutrophil	MCPCOUNTER	148	0.35495692926181904	0.19600238132043227	0.49573538174377685	9.571230833514938e-06	0.421777972270179	1.0348070271713185e-07	9.127685990010587e-05	1.624937942265002e-06
TGCT	Endothelial cell	MCPCOUNTER	148	0.010565009606236837	-0.1605651187039186	0.1810784952389879	0.8985900597423735	0.35890017158107407	8.047053324147816e-06	0.9404408815826233	7.807438833106193e-05
TGCT	Cancer associated fibroblast	MCPCOUNTER	148	-0.16243979906491893	-0.3242809123944535	0.008640299774553615	0.04854904578550936	0.0740397506363445	0.3727977910605677	0.12390781267711592	0.5479847229499322
TGCT	Myeloid dendritic cell activated	XCELL	148	-0.1909149465467519	-0.3503289475087185	-0.02075145584614415	0.02010895320339463	-0.16190190097578006	0.05009591818874394	0.062154946265037946	0.1259646560244301
TGCT	B cell	XCELL	148	-0.12336736282817443	-0.2881349164147448	0.0484950440974949	0.13522379103615492	-0.18340224419989604	0.026178950586935337	0.2656322897927666	0.07504376597867828
TGCT	T cell CD4+ memory	XCELL	148	-0.008894647140069935	-0.17946226225428719	0.16219213381781777	0.9145567907151799	-0.020958493344073348	0.8010668647207446	0.9512947729971678	0.8793785983392842
TGCT	T cell CD4+ naive	XCELL	148	-0.12439489583715632	-0.28909153922222675	0.047453898019439805	0.13197607678315101	-0.09851223193735589	0.2351917968399337	0.26026567601656514	0.3978396745172723
TGCT	T cell CD4+ (non-regulatory)	XCELL	148	-0.1068136371217236	-0.27267810592036523	0.0652167628893507	0.19631352058041793	-0.08314530168549515	0.31672423612559036	0.35001635452322577	0.49240229155111664
TGCT	T cell CD4+ central memory	XCELL	148	-0.09578585012893365	-0.2623333248106209	0.07630309987385757	0.24683559844008696	-0.08709948828151559	0.294175777859107	0.41069242123435745	0.4675235479192959
TGCT	T cell CD4+ effector memory	XCELL	148	-0.2677012857826107	-0.419362412157884	-0.10150312784106161	0.0010041516473857633	-0.2619820982509766	0.0013486350780546983	0.005053066848492065	0.00660797387868906
TGCT	T cell CD8+ naive	XCELL	148	0.252145682606075	0.0849653871951278	0.4055176602653952	0.0019909000906552046	0.14125894731709054	0.08789245739087151	0.009214210068755741	0.19437754999904275
TGCT	T cell CD8+	XCELL	148	-0.15575672950937142	-0.31813171387359446	0.015495929453582927	0.05871120245518397	-0.15247693032151818	0.0652271010079961	0.14307452646460794	0.15345244581303535
TGCT	T cell CD8+ central memory	XCELL	148	-0.14344763034066324	-0.30677004710919803	0.02808085664816715	0.08197743665083623	-0.15558804938669984	0.059866269761639036	0.18463812056726364	0.14369374755556086
TGCT	T cell CD8+ effector memory	XCELL	148	-0.19909095959442444	-0.35776277851293214	-0.02924535536823932	0.015272755282330444	-0.2042584379272015	0.013080082044821943	0.0494751227455775	0.04332616997020269
TGCT	Class-switched memory B cell	XCELL	148	-0.040276672747532896	-0.20967424904738446	0.13146826412674442	0.6269461833113731	-0.12052068090631612	0.1459277464996591	0.7632359322464035	0.2820452243270722
TGCT	Common lymphoid progenitor	XCELL	148	0.16440344198124196	-0.006622893042846364	0.3260850953808075	0.04585740895997018	0.10856678916799038	0.19055541107255525	0.11832397735398983	0.34161928349091747
TGCT	Common myeloid progenitor	XCELL	148	-0.07367055456961477	-0.24147173477265496	0.09840832241418476	0.37354549329260717	-0.104477961974147	0.2078989852771797	0.5499107224300053	0.36412089497366734
TGCT	Myeloid dendritic cell	XCELL	148	-0.3010889144317717	-0.4488416599814165	-0.13731164880180255	0.00020039748420189006	-0.25224188209769555	0.002055047566452142	0.0013059236053823168	0.009353925326352154
TGCT	Endothelial cell	XCELL	148	-0.18507646120301924	-0.3450081335897008	-0.014700964393971361	0.024325238663059457	-0.03386937230631778	0.6838202784501799	0.0723282761768536	0.8030602012278101
TGCT	Eosinophil	XCELL	148	0.11540607731163306	-0.05654916625136772	0.2807118783657674	0.1624909434916745	0.13846003887085412	0.0944310309898397	0.30340954587031865	0.2040809720253793
TGCT	Cancer associated fibroblast	XCELL	148	-0.27404908974034037	-0.4249918704471922	-0.10827820796487875	0.0007504635353279155	-0.0680812766829776	0.41258894044998956	0.003943968310661491	0.5870534050798615
TGCT	Granulocyte-monocyte progenitor	XCELL	148	0.23322134573507114	0.06496965157267154	0.3885792649182005	0.00433563434647174	0.21833352378105342	0.007891294346306147	0.01758540487002542	0.028437751976089436
TGCT	Hematopoietic stem cell	XCELL	148	-0.15116403898762482	-0.3138979708565104	0.02019788931306735	0.0666613338958	-0.031135756440519986	0.7081297238902723	0.1565440333528997	0.8197455123433808
TGCT	Macrophage	XCELL	148	-0.15858978500531057	-0.3207401225876291	0.012591687832974747	0.0542079563126944	-0.16394875770233486	0.047227842598814664	0.13508802369830153	0.1203002374992608
TGCT	Macrophage M1	XCELL	148	-0.24991115458947594	-0.40352309534665004	-0.08259731943629844	0.0021892437922481417	-0.2102794519205246	0.010576539639751463	0.010011629506070449	0.03645375536053972
TGCT	Macrophage M2	XCELL	148	-0.22768842929220062	-0.383607061734889	-0.059148905373086966	0.0053839631487479864	-0.25393125499130986	0.0019124407901689481	0.021006799407766952	0.008838822091679181
TGCT	Mast cell	XCELL	148	0.1749415989100696	0.004227630874701191	0.3357474092503817	0.03345007116797928	0.10576424567589174	0.2023250045503965	0.09176555554974068	0.3569716329299892
TGCT	B cell memory	XCELL	148	-0.300545782553174	-0.4483646669601597	-0.1367256896672861	0.00020605193782181883	-0.29863509438439517	0.00023873507416877953	0.0013338792663630987	0.0014887625837319426
TGCT	Monocyte	XCELL	148	-0.2960361517520938	-0.44440093375323275	-0.13186488707789126	0.00025906188521076064	-0.24593565334214337	0.002676723449549931	0.0016285079922412767	0.01161923217798821
TGCT	B cell naive	XCELL	148	-0.014914816453418639	-0.18528302524055687	0.1563238243532033	0.857216863945768	-0.10152024173200043	0.2211319974738664	0.9172736557274092	0.3805572667794091
TGCT	Neutrophil	XCELL	148	0.07118083863237935	-0.10088631474258104	0.23911340594930294	0.38995384051190857	0.06684725958000261	0.4211305805857964	0.5639172857391402	0.5935906885690209
TGCT	NK cell	XCELL	148	0.12930903129680524	-0.042469490115009056	0.2936620058716028	0.1172649367266638	0.05282736557922112	0.5251193966038011	0.23967898724582093	0.6846338248485703
TGCT	T cell NK	XCELL	148	-0.043530119149471164	-0.21278799832771417	0.12826406170164012	0.5993567942482533	-0.15578947901076123	0.05953203141861413	0.7449094295965258	0.14306714372881452
TGCT	Plasmacytoid dendritic cell	XCELL	148	-0.09394550091264665	-0.2606032223162027	0.07814908644189633	0.2560739539874938	-0.16339163336094642	0.04799461238088556	0.42232951913705696	0.12177737469776934
TGCT	B cell plasma	XCELL	148	-0.27992777180052314	-0.43019490208349276	-0.11456635320884846	0.0005694861039910395	-0.3494902801035872	1.4326650749595501e-05	0.003162912878700234	0.00012997031190468308
TGCT	T cell gamma delta	XCELL	148	0.09157031787809757	-0.08052980205497702	0.258368742073627	0.26834461946152044	0.08570371454269075	0.3020102560884001	0.4364506913870819	0.47769421573852927
TGCT	T cell CD4+ Th1	XCELL	148	-0.17691425051708873	-0.33755235821510277	-0.006263231396427638	0.03147598945171151	-0.2924046102276828	0.00032585912977071437	0.08753280139131722	0.001954155210741554
TGCT	T cell CD4+ Th2	XCELL	148	0.32679344184617437	0.1651747450487309	0.4713201925926101	5.039731582255651e-05	0.19079277632715022	0.020624004560173912	0.0003917564709069502	0.0623182827127357
TGCT	T cell regulatory (Tregs)	XCELL	148	0.16112248317853106	-0.009992903210759943	0.3230699104455454	0.05042733236196706	0.10297209330086274	0.21456352221929165	0.12745369717859806	0.37236723119282306
TGCT	immune score	XCELL	148	-0.17930161362567884	-0.3397351837442055	-0.008728670199005875	0.0292199956037755	-0.20533449238807414	0.012597853678184442	0.08261039971855547	0.04188572098784113
TGCT	stroma score	XCELL	148	-0.29194445781214723	-0.4407995118563116	-0.12746138768690443	0.00031784748977586576	-0.11803499321247894	0.15448593702011162	0.0019267964108893568	0.2935082671276173
TGCT	microenvironment score	XCELL	148	-0.36692493068332	-0.5060436164877844	-0.20919832805415453	4.496351178248127e-06	-0.26398083240145637	0.0012345245516429155	4.726003523373703e-05	0.006102390640864475
TGCT	B cell	EPIC	148	-0.13017468913921457	-0.29446634645750286	0.04159056659895384	0.11481085721537682	-0.13233851318186782	0.11007464454831094	0.235896191125656	0.2285671057800827
TGCT	Cancer associated fibroblast	EPIC	148	-0.09367839281549734	-0.2603520264329058	0.07841691471094968	0.25743430683476076	0.17957531695233983	0.029527467804511185	0.4238181640942798	0.08228966437322789
TGCT	T cell CD4+	EPIC	148	0.18458411842879727	0.01419131355384054	0.3445589741173937	0.024713160436367988	0.13605706273227114	0.1003473525392486	0.07331445926115238	0.2131222968106801
TGCT	T cell CD8+	EPIC	148	0.03668879124296191	-0.13499768366107193	0.20623643633660838	0.6579805496709445	-0.027174150862067037	0.7438821013721152	0.7865190917803098	0.8428220852984556
TGCT	Endothelial cell	EPIC	148	-0.23211185435538267	-0.3875829356347335	-0.06380152447856113	0.004529839864958935	-0.08940143927670423	0.28155203060259415	0.018203159169567766	0.4541536467228314
TGCT	Macrophage	EPIC	148	-0.1953268156527984	-0.3543428230780146	-0.02533181089981764	0.017356480655689645	-0.1852190478547036	0.02470652337879733	0.05508428519784619	0.0718768648892095
TGCT	NK cell	EPIC	148	-0.18069720179020277	-0.34101040477722977	-0.010170860419283341	0.027966108025054948	-0.19811879201876803	0.016152542060997827	0.08010804569814275	0.05113881737530486
TGCT	uncharacterized cell	EPIC	148	0.32430951702284405	0.1624709218714979	0.4691561724606308	5.790775173323471e-05	0.04598110553367946	0.5802465041785306	0.0004428786373522785	0.7253081302231633
THCA	B cell	TIMER	500	0.3955845815439189	0.31421207632789666	0.47118689277427755	3.532954895585826e-20	0.35509088983663745	2.830748206413351e-16	3.513903192610246e-18	2.049671386495593e-14
THCA	T cell CD4+	TIMER	500	-0.21921762353108276	-0.30590872403326214	-0.12892124228303073	7.42436464387261e-07	-0.341761388996107	4.0648434148312644e-15	9.486688156059446e-06	2.372169813729887e-13
THCA	T cell CD8+	TIMER	500	0.7189491241272407	0.6708433318611273	0.7610298627950904	1.055710113723714e-80	0.7078385239360495	4.710652356583525e-77	4.127826544659722e-77	1.8418650714241585e-73
THCA	Neutrophil	TIMER	500	0.4092558888328941	0.3288387907694434	0.4837806865417658	1.2996386565849362e-21	0.35761211419510314	1.6857287302108197e-16	1.539874893105182e-19	1.267538333677751e-14
THCA	Macrophage	TIMER	500	0.6859301028552477	0.6333780452654868	0.7321844044042933	9.087803168929721e-71	0.6369942393106366	3.7789272272202664e-58	1.7766655195257604e-67	7.387802729215621e-55
THCA	Myeloid dendritic cell	TIMER	500	0.2827625957681998	0.19496270419208744	0.3660667259735523	1.2042103691325156e-10	0.22158193314870475	5.743931415822173e-07	3.4877500320801008e-09	7.852717425127517e-06
THCA	B cell naive	CIBERSORT	500	0.1859982499211585	0.09471266942772011	0.2741819850838095	2.8489855238985437e-05	0.16506368366655907	0.00021270407780764978	0.00023955985803103885	0.0013567258470275866
THCA	B cell memory	CIBERSORT	500	-0.16533232214711116	-0.254347299584048	-0.07353957771344659	0.00020459428477798087	-0.19820304159701618	8.167465262369621e-06	0.0013288432782091449	7.885133129843264e-05
THCA	B cell plasma	CIBERSORT	500	0.03861837604311919	-0.05449973749745994	0.13107056727838784	0.3888563184529504	0.002165276045177817	0.9615191096268934	0.5636341048394982	0.9765038230236761
THCA	T cell CD8+	CIBERSORT	500	-0.2277286451729947	-0.31400645583392445	-0.13772042389504954	2.643949906804341e-07	-0.24978063262552908	1.553272471767129e-08	3.6920871912874906e-06	2.962583104687548e-07
THCA	T cell CD4+ naive	CIBERSORT	500	-0.05924702185740642	-0.15133639718503797	0.03386194139854833	0.18595181922513843	-0.03902767924436153	0.38432370182709064	0.3364514637530269	0.559250343931494
THCA	T cell CD4+ memory resting	CIBERSORT	500	0.04256206243616701	-0.05056044312359788	0.1349508753763132	0.34223165003664113	0.04237710200039841	0.3448206858220906	0.5202666219452826	0.5211630775277828
THCA	T cell CD4+ memory activated	CIBERSORT	500	0.0008000567895399919	-0.0921293326831327	0.09371562993268495	0.9857624733840743	-0.024737958425849797	0.5814262367022659	0.9915953874277671	0.7253913801869367
THCA	T cell follicular helper	CIBERSORT	500	-0.13139064001656642	-0.22160754013933814	-0.03894356768211515	0.0032462799740687444	-0.15715486380599306	0.0004255838156780959	0.013811702610020448	0.002454325544692264
THCA	T cell regulatory (Tregs)	CIBERSORT	500	-0.13825694063460536	-0.22824714732157436	-0.04592439967209035	0.0019438802730889126	-0.10308530806303663	0.021272377077811058	0.009026807443916447	0.0638824841584034
THCA	T cell gamma delta	CIBERSORT	500	-0.023149823187624687	-0.11582321147397713	0.06992313155718942	0.6055615268318353	-0.06599281965328603	0.14100038072013507	0.7504740316679798	0.2762081606291223
THCA	NK cell resting	CIBERSORT	500	-0.003371554204385514	-0.09626393562369516	0.08957905059247417	0.940054180184614	0.018390023934566065	0.681947953996319	0.9639684879417363	0.8019297744738669
THCA	NK cell activated	CIBERSORT	500	-0.1525012678713852	-0.2419945505085401	-0.06043514222623718	0.0006226975545405135	-0.18254886855787988	4.0937312000463765e-05	0.0033862968543162835	0.00032467523310712645
THCA	Monocyte	CIBERSORT	500	-0.019894585135617083	-0.11260895026611852	0.07316320869758274	0.6571966248168839	-0.03328309938869971	0.458190905039487	0.7863031833029425	0.6299319404727124
THCA	Macrophage M0	CIBERSORT	500	-0.01836906453289502	-0.11110196484687491	0.07468094866194701	0.6819883951077198	0.03081673576961243	0.4921895813029549	0.8053683554428223	0.6592878598473977
THCA	Macrophage M1	CIBERSORT	500	-0.09230233141098508	-0.18364971412675657	0.0006255743932113285	0.03909522421325786	-0.15161277629799544	0.000678948945593411	0.104200631679508	0.003661641899683086
THCA	Macrophage M2	CIBERSORT	500	0.2175194294005177	0.1271672518566445	0.3042914907165162	9.078553348241411e-07	0.24270468170074277	4.012151188558595e-08	1.130482279988023e-05	7.098421333603668e-07
THCA	Myeloid dendritic cell resting	CIBERSORT	500	0.04777611181912926	-0.0453477487723417	0.14007678433554277	0.2863145135612258	0.027803290395221125	0.5354943954598446	0.45565176013551295	0.6907895368683578
THCA	Myeloid dendritic cell activated	CIBERSORT	500	0.15319680200266855	0.06114468295058307	0.24266490159878837	0.0005874970151677651	0.21801134431029426	8.785460508024907e-07	0.00324186595492336	1.1262672323402422e-05
THCA	Mast cell activated	CIBERSORT	500	0.07708076559099993	-0.0159560606132822	0.1687943097766752	0.08510089559083948	0.08708700936131222	0.05187221978759239	0.18884477965958138	0.12892575983710813
THCA	Mast cell resting	CIBERSORT	500	-0.029314724591206338	-0.12190519527383349	0.06378155655763926	0.5131136737991087	-0.05675602534803053	0.20562969182049595	0.6727949243978923	0.3615162297743431
THCA	Eosinophil	CIBERSORT	500	-0.03706653018574552	-0.1295428838128943	0.05604906077232944	0.4082129290442175	-0.02679964261283888	0.5503307530569571	0.5810384246679615	0.7027410987761928
THCA	Neutrophil	CIBERSORT	500	0.08691043748817938	-0.006061051464670684	0.17839229255506	0.05211426130303573	0.05423412466633516	0.22652823767795463	0.1309555023745949	0.3871177488290221
THCA	B cell naive	CIBERSORT-ABS	500	0.1849988267333633	0.0936868153678574	0.27322448485278455	3.150200953809615e-05	0.13749684468348222	0.0020813147099581343	0.00026206990913607645	0.009440766259786898
THCA	B cell memory	CIBERSORT-ABS	500	-0.1525610353481582	-0.24205215735378618	-0.06049610964037263	0.0006195976156556435	-0.20000663037553182	6.726184471473768e-06	0.003374131862414437	6.709025837617967e-05
THCA	B cell plasma	CIBERSORT-ABS	500	0.032168735154792155	-0.06093595491065695	0.12471846691336767	0.4729421676958067	-0.057324611630255796	0.2011173143465411	0.6396416034903508	0.3556620077317846
THCA	T cell CD8+	CIBERSORT-ABS	500	-0.10661007635079899	-0.19757534063867374	-0.013824488080012498	0.01709273182984497	-0.2121076284924128	1.7464589721465047e-06	0.05433543207698686	2.044507359608633e-05
THCA	T cell CD4+ naive	CIBERSORT-ABS	500	-0.05927235763445692	-0.15136123984925445	0.0338365454673369	0.18576337781434676	-0.039056931987323074	0.3839671707153388	0.3364514637530269	0.5589395523071388
THCA	T cell CD4+ memory resting	CIBERSORT-ABS	500	0.03879080851073137	-0.0543275576424157	0.13124028785557978	0.38674045478858343	-0.036494039985659116	0.4159649102374112	0.562401917721603	0.5902727969358217
THCA	T cell CD4+ memory activated	CIBERSORT-ABS	500	0.0006844825481264907	-0.09224392479449092	0.09360106943228005	0.9878190187954196	-0.024843559956989725	0.5798137744950138	0.9923875548535689	0.7253081302231633
THCA	T cell follicular helper	CIBERSORT-ABS	500	-0.05421988569997916	-0.14640480205061285	0.03889863560509999	0.22618320382220924	-0.15013665025283318	0.0007668893758814575	0.38635925161417134	0.004052077648238512
THCA	T cell regulatory (Tregs)	CIBERSORT-ABS	500	-0.11686499800587306	-0.20753384678319867	-0.024205312723729108	0.0089068676471305	-0.12339589380305281	0.0057784015222849	0.03218655499101687	0.022194056927440038
THCA	T cell gamma delta	CIBERSORT-ABS	500	-0.021222787402397688	-0.11392066753903769	0.0718414295808268	0.6359124796278895	-0.06615607781590453	0.14001756187478495	0.7707432719606473	0.27497170614284744
THCA	NK cell resting	CIBERSORT-ABS	500	0.007093407549094949	-0.08588574323377832	0.09995006699014848	0.8742846935794568	0.027931556578007846	0.5336128917549019	0.9249374349217485	0.6894998039529631
THCA	NK cell activated	CIBERSORT-ABS	500	-0.04144603187894412	-0.133853067772009	0.051675524822010314	0.3550495019848083	-0.15613691860117365	0.00046424746626819424	0.5318940815174714	0.002646075208613177
THCA	Monocyte	CIBERSORT-ABS	500	-0.014382944260897704	-0.10716226220095994	0.07864470463782261	0.7483437333848848	-0.0874576777377964	0.0508789258807535	0.8471698831824781	0.12719731470188375
THCA	Macrophage M0	CIBERSORT-ABS	500	0.0029527021621791696	-0.08999453014294652	0.09584894411276017	0.9474898283206402	-4.582271931828416e-05	0.999185332143191	0.9687984384763868	0.999185332143191
THCA	Macrophage M1	CIBERSORT-ABS	500	-0.07580815474791096	-0.1675504218776105	0.017235799431312065	0.0903952384990514	-0.15961261567908955	0.0003442423108022501	0.19690550558846295	0.0020518101146902406
THCA	Macrophage M2	CIBERSORT-ABS	500	0.15277028108004637	0.06070956176130998	0.24225383375114262	0.000608857177580308	0.035257925986431696	0.43194274956999684	0.0033295546354391668	0.6049054981442291
THCA	Myeloid dendritic cell resting	CIBERSORT-ABS	500	0.04799893208861146	-0.04512487336411253	0.14029572778385782	0.2840705434586865	0.010193978095233387	0.8203063018384318	0.4531684312213236	0.8897080832699773
THCA	Myeloid dendritic cell activated	CIBERSORT-ABS	500	0.15278557534533688	0.06072516381173711	0.242268574452612	0.0006080789474360533	0.19744463292581932	8.857585256969971e-06	0.0033295546354391668	8.426559210402089e-05
THCA	Mast cell activated	CIBERSORT-ABS	500	0.0949337442620151	0.002029103695969698	0.18621360408064164	0.033815482558798106	0.06951549157093755	0.12093989513113232	0.09259001176813766	0.24488606419613015
THCA	Mast cell resting	CIBERSORT-ABS	500	-0.027254060607471892	-0.11987302047309817	0.06583520842025915	0.5431828540503985	-0.06226680023263321	0.16489524188016702	0.6984034723239256	0.3074584624470449
THCA	Eosinophil	CIBERSORT-ABS	500	-0.0362166926056868	-0.1287060922076584	0.05689732692036827	0.41905139208619424	-0.026102447082256328	0.5607544189937032	0.5902344895738543	0.7111741090708333
THCA	Neutrophil	CIBERSORT-ABS	500	0.08769339028545572	-0.005272110797942047	0.17915604303821037	0.05002469440598325	0.05010331288421959	0.26394385540656695	0.12668170668872702	0.4346483223310195
THCA	B cell	QUANTISEQ	500	0.025414751508953427	-0.06766759277265606	0.118058484479085	0.57074112791865	-0.06565576676576208	0.14304616384476315	0.7196879297633246	0.278263930663196
THCA	Macrophage M1	QUANTISEQ	500	-0.021306707579193524	-0.1140035352861615	0.0717579042593978	0.6345774559848372	-0.04441532226395115	0.3220941667096458	0.7693636753180506	0.49818284542245767
THCA	Macrophage M2	QUANTISEQ	500	0.06863116440754602	-0.024447285547847784	0.16052994388390354	0.1253729641006485	-0.07259190335607942	0.10530729069775872	0.2513888664787362	0.22148713451880642
THCA	Monocyte	QUANTISEQ	500	-0.22824778417785754	-0.31449997992477746	-0.138257599649997	2.4792918747815935e-07	-0.22729376845512322	2.867624859776538e-07	3.5123301559405907e-06	4.03324215889434e-06
THCA	Neutrophil	QUANTISEQ	500	0.40965616161513796	0.3292676183778864	0.4841489470957145	1.1771209862788545e-21	0.42048458662378607	8.471458781165096e-23	1.4382947051094753e-19	1.4401479927980664e-20
THCA	NK cell	QUANTISEQ	500	0.046907125779463404	-0.046216861280432314	0.139222831420305	0.29517969686963164	0.01671867089993324	0.70947874701184	0.4653841188549434	0.8204856257960055
THCA	T cell CD4+ (non-regulatory)	QUANTISEQ	500	-0.08058327597596239	-0.1722162604248754	0.012432357826300436	0.07181081863484017	-0.11836179835836111	0.008128603989627444	0.16565209490396757	0.02913184381250532
THCA	T cell CD8+	QUANTISEQ	500	-0.08306491026374659	-0.17463947783212136	0.009934308991367009	0.06346104885028334	-0.15226332187936686	0.0006432420064508454	0.15047465191304296	0.0035090611672594267
THCA	T cell regulatory (Tregs)	QUANTISEQ	500	0.08241441730480584	-0.01058921685368658	0.17400440452751378	0.0655683198787148	-0.01786337944389238	0.6905795553986913	0.15416243579421218	0.8073487073009235
THCA	Myeloid dendritic cell	QUANTISEQ	500	0.013332611316007409	-0.07968865524109493	0.10612367495642475	0.7661662608260115	-0.09454620484695805	0.03473474866391479	0.8585111837624247	0.09385823585066125
THCA	uncharacterized cell	QUANTISEQ	500	-0.17025800154916018	-0.2590816611220929	-0.07857863867462796	0.0001304952209162665	-0.012284042597787592	0.7842945238302368	0.0008904647709993055	0.8699001530108785
THCA	T cell	MCPCOUNTER	500	-0.15747857259120646	-0.24678976201783426	-0.06551472960054758	0.0004084039268425825	-0.26467401117304606	1.91380861242977e-09	0.0024084622014035597	4.535146469454788e-08
THCA	T cell CD8+	MCPCOUNTER	500	-0.015291855369448808	-0.10806084571443031	0.0777411518189686	0.7330279995235439	-0.09453012250922765	0.03476574148586418	0.8396004038361897	0.09387710580782384
THCA	cytotoxicity score	MCPCOUNTER	500	-0.08380052326936928	-0.17535756166287736	0.00919360723261049	0.06114557526086228	-0.10533296946326352	0.018592105728498013	0.14696434140514447	0.05724026251844664
THCA	NK cell	MCPCOUNTER	500	-0.004225505510494879	-0.0971099160892472	0.08873187486362376	0.9249112732406456	-0.15109793026399435	0.0007085004656092974	0.9577338660939947	0.003789653653259033
THCA	B cell	MCPCOUNTER	500	0.14852591149137875	0.056381515345532485	0.23816148860678038	0.0008643429450155352	0.06705432957028751	0.13470379794822182	0.0044468169934351875	0.26694974656743403
THCA	Monocyte	MCPCOUNTER	500	-0.06628808269781539	-0.15823594382657555	0.026799533510485956	0.13882920056042228	-0.19768979467311792	8.628639592004123e-06	0.27046446148044395	8.24889506228267e-05
THCA	Macrophage/Monocyte	MCPCOUNTER	500	-0.06628808269781539	-0.15823594382657555	0.026799533510485956	0.13882920056042228	-0.19768979467311792	8.628639592004123e-06	0.27046446148044395	8.24889506228267e-05
THCA	Myeloid dendritic cell	MCPCOUNTER	500	0.08500609626526379	-0.007979473730526567	0.17653419603037496	0.05750193334774731	0.020423608188217465	0.6490141725844225	0.1411386797584852	0.7761007072723649
THCA	Neutrophil	MCPCOUNTER	500	0.5502148560903694	0.48193223996929385	0.6118548708160438	6.553152902846928e-41	0.5449995568388968	6.022067683179755e-40	5.124565570026298e-38	4.709256928246568e-37
THCA	Endothelial cell	MCPCOUNTER	500	0.31620049433485176	0.23003693450588295	0.3974452377559257	4.509267450543034e-13	0.18299806638808092	3.9157945819266485e-05	1.9374984320465125e-11	0.00031375549046913116
THCA	Cancer associated fibroblast	MCPCOUNTER	500	0.0561680567604278	-0.036947321876080436	0.14831649195355084	0.20991384041030373	-0.10691136815102392	0.016890600515995915	0.36492679143998574	0.052876099293469994
THCA	Myeloid dendritic cell activated	XCELL	500	-0.19416275579992345	-0.2819974704989326	-0.10310036221042979	1.2287497330206984e-05	-0.253817507897205	8.921051289185198e-09	0.00011225260411474138	1.770624900543864e-07
THCA	B cell	XCELL	500	-0.1518665433866132	-0.24138273277827632	-0.059787716911253	0.0006565180508144169	-0.149743160926316	0.0007920504420614499	0.003535792808105193	0.00416252315653262
THCA	T cell CD4+ memory	XCELL	500	0.09006083332056433	-0.0028858577769717004	0.1814647528894602	0.04412798516705487	0.08389169238392315	0.061123538091288336	0.11479735329553196	0.14546137184232344
THCA	T cell CD4+ naive	XCELL	500	-0.14140481788963508	-0.23128830046422688	-0.049127801944360956	0.0015247250137962467	-0.2397108428729603	5.94215316766619e-08	0.007217523975718311	1.0145772439115634e-06
THCA	T cell CD4+ (non-regulatory)	XCELL	500	-0.0625938352259965	-0.1546170641816654	0.03050614029581496	0.1622607954602968	-0.07875588238516451	0.07881698442634648	0.3032694599664247	0.17834167193692985
THCA	T cell CD4+ central memory	XCELL	500	-0.020329508307368592	-0.11303851097101793	0.07273042479699819	0.6501954164489759	-0.016063778246497358	0.7203726547248064	0.7795964668247458	0.8274550763730885
THCA	T cell CD4+ effector memory	XCELL	500	-0.2847200884603752	-0.3679088947861256	-0.197009820030525	8.85516154106073e-11	-0.24569359056218174	2.6967425529357418e-08	2.603284332747929e-09	4.997281223686611e-07
THCA	T cell CD8+ naive	XCELL	500	-0.09537276283916339	-0.18664123632922203	-0.0024721312841041116	0.03299662642049715	-0.09102316144801116	0.042110671987805444	0.09072912046704913	0.1103570559465947
THCA	T cell CD8+	XCELL	500	-0.1280524731609625	-0.21837655925170363	-0.03555297637038084	0.004130894122746635	-0.2090395030876262	2.4770197492857217e-06	0.016895184121275462	2.7593012021957755e-05
THCA	T cell CD8+ central memory	XCELL	500	-0.08912748776750701	-0.18055468272184022	0.0038267454298486123	0.04637887186011603	-0.1503247837639774	0.0007551227546894074	0.11938208622320848	0.004011589634287477
THCA	T cell CD8+ effector memory	XCELL	500	-0.1630611947528049	-0.2521629468160265	-0.07121775013377496	0.0002506761396013899	-0.1813116570205574	4.62419819246513e-05	0.0015889910870317476	0.0003608905176155421
THCA	Class-switched memory B cell	XCELL	500	-0.10025749139196374	-0.1913969431418189	-0.007403927445335713	0.02497004999547094	-0.12048788926947454	0.007047985327491734	0.07396431475931164	0.025973254128645318
THCA	Common lymphoid progenitor	XCELL	500	0.3597317455975071	0.2760363232923347	0.4380127514490194	1.0126406596256312e-16	0.4754366470371083	1.6598561900831347e-29	7.470613168181543e-15	5.4083647526875476e-27
THCA	Common myeloid progenitor	XCELL	500	-0.03484647806238174	-0.12735663459032123	0.058264724744847785	0.43687748371206186	-0.04155553775339151	0.35426279446208797	0.6068173930068071	0.5301062098533348
THCA	Myeloid dendritic cell	XCELL	500	-0.09321841167578485	-0.18454242852657732	-0.00029845666152723897	0.03718300086939879	-0.1188922919326979	0.007845958842798038	0.09994152733376074	0.028364036940316674
THCA	Endothelial cell	XCELL	500	0.024142019514710324	-0.06893516561994134	0.11680253225443278	0.5901909552278428	-0.14732144354897536	0.0009644896391746722	0.7358567075704291	0.004936066085304933
THCA	Eosinophil	XCELL	500	0.1584372675884613	0.06649367333120686	0.24771288137716552	0.00037599193506934037	0.11037844510335783	0.013624032252229999	0.002241049491038294	0.0446521090580212
THCA	Cancer associated fibroblast	XCELL	500	-0.21637821965068213	-0.30320440664880455	-0.12598886360710218	1.038316000614433e-06	-0.3065331391514987	2.5695661902205697e-12	1.2686923632507601e-05	9.947528518576661e-11
THCA	Granulocyte-monocyte progenitor	XCELL	500	0.008890617163597294	-0.08410140253560795	0.10172911507472147	0.8428051964016222	-0.02131476505608515	0.634790074744926	0.9080062942491689	0.7653497355080668
THCA	Hematopoietic stem cell	XCELL	500	0.03355891028977966	-0.059549327366836186	0.12608825955790426	0.4540182730501936	-0.1365126114702255	0.002242126319088629	0.6217903494312634	0.010030565111712287
THCA	Macrophage	XCELL	500	-0.2716137428922217	-0.35556223408568577	-0.1833179720583556	6.627998752132798e-10	-0.2500742051773562	1.4923619190894478e-08	1.7276983413892827e-08	2.8886807443761096e-07
THCA	Macrophage M1	XCELL	500	-0.26775827957383525	-0.35192465997552685	-0.17929678302727478	1.1743697602562214e-09	-0.3089657555021196	1.6906962922138415e-12	2.869866101626141e-08	6.815074744903217e-11
THCA	Macrophage M2	XCELL	500	-0.2699887564740497	-0.35402939279143536	-0.18162277586588035	8.444352118720854e-10	-0.25487931684090737	7.697982158677497e-09	2.1301559215611958e-08	1.551500527857166e-07
THCA	Mast cell	XCELL	500	0.36370050743156035	0.2802492643022724	0.4416955170318149	4.4015423416071693e-17	0.3936376538789306	6.081684677608173e-20	3.585423032434173e-15	6.7941105969851306e-18
THCA	B cell memory	XCELL	500	-0.15440597131044717	-0.24383008745270646	-0.06237842388097136	0.0005306633087176184	-0.20080084549089094	6.171581969692357e-06	0.0029792384538484614	6.251524741320496e-05
THCA	Monocyte	XCELL	500	-0.18665685664608708	-0.2748128695754151	-0.09538879974177125	2.6656364083746462e-05	-0.23025318862897182	1.986400142475248e-07	0.00022608759992938973	2.88729537437852e-06
THCA	B cell naive	XCELL	500	0.022162430967155516	-0.07090613264287896	0.11484845355432803	0.621032608705425	-0.036459568317669735	0.4164057168268816	0.7600117371011618	0.5905500010130965
THCA	Neutrophil	XCELL	500	0.25091521601653793	0.16176432076283628	0.3360036040262275	1.286612920828227e-08	0.24576686265583145	2.6704314028160804e-08	2.3618105729757595e-07	4.972088945243273e-07
THCA	NK cell	XCELL	500	0.0011108892628640039	-0.0918211293981335	0.0940237237818266	0.9802319796577529	-0.007911271736768285	0.8600708508451493	0.9883205364780335	0.9163152661592736
THCA	T cell NK	XCELL	500	-0.3284323249067868	-0.4088764601937089	-0.24292351038799492	4.8599000150297723e-14	-0.32087375249436534	2.0590624485772583e-13	2.4678193582813517e-12	9.699920691490459e-12
THCA	Plasmacytoid dendritic cell	XCELL	500	-0.25048592183169693	-0.3355971733902167	-0.16131818956504865	1.364545399837734e-08	-0.31109633158924777	1.1680424788871006e-12	2.4931647258717475e-07	4.8585596728176206e-11
THCA	B cell plasma	XCELL	500	-0.25826646277822374	-0.34295842080565525	-0.16940954417207757	4.621133292049859e-09	-0.2406693716832252	5.242990193700313e-08	9.313727408203581e-08	9.111151847719211e-07
THCA	T cell gamma delta	XCELL	500	-0.08450796934849772	-0.1760480578851826	0.008481170975186237	0.0589850095605457	-0.12114261195597344	0.006742147831601904	0.1431634842006309	0.025034945889423975
THCA	T cell CD4+ Th1	XCELL	500	-0.46200142532259575	-0.5320815217402446	-0.3856342989524874	8.35259275959256e-28	-0.37841274310861694	1.9567729824358686e-18	1.921096334706289e-25	1.8660932588595722e-16
THCA	T cell CD4+ Th2	XCELL	500	-0.07917394898670217	-0.17083961461905814	0.013850489956952013	0.07693900381363963	-0.05592097074713351	0.21238906266723012	0.17510564895886552	0.36924910405907946
THCA	T cell regulatory (Tregs)	XCELL	500	0.09075977089942712	-0.00218116450483348	0.1821461581481911	0.042503231817184337	0.13563013475396177	0.0023958793568666353	0.11161023264284134	0.010585184503218693
THCA	immune score	XCELL	500	-0.10862881815782356	-0.19953721665055382	-0.01586643471958307	0.01509341904690907	-0.13932081261820933	0.001810885134957637	0.04905674852320405	0.008449356655947924
THCA	stroma score	XCELL	500	-0.05954013302394345	-0.15162379638679804	0.033568126953526775	0.18378032844937614	-0.27613521574698296	3.4886244490904064e-10	0.3337580512016074	9.921787194789925e-09
THCA	microenvironment score	XCELL	500	-0.22637196208541321	-0.3127164928675152	-0.13631685472551516	3.125495730004958e-07	-0.3888575624912391	1.84431224821842e-19	4.3420314044400295e-06	1.8977002343510586e-17
THCA	B cell	EPIC	500	0.06218324968738735	-0.03091794142408243	0.15421470262977155	0.16503859066636337	-0.030545134818321593	0.4960143273670652	0.306993762847517	0.6628216062902341
THCA	Cancer associated fibroblast	EPIC	500	0.09722915491761898	0.004345878702678266	0.18844909902792756	0.029718571848756245	-0.003341963390226131	0.9406389649569421	0.08371730254224562	0.9645681492215168
THCA	T cell CD4+	EPIC	500	0.48334371497635986	0.40878096932389285	0.5514965985313993	1.2373190207320002e-30	0.4523661747861913	1.532787039490258e-26	3.721474900817016e-28	3.525410190827593e-24
THCA	T cell CD8+	EPIC	500	0.2279252005220333	0.1379238020531222	0.31419331840149906	2.580405208578981e-07	0.12970261124971236	0.0037038693697937558	3.6292749516344654e-06	0.01535750714304728
THCA	Endothelial cell	EPIC	500	0.199280601818816	0.10836472260756615	0.28689059958397184	7.1219967963901616e-06	0.016403534540546282	0.7147136999676627	7.08575253788436e-05	0.8246967369007213
THCA	Macrophage	EPIC	500	-0.01565977689411561	-0.10842454359938751	0.077375355837908	0.7268578981613367	-0.1397005061757669	0.0017588068578126977	0.834758666305273	0.008225998581396709
THCA	NK cell	EPIC	500	-0.26624284731036196	-0.3504941751145785	-0.17771701928807795	1.4668143651101496e-09	-0.2667706565005188	1.410120628571392e-09	3.413835814036122e-08	3.445982286071339e-08
THCA	uncharacterized cell	EPIC	500	-0.3466501885183848	-0.4258552431826061	-0.2621726530996143	1.4548357087746726e-15	0.00391462168743657	0.9304910363575034	8.917028394080027e-14	0.9594171058191656
THYM	B cell	TIMER	119	0.2614398376884507	0.07461753405300749	0.4305323937542449	0.004078886459915244	0.27188127707559256	0.0028988875565336574	0.0167349906172808	0.01240114917510569
THYM	T cell CD4+	TIMER	119	-0.12350886935889085	-0.30682754930334755	0.06864594048565768	0.18082107573422582	-0.350508461101247	9.976773318697699e-05	0.3294549888727041	0.0006892081921573851
THYM	T cell CD8+	TIMER	119	0.1797857650348712	-0.011135023652829989	0.3580593351126569	0.05040597328150837	0.1738200435368612	0.0597783091944424	0.12745369717859806	0.1435707548834581
THYM	Neutrophil	TIMER	119	-0.00880216493377012	-0.1990077417634511	0.18204249362697503	0.9243080022076176	-0.058258326198529185	0.5308931541704046	0.9573627254653734	0.688444727479351
THYM	Macrophage	TIMER	119	0.2677645811669338	0.08137706943734062	0.43605646108348817	0.0032390314805090404	0.29664851273986	0.0011067891650728202	0.013795874824390358	0.005562397988990652
THYM	Myeloid dendritic cell	TIMER	119	0.062469733656174344	-0.12961237939291417	0.2500329503286342	0.49971966320964606	-0.06030265803024168	0.5165503740605336	0.662115853320812	0.6793514842168471
THYM	B cell naive	CIBERSORT	119	-0.0070243554511336724	-0.197299630854397	0.18376093754528522	0.9395632732333538	0.013518926838314961	0.884476791071928	0.9639684879417363	0.9316552405957
THYM	B cell memory	CIBERSORT	119	-0.13661931251508122	-0.31885834245280387	0.05536115779690002	0.13845584207808442	-0.14596735364566837	0.11475134779114342	0.2700061558729726	0.2357739200543199
THYM	B cell plasma	CIBERSORT	119	0.11086203194509431	-0.08139670211536512	0.295166405496389	0.23002258408034174	0.11676700518164049	0.20794934999391282	0.39019015347251024	0.36412089497366734
THYM	T cell CD8+	CIBERSORT	119	-0.12709015809713717	-0.3101197434555759	0.06502378108132828	0.16840462934781006	-0.1319895158198864	0.15422897267379052	0.31162427863224673	0.29330509881056466
THYM	T cell CD4+ naive	CIBERSORT	119	-0.03293961049857528	-0.22208508411092337	0.15859512317308502	0.7221158496715459	-0.09945238955024878	0.2839500127297905	0.8335963504673846	0.4562480201156739
THYM	T cell CD4+ memory resting	CIBERSORT	119	0.40265068357935335	0.22973694040809822	0.550922792133631	5.632740933233861e-06	0.4056796041069784	5.1780602327415276e-06	5.7957939602485255e-05	5.327951450005098e-05
THYM	T cell CD4+ memory activated	CIBERSORT	119	-0.22756154836059897	-0.40072565737948335	-0.038700223522876706	0.01281221635929214	-0.23034095913107183	0.012095481338135719	0.04333543768584106	0.04066494585736084
THYM	T cell follicular helper	CIBERSORT	119	-0.1893747329440251	-0.36668293332186747	0.001208207621579576	0.03913798639432763	-0.2665549694957844	0.0035263939141270398	0.10424354686772551	0.014652710100145298
THYM	T cell regulatory (Tregs)	CIBERSORT	119	-0.16343942059537506	-0.34328820721523284	0.027970986190682764	0.0757234863092608	-0.26876100374334017	0.0032530290825192264	0.17264071805784822	0.01372097487880278
THYM	T cell gamma delta	CIBERSORT	119	-0.2611357488269998	-0.43026648123580985	-0.0742929727047107	0.004123786989113582	-0.2435290619028526	0.007875193004657858	0.016883777096789638	0.02840590834705925
THYM	NK cell resting	CIBERSORT	119	-0.06647874784472106	-0.25380321338120876	0.12565221011258965	0.4725488900633957	-0.0780749039397805	0.40070319618629885	0.6393308512622412	0.5755876183278577
THYM	NK cell activated	CIBERSORT	119	0.06612005817216747	-0.12600677917690983	0.2534661166648395	0.47494670084230106	0.1456767384421794	0.11548330722188337	0.641243646510151	0.2368876011940069
THYM	Monocyte	CIBERSORT	119	0.25281479002770435	0.06542714750043667	0.42297875529341494	0.005537400738737701	0.24792892556958396	0.006790911931797429	0.021522104262887087	0.02516821388941038
THYM	Macrophage M0	CIBERSORT	119	-0.2541493028656797	-0.4241490425978527	-0.06684705670032705	0.0052850171559108506	-0.23419706449506372	0.010693672849627443	0.020726596870222092	0.03672161040351827
THYM	Macrophage M1	CIBERSORT	119	0.1056900726392252	-0.08659309362693035	0.29038167681542726	0.2526318306828197	0.19204682819293262	0.03721574147582691	0.41837799998721936	0.09932665472387932
THYM	Macrophage M2	CIBERSORT	119	-0.015159041772884367	-0.20510595937709927	0.1758883374269809	0.8700227966308859	0.061761425675783334	0.5064384189082045	0.9241480942207998	0.6717008880363229
THYM	Myeloid dendritic cell resting	CIBERSORT	119	0.1356435674534226	-0.056352224791540347	0.3179649684806429	0.14132218305389774	0.10675089828018301	0.24991396760856194	0.2732788010587241	0.4163637195424614
THYM	Myeloid dendritic cell activated	CIBERSORT	119	0.08553264334527672	-0.10674638248298185	0.2716449001381877	0.35501860729379203	0.11044942378968074	0.2337860546327214	0.5318940815174714	0.3962303743450111
THYM	Mast cell activated	CIBERSORT	119	0.0765963372558857	-0.11563059120957012	0.2632930211494506	0.40769031337040995	0.1299129490200327	0.16087259786216898	0.5805058722790615	0.3027498528215845
THYM	Mast cell resting	CIBERSORT	119	-0.008129206136239964	-0.19836130205129524	0.18269311777605232	0.9300796897997918	-0.03208689920165271	0.7301459687468571	0.9597813637152773	0.8332956035610658
THYM	Neutrophil	CIBERSORT	119	0.02911115653767418	-0.16232859547517484	0.21843885975501767	0.7533085035989133	0.01644671536018277	0.8596912816201653	0.8495633830607878	0.9161605099849676
THYM	B cell naive	CIBERSORT-ABS	119	-0.007411971297023956	-0.19767214882834583	0.18338636456091187	0.9362351061771329	0.01295162114977381	0.8892930833976785	0.9633366487243658	0.9344982778339592
THYM	B cell memory	CIBERSORT-ABS	119	-0.01579907494062813	-0.205719133698914	0.17526788633376725	0.8645862558290877	-0.026546302871419375	0.7753781314163738	0.9216282061864047	0.8639864616238306
THYM	B cell plasma	CIBERSORT-ABS	119	0.12725245503858104	-0.06485951196476687	0.310268835298521	0.16785729281656608	0.13213965029021268	0.15375674160548108	0.3110530876363855	0.292977027133251
THYM	T cell CD8+	CIBERSORT-ABS	119	0.14038598490243556	-0.05153178600192162	0.3223040022954754	0.12780438981204226	0.13531873470762978	0.14401024100782348	0.25404939713527463	0.279444189747191
THYM	T cell CD4+ naive	CIBERSORT-ABS	119	0.09841027818721636	-0.09388959277538088	0.2836312446439317	0.28697322197255865	0.05119045066751664	0.5819680578821094	0.4562996785317838	0.7254621282302122
THYM	T cell CD4+ memory resting	CIBERSORT-ABS	119	0.4216073732427568	0.2512517864661233	0.5666279149339866	1.7953143129022273e-06	0.4217598049937908	1.9692043989499976e-06	2.028808948973326e-05	2.2704622015201124e-05
THYM	T cell CD4+ memory activated	CIBERSORT-ABS	119	-0.21480377310001064	-0.3894053147784335	-0.025299918172215535	0.01897851273520824	-0.21755830285974057	0.0179547244855332	0.05945992371367325	0.05567246053801333
THYM	T cell follicular helper	CIBERSORT-ABS	119	0.07307363623415469	-0.1191243241089527	0.25999299347835114	0.4296551816602686	0.028477742973583117	0.7595159464304491	0.5986544447813557	0.853609471268484
THYM	T cell regulatory (Tregs)	CIBERSORT-ABS	119	0.05566910460976238	-0.1363161664576649	0.24362428849629822	0.5476170042398015	0.004406315972960349	0.9622298649339078	0.7020160719822961	0.9766291267706869
THYM	T cell gamma delta	CIBERSORT-ABS	119	-0.2597037675915824	-0.42901388107650484	-0.07276511662045895	0.004341234437439102	-0.24204461825154217	0.008274097934570538	0.017589872176566726	0.029599014569232213
THYM	NK cell resting	CIBERSORT-ABS	119	-0.044562135908952166	-0.23312207800879114	0.14722729189618466	0.6303576049551848	-0.056959725472050166	0.5401064227195359	0.7657235708456346	0.6942196294652812
THYM	NK cell activated	CIBERSORT-ABS	119	0.13582245038791532	-0.05617056121331197	0.3181287745979757	0.14079335552964437	0.20198020595936927	0.028280819339633712	0.2725684078463853	0.07972458804467758
THYM	Monocyte	CIBERSORT-ABS	119	0.44573027867729537	0.27887560366669784	0.5864619086884009	3.775559784347869e-07	0.44093566786037586	5.813711686628911e-07	5.150423161615507e-06	7.920422541713953e-06
THYM	Macrophage M0	CIBERSORT-ABS	119	-0.22922894330270094	-0.4022012886967597	-0.04045662842362221	0.0121525503406337	-0.20807972893328758	0.02375483594035747	0.0414628899056525	0.06983564550887046
THYM	Macrophage M1	CIBERSORT-ABS	119	0.19325594644637517	0.002820459430626182	0.37016476503369655	0.03522037645735804	0.26330402508475587	0.003966898450882492	0.09569956354987486	0.016258462204350677
THYM	Macrophage M2	CIBERSORT-ABS	119	0.06720615348359095	-0.12493301013868048	0.25448668984785255	0.4677065116895103	0.14565598451015502	0.11553571751329186	0.6354654070992677	0.2368876011940069
THYM	Myeloid dendritic cell resting	CIBERSORT-ABS	119	0.2931619128120839	0.10869409889207056	0.4581116539202832	0.0012136078600747113	0.2754171847570102	0.0025398462438487915	0.005865521301473575	0.011108276077683193
THYM	Myeloid dendritic cell activated	CIBERSORT-ABS	119	0.08705397494627967	-0.1052308554715145	0.2730639509836396	0.34649392933431605	0.11192461280740204	0.2275610048310425	0.5245432783772846	0.3885430257158848
THYM	Mast cell activated	CIBERSORT-ABS	119	0.13097511923595093	-0.06108875073649654	0.3136861395205529	0.15566219010247878	0.18197102211811653	0.04859050800781094	0.29454716559707184	0.12281117408567599
THYM	Mast cell resting	CIBERSORT-ABS	119	0.005100141672455825	-0.1856195836927674	0.19544955256771682	0.9560993665345119	-0.018468666682488054	0.8426520523765867	0.9740355714304173	0.9049078617941373
THYM	Neutrophil	CIBERSORT-ABS	119	0.024703381618873466	-0.16662023860444464	0.21423433227349828	0.7897168564685234	0.012546969542374138	0.8927309573091788	0.8722578838395273	0.9358118077959489
THYM	B cell	QUANTISEQ	119	-0.1018079518495043	-0.2867841369981366	0.09048669143383699	0.2705762711137487	-0.04645324518020975	0.6174204920135682	0.43878364366666234	0.7501908402029371
THYM	Macrophage M1	QUANTISEQ	119	-0.03245158183068135	-0.22162057901376622	0.15907134894088631	0.7260680649896412	0.034135056668890794	0.7136478524220454	0.834758666305273	0.8240883351949787
THYM	Macrophage M2	QUANTISEQ	119	0.1809995069055658	-0.009880594779731364	0.3591525673081512	0.048846061745684684	0.32373039397189735	0.000348925409483341	0.12434184714380171	0.002070255464461097
THYM	Monocyte	QUANTISEQ	119	-0.2632477119108847	-0.43211269554856974	-0.07654793914320522	0.003820870203570374	-0.266282986340844	0.003561487657481325	0.015842632551389357	0.014782820319269618
THYM	Neutrophil	QUANTISEQ	119	-0.22429750006168628	-0.3978343974546086	-0.03526530665360376	0.014194590687641765	-0.20255069646639057	0.027828511669564113	0.04656111542674438	0.07890462699637105
THYM	NK cell	QUANTISEQ	119	-0.09616290164965281	-0.281543574867166	0.09613796094431928	0.2981754586174822	-0.05244644227120319	0.5727283594457486	0.4691613855912899	0.720749238954901
THYM	T cell CD4+ (non-regulatory)	QUANTISEQ	119	0.10260061850669701	-0.08969215867833524	0.2875191209122226	0.2668439911698312	0.17924550958669286	0.052120526198257876	0.43475990248613905	0.12930917349948495
THYM	T cell CD8+	QUANTISEQ	119	0.04466541686121726	-0.14712604659219317	0.2332199384883881	0.6295644247847081	-0.14415527274430628	0.11937464674567132	0.7654219219241942	0.2433549889340849
THYM	T cell regulatory (Tregs)	QUANTISEQ	119	0.088115494555964	-0.10417285674997247	0.2740536242489547	0.34062265482439463	0.1605929272564501	0.08235021328689968	0.5184252940301218	0.18482785799792675
THYM	Myeloid dendritic cell	QUANTISEQ	119	0.3083258684088608	0.12513816718482731	0.47118399696084756	0.0006462015478496628	0.48105627817600205	3.509367691635784e-08	0.003485031795989216	6.323330725481988e-07
THYM	uncharacterized cell	QUANTISEQ	119	-0.11092811092586347	-0.2952274773171738	0.08133024328655887	0.2297432224997644	-0.037457037021765484	0.6871707428482065	0.38988541665541615	0.8049243872188397
THYM	T cell	MCPCOUNTER	119	-0.23765133171912836	-0.40964132667515246	-0.0493464916450702	0.00925461315522838	-0.5264578344075252	9.179222403023134e-10	0.033258766026601994	2.3612341839355562e-08
THYM	T cell CD8+	MCPCOUNTER	119	0.014093433983762997	-0.17692100589126952	0.20408473868368412	0.8790875786683645	-0.2053495697170934	0.02569761944753973	0.9272275243035621	0.0740010651815944
THYM	cytotoxicity score	MCPCOUNTER	119	0.08748041589517165	-0.10480588126118867	0.2734615766467573	0.34412767896974317	-0.023754959074829118	0.7984651459230978	0.521931429314079	0.8779523961077932
THYM	NK cell	MCPCOUNTER	119	0.2015667283862698	0.01146782164052144	0.37760367781210735	0.027932105427961894	0.26026108663003444	0.004423247954620527	0.08006930514906965	0.01781143100161304
THYM	B cell	MCPCOUNTER	119	-0.053582110810425874	-0.24165428571849332	0.13836992134051007	0.5627523935311195	-0.16321376670801066	0.0774053187199386	0.7132453350750979	0.17622725763577524
THYM	Monocyte	MCPCOUNTER	119	0.2263637658453212	0.03743922006403254	0.39966507456831885	0.013305195729774	0.29750047133193486	0.001069075529868345	0.044276333358893236	0.00540062703073027
THYM	Macrophage/Monocyte	MCPCOUNTER	119	0.2263637658453212	0.03743922006403254	0.39966507456831885	0.013305195729774	0.29750047133193486	0.001069075529868345	0.044276333358893236	0.00540062703073027
THYM	Myeloid dendritic cell	MCPCOUNTER	119	0.11909984332716139	-0.07309833669275873	0.302768401992747	0.19701268138910752	0.0579159031096335	0.5333149041653596	0.3502070287616796	0.6894998039529631
THYM	Neutrophil	MCPCOUNTER	119	0.509229454493662	0.35293474997882857	0.63787673761929	3.3397128811686166e-09	0.5755821472629615	9.228684819128447e-12	6.983036024261653e-08	3.2508250128641645e-10
THYM	Endothelial cell	MCPCOUNTER	119	0.3318330722119357	0.1508303147366415	0.4913083385057082	0.0002271879370321698	0.4206812682036056	2.1044387680655817e-06	0.0014586286269224695	2.3919638323071e-05
THYM	Cancer associated fibroblast	MCPCOUNTER	119	0.09002991026919242	-0.10226369002312981	0.27583747244625717	0.3301940930541451	0.121502781927913	0.1899694144749023	0.5066990177204629	0.3410378377396088
THYM	Myeloid dendritic cell activated	XCELL	119	-0.27364983769727136	-0.4411853119805747	-0.0876823436974723	0.0026008214370231123	-0.2726449070704	0.0028176882694239233	0.011413256811178865	0.01214681492111085
THYM	B cell	XCELL	119	-0.3918916761074631	-0.5419622731912042	-0.21760075010619634	1.0455325116282399e-05	-0.45843492306781863	1.7856494516253532e-07	9.827000289582736e-05	2.634675228624578e-06
THYM	T cell CD4+ memory	XCELL	119	0.2039525266961086	0.013955506981671357	0.37973499671028604	0.026093648557646974	0.20777210421663386	0.023967259656950547	0.07628576120921253	0.07030156433509124
THYM	T cell CD4+ naive	XCELL	119	-0.13773347410197395	-0.31987805218506976	0.05422903796792836	0.13523719836676293	-0.3819947907998596	1.968972297088766e-05	0.2656322897927666	0.0001726956112142723
THYM	T cell CD4+ (non-regulatory)	XCELL	119	0.21383596726997242	0.024286141421305522	0.3885443947380645	0.01953658113359298	0.2373346920317495	0.00966037801019591	0.06086695795406259	0.033664953671894836
THYM	T cell CD4+ central memory	XCELL	119	-0.03464125055336497	-0.22370403175826603	0.15693393963974525	0.7083931866929025	-0.0298148417179704	0.7485926191889462	0.8241051353672267	0.8457085065093266
THYM	T cell CD4+ effector memory	XCELL	119	0.04344326618171635	-0.14832385136490758	0.2320616848403651	0.6389771440018599	-0.09254941814034182	0.31886975943513435	0.7728115756404126	0.4947542695997521
THYM	T cell CD8+ naive	XCELL	119	0.0577895534402783	-0.13422779789227338	0.2456242837512072	0.5324453767272811	-0.023319740414012496	0.8020810933636349	0.6902723551073173	0.8795700031499418
THYM	T cell CD8+	XCELL	119	-0.17897767230065453	-0.3573312049188977	0.011969872132506434	0.05146721889580161	-0.3992438960555906	7.519945946448343e-06	0.12957941138608134	7.387685590606287e-05
THYM	T cell CD8+ central memory	XCELL	119	-0.07008973080757729	-0.2571942837799923	0.12207997349442869	0.44878006227962314	-0.13414477819676696	0.14755343323341769	0.6174850342824186	0.28405795555944197
THYM	T cell CD8+ effector memory	XCELL	119	-0.43133873144683943	-0.5746493686981216	-0.2623621443690633	9.710462903222256e-07	-0.4783701258118129	4.283743255836973e-08	1.1977258659810417e-05	7.477426843894002e-07
THYM	Class-switched memory B cell	XCELL	119	-0.06697331123196498	-0.25426792966328343	0.1251632477347689	0.4692535945242334	-0.031430687090375053	0.7354584296380866	0.6368557981915142	0.8375478414831866
THYM	Common lymphoid progenitor	XCELL	119	-0.07476608904474516	-0.26157900984628896	0.1174463826174816	0.4190187764128708	-0.17413486917241364	0.05931009111420843	0.5902344895738543	0.14262143681214942
THYM	Common myeloid progenitor	XCELL	119	-0.11105590643812857	-0.2953455848030083	0.08120170830466068	0.22920361852610935	-0.09175840674982277	0.32304125596440747	0.389463530341383	0.4986670650237234
THYM	Myeloid dendritic cell	XCELL	119	-0.30378205345093984	-0.4672744175442388	-0.12020018843934319	0.0007832972800315808	-0.4691327914834045	8.39469830212739e-08	0.00406690368902248	1.3676362650549208e-06
THYM	Endothelial cell	XCELL	119	-0.19789868432414168	-0.3743232405356995	-0.007647716065029433	0.030973147181932375	-0.1711846799204871	0.06381752882135794	0.08650357534382543	0.1507713218679816
THYM	Eosinophil	XCELL	119	0.09032212357413832	-0.10197215324526733	0.27610964359295187	0.3286204354435628	0.12798176993019142	0.16724046471744372	0.5054704573502481	0.3107938293941088
THYM	Cancer associated fibroblast	XCELL	119	-0.18355294204691877	-0.36145088259171604	0.007239600559728866	0.045694750947596785	-0.15938040698509384	0.08472192129048563	0.11808755862862091	0.18907689055125504
THYM	Granulocyte-monocyte progenitor	XCELL	119	0.07761949033975456	-0.1146149596650114	0.26425068163348736	0.4014367449339679	0.008670886637312207	0.925753404086316	0.5751622105869603	0.9563580652808258
THYM	Hematopoietic stem cell	XCELL	119	-0.07557798980213713	-0.26233949318091143	0.11664105349554843	0.4139710595872643	-0.06305240147188784	0.49757603693521807	0.5856102905159926	0.6640007864903422
THYM	Macrophage	XCELL	119	-0.044638893391777165	-0.23319480740911605	0.1471520476725365	0.6297680803302138	-0.014923740484183318	0.8725687381850943	0.7654315182129736	0.9240909442859476
THYM	Macrophage M1	XCELL	119	-0.15089545536586788	-0.33189238873757915	0.040817452896175825	0.10140206156864398	-0.11937792458200973	0.1978916757265382	0.21524541842204017	0.35227341969638737
THYM	Macrophage M2	XCELL	119	0.08042169839748023	-0.11183129255778847	0.2668716359038863	0.3846030031400373	0.137191794464098	0.1384908862225912	0.5615089063553521	0.2727719873361509
THYM	Mast cell	XCELL	119	0.1544482609727132	-0.03718539265627723	0.335125378108446	0.09351767252365545	0.15259514596784643	0.09901701105413246	0.20235423329689695	0.21086956057824505
THYM	B cell memory	XCELL	119	-0.3602256819185732	-0.5153901101520104	-0.18219144160441525	5.7199329836881195e-05	-0.3604560483306766	6.0842551660663376e-05	0.00043852819541608917	0.00045313214665370244
THYM	Monocyte	XCELL	119	-0.1737503497988661	-0.35261589446337444	0.017363846942939236	0.05878650197911027	-0.1630720639493803	0.07766642719221065	0.14312280369758476	0.17655565716368818
THYM	B cell naive	XCELL	119	-0.24188393946478226	-0.41337164322950665	-0.053825318250229716	0.008042820287609652	-0.22972355225234767	0.012334253535606049	0.029366099933955433	0.04132556240293029
THYM	Neutrophil	XCELL	119	0.385096834623541	0.2099638158323401	0.5362856317404213	1.528321363146753e-05	0.42379192687366646	1.7364807036960982e-06	0.00013643234086538366	2.0389307962317547e-05
THYM	NK cell	XCELL	119	-0.0933389719320055	-0.27891783336816595	0.09896035734101631	0.31265501823343783	-0.06094157451317975	0.5121088271379507	0.4866564973299131	0.6756677054007709
THYM	T cell NK	XCELL	119	-0.5010237328762462	-0.6312965229019858	-0.3432529388345623	6.5030645931412155e-09	-0.5055522316978239	5.250666220136309e-09	1.26502400791951e-07	1.103769081759837e-07
THYM	Plasmacytoid dendritic cell	XCELL	119	-0.5265526745089691	-0.6517069149341969	-0.3734846745392598	7.708334927687595e-10	-0.5981315307723923	8.550582850990931e-13	1.957116205666136e-08	3.6339977116711456e-11
THYM	B cell plasma	XCELL	119	-0.21611784770273856	-0.39057377305550167	-0.026677035700140045	0.01824283233132144	-0.19171734855086775	0.037548722836298724	0.05752376968989261	0.09994248215788155
THYM	T cell gamma delta	XCELL	119	0.00518984707886255	-0.18553296531794658	0.19553583195126928	0.955327996816769	-0.11936520098752718	0.19793982175779107	0.973503379607393	0.35227341969638737
THYM	T cell CD4+ Th1	XCELL	119	-0.4924350598106303	-0.6243890684432242	-0.33315507414580003	1.2822353029650849e-08	-0.5273324220428843	8.511145988318506e-10	2.3618105729757595e-07	2.2038795241275072e-08
THYM	T cell CD4+ Th2	XCELL	119	0.010005697194131892	-0.18087848824457378	0.20016343421577443	0.913995802573626	-0.06391353752753998	0.4917100849754665	0.9512809186696357	0.658871292753281
THYM	T cell regulatory (Tregs)	XCELL	119	-0.12545581687341964	-0.308617876507055	0.06667740209123052	0.1739902280210302	-0.1434765542133295	0.1211429283171422	0.3197456311822265	0.24517021207040685
THYM	immune score	XCELL	119	-0.2370317618572853	-0.40909479926593506	-0.048691515026604335	0.009444866368053778	-0.42590019081798186	1.522738919517782e-06	0.03372550456537925	1.8376262886773234e-05
THYM	stroma score	XCELL	119	-0.18721422254512635	-0.36474258781362645	0.0034481221506444874	0.04147274219344749	-0.16004262122785973	0.08341995075988641	0.10949251990302478	0.18659725827869328
THYM	microenvironment score	XCELL	119	-0.30842472582253244	-0.47126898457494576	-0.1252457011848188	0.0006434802418537114	-0.49314142266538613	1.4005542307483966e-08	0.0034751488199558167	2.7380835211131156e-07
THYM	B cell	EPIC	119	-0.09877510326164365	-0.2839699783566355	0.09352442157764256	0.28518153508750893	-0.08094218657116417	0.3835749897910779	0.4547552211224143	0.5585766145560949
THYM	Cancer associated fibroblast	EPIC	119	0.1924725822532403	0.0020068357414912232	0.36946241014459874	0.03598330778262387	0.24056737115957139	0.008688677942834438	0.09750154776857889	0.030792967548123367
THYM	T cell CD4+	EPIC	119	0.21880786212790204	0.029498348308834715	0.3929639475186711	0.01681337351315266	0.31458058586286186	0.0005217062043071731	0.0534971854674458	0.0029182707565680215
THYM	T cell CD8+	EPIC	119	0.07159948725252813	-0.12058493952177034	0.25861072976708427	0.4390444965784292	-0.07483434433898332	0.42059717792678225	0.6087265545316874	0.5935906885690209
THYM	Endothelial cell	EPIC	119	0.12785927930494234	-0.06424522152721068	0.31082620627655205	0.16582249561430765	0.20528137108693847	0.02574783655263178	0.30815872521480175	0.07407950030963227
THYM	Macrophage	EPIC	119	-0.08839196695627405	-0.2743113196697766	0.1038972299101573	0.33910387099192096	-0.059702038595474474	0.5207435877853452	0.5167171222051485	0.6815604926595783
THYM	NK cell	EPIC	119	0.019249394673123487	-0.17192051412455306	0.20902209472548725	0.8353938144410281	0.04423224070145623	0.6343571349407634	0.903066025563843	0.7652997215730901
THYM	uncharacterized cell	EPIC	119	-0.10448654037886343	-0.28926692825583616	0.08780081256872665	0.25810514793984723	0.0676337130954381	0.4667953611873317	0.4243865132232139	0.6386178664249359
UCEC	B cell	TIMER	180	-0.08367079857075178	-0.2355202945972848	0.07216655778525904	0.2641224801441703	-0.09218718111046499	0.21968919484225904	0.4317386694664322	0.3789184842546534
UCEC	T cell CD4+	TIMER	180	-0.07463509638681892	-0.22691373952798286	0.08120575546753417	0.3193723933935137	-0.08444072976275956	0.2610835980029857	0.49416147929111137	0.431461060097918
UCEC	T cell CD8+	TIMER	180	-0.08326512974980786	-0.23513440282516077	0.07257293314133022	0.2664533583694869	-0.09813238629029468	0.19125331616308844	0.4345058045903967	0.342505603618341
UCEC	Neutrophil	TIMER	180	-0.032897122800668366	-0.1868470038532946	0.1226297996893727	0.6610926739831159	-0.04059394523740163	0.5895229060866418	0.7885516642080485	0.7310947483906748
UCEC	Macrophage	TIMER	180	-0.253577783764915	-0.39304125835122833	-0.10271018855146112	0.000593177365776358	-0.2821897293765027	0.00012968001986704333	0.0032620583687560612	0.0008727175175217546
UCEC	Myeloid dendritic cell	TIMER	180	0.08338121720898725	-0.07245664878247796	0.2352448357124429	0.2657849181506948	0.08839361990859135	0.23933701064891047	0.43387672220431606	0.403017963668062
UCEC	B cell naive	CIBERSORT	180	0.31188621506641967	0.16495338931511436	0.44527614254857517	2.025686103609772e-05	0.31180979384972135	2.1480191361607205e-05	0.0001772994265972656	0.00018622516235894493
UCEC	B cell memory	CIBERSORT	180	-0.2458481763864867	-0.3860485507204755	-0.09454671863711878	0.0008790405511059437	-0.24547398958680855	0.0009262043856795864	0.004498754652911309	0.004758816226027835
UCEC	B cell plasma	CIBERSORT	180	0.1430989394220188	-0.01207064405247798	0.2915386242100456	0.05531765309055808	0.14249598267936783	0.057062508428012054	0.13715410499941794	0.13806584650589548
UCEC	T cell CD8+	CIBERSORT	180	-0.14221509341307945	-0.29071288320171695	0.012972709439360523	0.0568562553069673	-0.14644503461954156	0.05044939649885882	0.1400806290171658	0.12652799250194868
UCEC	T cell CD4+ naive	CIBERSORT	180	0.06230149039141848	-0.09350289291058049	0.2151273979307655	0.4060603621160646	0.06369544287721304	0.3969520433396571	0.5790284521786334	0.5720908549421524
UCEC	T cell CD4+ memory resting	CIBERSORT	180	0.02274102938556127	-0.13262819262998923	0.17701947678887348	0.7618772500825792	0.020016932694011152	0.7902709766048223	0.8555327728390272	0.8738573298995631
UCEC	T cell CD4+ memory activated	CIBERSORT	180	-0.061769671030633314	-0.21461817313088907	0.09403207283714606	0.41008699357813244	-0.0646777407935034	0.38969646265761626	0.5830655538685292	0.5641292739693742
UCEC	T cell follicular helper	CIBERSORT	180	0.15424874661640442	-0.0006692662338183956	0.30193646672332564	0.03869305527235892	0.15903228126107283	0.033473954570381735	0.1032695195323709	0.09120777865518648
UCEC	T cell regulatory (Tregs)	CIBERSORT	180	-0.2919503787953886	-0.42751843350806445	-0.14353975646882955	6.9900805380472e-05	-0.29557315218682106	5.8964553549735346e-05	0.0005176366459046317	0.00044336808534512536
UCEC	T cell gamma delta	CIBERSORT	180	-0.09263567640370884	-0.24403591613313833	0.0631728411222588	0.2161461785723705	-0.09594253008299639	0.201397520903877	0.37253980379076257	0.3559965220317175
UCEC	NK cell resting	CIBERSORT	180	0.059458156249956075	-0.09633109306236763	0.21240389806222504	0.4278598683978889	0.06038497386434426	0.42199263450848884	0.5973564319454758	0.5941631980295972
UCEC	NK cell activated	CIBERSORT	180	-0.16589949578451085	-0.31276405455816564	-0.011287543181893114	0.026033258683211654	-0.16582866704535568	0.02652239495868108	0.07624722206094199	0.07580596804710747
UCEC	Monocyte	CIBERSORT	180	-0.012632337064498424	-0.1672071721011879	0.14254862022365083	0.8663421020878855	-0.011985435090410789	0.8734825443909912	0.921991730855643	0.9245578637165066
UCEC	Macrophage M0	CIBERSORT	180	0.07725270548138313	-0.07858976864080433	0.22940947576333526	0.30264662421370286	0.08105027780285153	0.28078507500744293	0.474858868649911	0.45351128670418706
UCEC	Macrophage M1	CIBERSORT	180	0.18309256220337095	0.029013401342160357	0.32867295615230757	0.013887352148091404	0.18511861949712038	0.013107045084446586	0.04574519536565913	0.04335748416259404
UCEC	Macrophage M2	CIBERSORT	180	-0.0978281725918484	-0.24895754605688825	0.05795204177531658	0.19138430422089026	-0.10013557376817193	0.18230497328307516	0.3430472378386029	0.331232549041275
UCEC	Myeloid dendritic cell resting	CIBERSORT	180	-0.043610836908301476	-0.1971808220165679	0.11204811546962302	0.5610374725934119	-0.0469311135990391	0.5327323493611988	0.7117639577677612	0.6894998039529631
UCEC	Myeloid dendritic cell activated	CIBERSORT	180	0.18628430794737658	0.03231475478741186	0.3316172435843757	0.012286381721553268	0.19299100624398596	0.009644141172690746	0.041846474330377414	0.03363835145871616
UCEC	Mast cell activated	CIBERSORT	180	-0.02474768048345136	-0.17896365123334665	0.13065520353902743	0.7415795292639834	-0.024338910501092183	0.746393058248265	0.845092169069441	0.843964447240128
UCEC	Mast cell resting	CIBERSORT	180	-0.021091187128789667	-0.17542009959347574	0.13424943662204644	0.7786890223532611	-0.0207476556954445	0.7828017737230292	0.8652364508664082	0.8690388799707678
UCEC	Eosinophil	CIBERSORT	180	0.07509770058649831	-0.08074359411235668	0.22735495095107203	0.31637366916051995	0.0774362589518039	0.3028615410232675	0.49088136762604484	0.47807372846224305
UCEC	Neutrophil	CIBERSORT	180	-0.11856646652808149	-0.2685364972147451	0.03701538670180593	0.1129093597001739	-0.11999645486177589	0.10960248043632176	0.23333400397963064	0.2279126697335662
UCEC	B cell naive	CIBERSORT-ABS	180	0.324356231395184	0.17841857171171985	0.4563306341506728	8.909709312543833e-06	0.3253984615573479	8.80555146909755e-06	8.580532860109948e-05	8.397489327846687e-05
UCEC	B cell memory	CIBERSORT-ABS	180	-0.2408011471244142	-0.3814739669479853	-0.08922735795695841	0.0011290270837748953	-0.24050573415586804	0.0011830354699148135	0.0055319497463155905	0.005892571576263593
UCEC	B cell plasma	CIBERSORT-ABS	180	0.09966615602453213	-0.05610199580029118	0.25069778282019217	0.1831353736161353	0.09896338730402253	0.18750305841227655	0.33289600689869314	0.3376955128475363
UCEC	T cell CD8+	CIBERSORT-ABS	180	-0.06394467692355245	-0.2167002481265643	0.09186730518474312	0.3937678691411668	-0.07554237404345808	0.31487550356409316	0.5679204604728743	0.49006377707068194
UCEC	T cell CD4+ naive	CIBERSORT-ABS	180	0.06230149039141848	-0.09350289291058049	0.2151273979307655	0.4060603621160646	0.06369544287721304	0.3969520433396571	0.5790284521786334	0.5720908549421524
UCEC	T cell CD4+ memory resting	CIBERSORT-ABS	180	0.058083322674598495	-0.09769770726890876	0.2110861550065039	0.43863827755975926	0.05767674931167389	0.4431439997193279	0.6086081451265214	0.6161911808326886
UCEC	T cell CD4+ memory activated	CIBERSORT-ABS	180	-0.06477527333170159	-0.21749498935934608	0.09104022979548092	0.38764021458742765	-0.06781885234474638	0.3670373460602236	0.5626107049134529	0.5425769463498957
UCEC	T cell follicular helper	CIBERSORT-ABS	180	0.15055521318066728	-0.004450602461073529	0.2984959199947255	0.04365883495420238	0.15258461828071093	0.0414403513238756	0.11395597107538806	0.10892906901417579
UCEC	T cell regulatory (Tregs)	CIBERSORT-ABS	180	-0.22055312788047202	-0.36305180234776335	-0.06797335637698576	0.0029285423236071312	-0.2373707701186069	0.0013770993331809931	0.012636327197210888	0.006738996736843157
UCEC	T cell gamma delta	CIBERSORT-ABS	180	-0.09500219160875203	-0.24627994987130294	0.060794483707565974	0.20459101213258965	-0.0985529966923298	0.18934834362658917	0.35924624902139046	0.34050596927924726
UCEC	NK cell resting	CIBERSORT-ABS	180	0.057944462378564675	-0.09783570473847304	0.2109530300108455	0.43973544917015	0.05873146857034858	0.4348360423534416	0.6090561835831692	0.6078687613879001
UCEC	NK cell activated	CIBERSORT-ABS	180	-0.06260267084509447	-0.21541574575704014	0.09320316817572899	0.4037904164892121	-0.06750292869196518	0.3692787935561883	0.577265275492804	0.5448604086055457
UCEC	Monocyte	CIBERSORT-ABS	180	0.053595388902332695	-0.10215472488281038	0.20678071017131883	0.4748797890850684	0.05203382728301887	0.4890900736247897	0.641243646510151	0.6567109161651538
UCEC	Macrophage M0	CIBERSORT-ABS	180	0.13561227672253637	-0.01970365210369845	0.2845371361857258	0.06950106086332698	0.13523725953412016	0.07107836088539579	0.16183788070537294	0.16485544562246085
UCEC	Macrophage M1	CIBERSORT-ABS	180	0.1366610505632946	-0.018635466769511357	0.28551890185423173	0.06735182329692894	0.14284165427311327	0.056456449127031724	0.1578810725965181	0.1369972409782866
UCEC	Macrophage M2	CIBERSORT-ABS	180	-0.03926254887628166	-0.19299082972153792	0.11634707816757343	0.6007693968035632	-0.05475355603924991	0.4666338656857154	0.7464278174457999	0.6386178664249359
UCEC	Myeloid dendritic cell resting	CIBERSORT-ABS	180	-0.04625351429830392	-0.19972455698221347	0.10943256586316011	0.5375230860203999	-0.04992077012070302	0.506927664083075	0.6945523021611909	0.6718939547677367
UCEC	Myeloid dendritic cell activated	CIBERSORT-ABS	180	0.21137692660245408	0.05838664190226955	0.35466621421351524	0.004393705670372035	0.21519713633603382	0.003816497692089984	0.017784046761029664	0.01570790102744404
UCEC	Mast cell activated	CIBERSORT-ABS	180	-0.0279463987190379	-0.1820602899358548	0.12750759753818583	0.7095943629728121	-0.028647071163154722	0.7034520514616638	0.8250115846636025	0.8166582972300791
UCEC	Mast cell resting	CIBERSORT-ABS	180	-0.0017197395410256152	-0.15658004978015141	0.15322309950968482	0.9817204667065045	-0.002246686114067485	0.9761882258404684	0.9893110888717609	0.9852596703758987
UCEC	Eosinophil	CIBERSORT-ABS	180	0.07476364433775078	-0.08107733729708626	0.2270363491490662	0.3185372669298476	0.07708302691895216	0.3050790486921486	0.4935041720093905	0.48002377480334046
UCEC	Neutrophil	CIBERSORT-ABS	180	-0.10818467163944985	-0.258750545470556	0.047513583933446825	0.14829390118309854	-0.11016738878722325	0.1420809872548394	0.2842643058118721	0.2776387516764461
UCEC	B cell	QUANTISEQ	180	0.156104568267715	0.0012323457372515245	0.30366372388423674	0.036383264781666806	0.15572163209077997	0.037385167574888994	0.09832228876884495	0.09964281200941784
UCEC	Macrophage M1	QUANTISEQ	180	-0.11446336251284177	-0.2646725789992883	0.041168603563541045	0.12601138769777737	-0.11908390279348509	0.11234804908965286	0.2521517532744675	0.23224182172634486
UCEC	Macrophage M2	QUANTISEQ	180	-0.006470367640137711	-0.16121081216691427	0.1485805724360709	0.9313032842019858	-0.011864706705840297	0.8747464605338857	0.9602837134044738	0.9253115921954962
UCEC	Monocyte	QUANTISEQ	180	-0.03757716772506667	-0.19136529436564564	0.11801177453961854	0.6165011425528025	-0.035338770188543527	0.6386158710365784	0.7575485441173658	0.7679185606044479
UCEC	Neutrophil	QUANTISEQ	180	-0.06573364152063016	-0.21841173517061835	0.09008565709652418	0.3806420060106727	-0.06837135783820666	0.3631376344060977	0.5572108736434782	0.5394635830272956
UCEC	NK cell	QUANTISEQ	180	0.05484751290558941	-0.10091185504599923	0.2079825171626235	0.4646076674233453	0.0536267832154403	0.4758678986324235	0.6327467710293556	0.6452020131732529
UCEC	T cell CD4+ (non-regulatory)	QUANTISEQ	180	0.09337706578587843	-0.06242793209576967	0.24473910858437675	0.21247709836367643	0.09969647147185652	0.18423962767709406	0.3682559639193151	0.33304528165392405
UCEC	T cell CD8+	QUANTISEQ	180	-0.096103471826617	-0.24732367945357636	0.05968708908783331	0.19936831486282255	-0.11108925089935058	0.13875411721164138	0.35225038911596757	0.2730390529932148
UCEC	T cell regulatory (Tregs)	QUANTISEQ	180	-0.07314577320559588	-0.2254928642834242	0.0826931979079254	0.3291514057556298	-0.08829474627705876	0.2398650252914423	0.5056469127922225	0.40373321088658604
UCEC	Myeloid dendritic cell	QUANTISEQ	180	0.27552116200981114	0.12599651856530378	0.4128051610546637	0.00018149668384363426	0.2872168079984405	9.689591643070816e-05	0.0011947003936508586	0.000671742966744803
UCEC	uncharacterized cell	QUANTISEQ	180	-0.1411793271291107	-0.28974492774123956	0.014029505383722923	0.05870407522728356	-0.14825853887036322	0.04763309385152317	0.14307452646460794	0.12116940279497346
UCEC	T cell	MCPCOUNTER	180	-0.04490573006663869	-0.19842749251093575	0.11076678417239154	0.5494540736236786	-0.04435913466612362	0.5554472558832496	0.7022202346883276	0.7074263096102625
UCEC	T cell CD8+	MCPCOUNTER	180	-0.10089719893475359	-0.2518628114679976	0.054862275221546	0.17775842034717843	-0.11594589532823882	0.1222011702819029	0.32523885051823476	0.2468009172532233
UCEC	cytotoxicity score	MCPCOUNTER	180	-0.223844472486049	-0.36605395362145043	-0.0714188242624816	0.002521981332301379	-0.23613870291524341	0.0014610296125741745	0.011128704631210871	0.007070081417283443
UCEC	NK cell	MCPCOUNTER	180	-0.10683977223566554	-0.2574805686870282	0.048871050606328646	0.15343323442667428	-0.12435958480566034	0.09719513318392883	0.2917918028250469	0.20789549822164208
UCEC	B cell	MCPCOUNTER	180	0.14784414531527895	-0.007223299828749611	0.2959680960576152	0.04763429871303704	0.149636795337017	0.045581429496624776	0.12197125603665673	0.1174067123397911
UCEC	Monocyte	MCPCOUNTER	180	-0.08171141172640757	-0.23365598823596065	0.07412887875469384	0.27551023219024195	-0.09925214768586955	0.1862125850499927	0.44367586814820675	0.33583542783462705
UCEC	Macrophage/Monocyte	MCPCOUNTER	180	-0.08171141172640757	-0.23365598823596065	0.07412887875469384	0.27551023219024195	-0.09925214768586955	0.1862125850499927	0.44367586814820675	0.33583542783462705
UCEC	Myeloid dendritic cell	MCPCOUNTER	180	-0.09935805598839549	-0.25040613608164164	0.05641219251516477	0.18449960097550677	-0.12251778238567475	0.10228956979811965	0.33459807041476414	0.21644114380011462
UCEC	Neutrophil	MCPCOUNTER	180	0.2675886434708439	0.11755946405193943	0.4056754106018869	0.00028175890911009147	0.27368254581678225	0.00020972914339943225	0.0017486941819372342	0.0013443294273635738
UCEC	Endothelial cell	MCPCOUNTER	180	0.16499180272634195	0.010354414561493946	0.3119218616174024	0.026872322267683064	0.18432570149700825	0.013509984924157123	0.07785305094570354	0.0444272843174553
UCEC	Cancer associated fibroblast	MCPCOUNTER	180	0.08914580138575487	-0.06667695342974071	0.24072370208901772	0.23402476529712324	0.10075430185462733	0.1796043122759726	0.39526429041544353	0.3274261872425129
UCEC	Myeloid dendritic cell activated	XCELL	180	-0.20565465948894776	-0.3494252769381297	-0.05242262992040674	0.00561265135113808	-0.2180807963876426	0.0033606837026442407	0.021749719309167387	0.01409900566238088
UCEC	B cell	XCELL	180	-0.06054482109598914	-0.21344504527124866	0.0952505090261315	0.41944989298710517	-0.06072960933690948	0.4193437616479418	0.5905830326177822	0.5929960607752088
UCEC	T cell CD4+ memory	XCELL	180	0.2052560079581112	0.052007543703047124	0.34905982255700174	0.005707897568987755	0.21170722574828965	0.0044421789259054476	0.02205324060745269	0.01786925884803529
UCEC	T cell CD4+ naive	XCELL	180	-0.08556337780035844	-0.23731997481898312	0.07026999833198701	0.25343265721268415	-0.08848862217647964	0.23883043641366813	0.4192951452879051	0.4025116406799321
UCEC	T cell CD4+ (non-regulatory)	XCELL	180	0.0033397519179453636	-0.15164071880666694	0.1581599521217892	0.9645094904872691	0.002675604384990566	0.9716440296641192	0.9800499240658063	0.9836293314112192
UCEC	T cell CD4+ central memory	XCELL	180	-0.11090846084132651	-0.26132100221964505	0.04476257958153148	0.13828620918225742	-0.11341725803780946	0.13061764184179547	0.2698137062158122	0.26083502533269676
UCEC	T cell CD4+ effector memory	XCELL	180	-0.3096782689918851	-0.4433145833167373	-0.16257493258611072	2.3339251903441236e-05	-0.32828820732014535	7.243706232060912e-06	0.00020161279165077946	7.170352244900802e-05
UCEC	T cell CD8+ naive	XCELL	180	0.22008081296400583	0.06747922287039004	0.3626207444020918	0.002991516442201978	0.21965880310569344	0.0031326226254258208	0.012856652981523102	0.013284766231469586
UCEC	T cell CD8+	XCELL	180	-0.07270757600921192	-0.22507468279872214	0.08313070958322843	0.3320648916280786	-0.07950698043139644	0.290076221559273	0.5091102482200955	0.4623718003655758
UCEC	T cell CD8+ central memory	XCELL	180	-0.12771736284252724	-0.2771366033727441	0.02773332611933557	0.08752973739514497	-0.1453479542976765	0.05221931512877768	0.19281198490986862	0.12947211296989267
UCEC	T cell CD8+ effector memory	XCELL	180	-0.1273373957760409	-0.2767799822084127	0.028119273611792502	0.08848391770948096	-0.12741541998604414	0.08918848833734566	0.19403932599218762	0.19679852674888348
UCEC	Class-switched memory B cell	XCELL	180	-0.2573929158402591	-0.39648674045221516	-0.10674696861720745	0.00048630303593018477	-0.25881873374251435	0.00046823363233294065	0.0027839602788975438	0.0026649104838745237
UCEC	Common lymphoid progenitor	XCELL	180	0.5422937653908582	0.42291785905580415	0.6431681209793412	3.7616042609089234e-15	0.5461761960514266	2.6207040863052507e-15	2.160597305740113e-13	1.6010864027271142e-13
UCEC	Common myeloid progenitor	XCELL	180	-0.046971600561869414	-0.20041540070523742	0.10872147824312625	0.5312194935191854	-0.046849081258215144	0.5334495733694815	0.6898267086217253	0.6894998039529631
UCEC	Myeloid dendritic cell	XCELL	180	-0.2736748837990176	-0.41114722639209267	-0.12403087730688811	0.00020130127771680957	-0.29548459086331796	5.928056921660063e-05	0.0013096306087732536	0.0004448887248309183
UCEC	Endothelial cell	XCELL	180	-0.3572661437607467	-0.4853104780246184	-0.21421928453247294	8.509768298740321e-07	-0.37871237229070065	1.7194920784976525e-07	1.06644852718188e-05	2.5612134784307316e-06
UCEC	Eosinophil	XCELL	180	-0.005780752984500868	-0.16053902004268808	0.1492549191571285	0.9386098116689116	-0.007078365289743374	0.9250775507449845	0.9634134810324649	0.9563580652808258
UCEC	Cancer associated fibroblast	XCELL	180	-0.21809279070922574	-0.36080570811859913	-0.06540018428895229	0.003270227779843673	-0.23564155220632121	0.001496200266237449	0.01389846806433561	0.007178089620844695
UCEC	Granulocyte-monocyte progenitor	XCELL	180	-0.07188714171147811	-0.22429157284415963	0.0839496988796635	0.3375640762984961	-0.07436758318852636	0.322481812887314	0.5151739025476658	0.4983809835531216
UCEC	Hematopoietic stem cell	XCELL	180	-0.12390718021503343	-0.2735586612859834	0.031601381820917845	0.09747899228303883	-0.1319609255767475	0.07826266319712726	0.20884540264475718	0.17760128444617965
UCEC	Macrophage	XCELL	180	-0.22451127062862972	-0.3666618033038186	-0.07211728985198589	0.0024461348892070266	-0.23180683422039305	0.0017945799842466197	0.010905800931356298	0.008383282841582178
UCEC	Macrophage M1	XCELL	180	-0.3096553225128639	-0.44329419073525933	-0.16255022301661629	2.3373495487834855e-05	-0.31996844645121186	1.2640581134924798e-05	0.00020161279165077946	0.00011574864692636058
UCEC	Macrophage M2	XCELL	180	-0.30339429375102717	-0.43772482897184617	-0.1558150151150911	3.4713328053003976e-05	-0.30545761220075035	3.211464635493454e-05	0.0002831857854330963	0.0002660344645080382
UCEC	Mast cell	XCELL	180	0.3879332274261635	0.2479297087626333	0.5120644556406659	7.422698984820768e-08	0.3877454916559234	8.201933176226664e-08	1.1655724108694458e-06	1.3588796067392482e-06
UCEC	B cell memory	XCELL	180	-0.16818651400968457	-0.3148850156254925	-0.013639843311352595	0.024018101835181906	-0.1685274974250954	0.024126905452549297	0.07179723102107129	0.07055811542218979
UCEC	Monocyte	XCELL	180	-0.2533406397122543	-0.39282696194191097	-0.10245943106272498	0.000600488153899737	-0.2603867643037525	0.00043113365886826295	0.003292999553643719	0.002482669523085284
UCEC	B cell naive	XCELL	180	0.06176026776617142	-0.09404142864094499	0.21460916862023502	0.4101584007742961	0.06065474998741095	0.419918305944361	0.5830655538685292	0.5932700162440259
UCEC	Neutrophil	XCELL	180	-0.031935728428404316	-0.18591803064366946	0.12357762057854038	0.670409282091481	-0.03234221239011946	0.6673481790778751	0.7948151282527868	0.7911942395040054
UCEC	NK cell	XCELL	180	0.05081569961872037	-0.10491213325190316	0.204111070368948	0.49811900068139076	0.050544633489320145	0.501626238911403	0.6608908356512514	0.668481353117955
UCEC	T cell NK	XCELL	180	-0.24594327895653392	-0.38613468472839485	-0.09464703582480051	0.0008748614269059011	-0.24570141038460944	0.0009157772748916831	0.004489118345409545	0.004723864307158946
UCEC	Plasmacytoid dendritic cell	XCELL	180	-0.2930476748137796	-0.4284985707434548	-0.14471478949355307	6.544662895238809e-05	-0.29727319721911377	5.319644837383038e-05	0.0004892855051698612	0.00040783943753269953
UCEC	B cell plasma	XCELL	180	-0.09862140735898882	-0.24970871514556878	0.057153732289272036	0.18779159283862845	-0.09771341611666741	0.19316472305485502	0.33890598765762636	0.3451892445815737
UCEC	T cell gamma delta	XCELL	180	0.01204318549721117	-0.1431258395047744	0.16663434859913087	0.8725215272287096	0.012822679398383772	0.8647263366186266	0.9245417808846218	0.9187717326572908
UCEC	T cell CD4+ Th1	XCELL	180	-0.3019612944101034	-0.4364486842993458	-0.15427541491621652	3.795455694218366e-05	-0.3111823927009034	2.235983398481911e-05	0.000305984160090594	0.0001917257694750937
UCEC	T cell CD4+ Th2	XCELL	180	0.39624720541498754	0.2571275418568611	0.5192763104056296	3.6656392862790506e-08	0.3961129562901068	4.0493284098866865e-08	6.204610220498306e-07	7.131925262458083e-07
UCEC	T cell regulatory (Tregs)	XCELL	180	-0.03706221126689612	-0.19086845505550432	0.11852023654477024	0.6213433625384831	-0.037226978086670845	0.6207799550111593	0.760154113743889	0.7535702030716029
UCEC	immune score	XCELL	180	-0.2240656728426446	-0.36625561215546065	-0.0716505132548327	0.0024965872056817214	-0.23393613932390525	0.0016228066352728537	0.011063749479320996	0.007672519883817241
UCEC	stroma score	XCELL	180	-0.29249627944543954	-0.42800608794641465	-0.1441242786882914	6.765047759876234e-05	-0.3198576996291791	1.2733210589686531e-05	0.0005019228983133981	0.00011605327134189822
UCEC	microenvironment score	XCELL	180	-0.35761410208864164	-0.48561538786011416	-0.21459987185235338	8.289021055014247e-07	-0.3987781582283238	3.220695049611805e-08	1.045486204035668e-05	5.830054464806555e-07
UCEC	B cell	EPIC	180	0.06762146343070301	-0.08820447387112569	0.2202167801905584	0.36708365484273864	0.06735939059763303	0.3702999644025822	0.5438791551478241	0.5459550757217558
UCEC	Cancer associated fibroblast	EPIC	180	0.1418295532936149	-0.013366117875616285	0.29035261960758346	0.057538377374686804	0.20988691859694247	0.0048038299338760155	0.1411386797584852	0.01906901019437078
UCEC	T cell CD4+	EPIC	180	0.17517936519615332	0.020842929609808193	0.32136104990512	0.01866664467406424	0.20301089703018085	0.006420169258365562	0.058718085821070944	0.024114180403659317
UCEC	T cell CD8+	EPIC	180	0.05613139095414745	-0.09963696083921487	0.20921432224449976	0.4542035819502858	0.057532294942806345	0.44428881927975306	0.621826332431939	0.6171116459622857
UCEC	Endothelial cell	EPIC	180	-0.09495359679497371	-0.2462338864380132	0.06084333949030744	0.2048237191327496	-0.12601150269178316	0.09279895339176554	0.35945275664679127	0.20236953946438396
UCEC	Macrophage	EPIC	180	-0.20210202069100522	-0.34616693633878953	-0.0487253967516043	0.006513859702163581	-0.2217145699378153	0.0028565176535382767	0.024584161617239	0.012260136141969991
UCEC	NK cell	EPIC	180	-0.31895753930554505	-0.4515497660649111	-0.17258232121594624	1.2771585450607412e-05	-0.3213410298709376	1.1544194795106562e-05	0.00011535040615012346	0.00010696161528167455
UCEC	uncharacterized cell	EPIC	180	-0.013993237442123236	-0.16852995692397094	0.14121487898995996	0.8520995851090648	-0.018913571104160525	0.8015852450015305	0.9155563005706082	0.8795700031499418
UCS	B cell	TIMER	57	0.08199377754731657	-0.19789623089997713	0.34952155703259324	0.5442842057938935	0.08973598060195948	0.510727270325546	0.6988673075528337	0.6752405549080214
UCS	T cell CD4+	TIMER	57	-0.39694062743064557	-0.606099311655142	-0.13643559726138715	0.0022348276219691008	-0.40984346766922614	0.0017076792508567812	0.010160669769650214	0.008025271479387037
UCS	T cell CD8+	TIMER	57	0.4818511796733213	0.23801805443469665	0.6685478696178423	0.00014761027818892565	0.4680554479041726	0.0002751425215517282	0.0009950968753770677	0.0016862182747135696
UCS	Neutrophil	TIMER	57	0.052696396162820854	-0.22600472326998314	0.32342328677147664	0.6970501192174209	0.05200664164119747	0.703454001296907	0.816252161168049	0.8166582972300791
UCS	Macrophage	TIMER	57	0.0962535649468499	-0.18404651038313416	0.362075801835512	0.476306821819555	0.03877063089792855	0.776643566521703	0.642636188169241	0.8651499558689056
UCS	Myeloid dendritic cell	TIMER	57	0.03707544723878662	-0.24080444903576395	0.3093376471901427	0.7842335266457053	0.0030151545136256393	0.9824044928318465	0.8679176589823684	0.9889808359867456
UCS	B cell naive	CIBERSORT	57	0.21279018882960668	-0.06652987597733273	0.461182669225516	0.1120155337111455	0.21533000309840186	0.11098132013854398	0.2318585160458332	0.23008322467746922
UCS	B cell memory	CIBERSORT	57	-0.18546460561157718	-0.43848726472930766	0.09479875064043874	0.1672106858664227	-0.17352176007162293	0.20091173927165742	0.3102960520824456	0.3554592310190862
UCS	B cell plasma	CIBERSORT	57	0.26169425273777347	-0.014792919454725419	0.5010047501095753	0.049253283849870794	0.28476987501291984	0.03340188471285472	0.12521478534004862	0.09107487393811851
UCS	T cell CD8+	CIBERSORT	57	-0.14458925741985312	-0.4039247541742703	0.13625788480470577	0.2832300236527399	-0.13031446786063466	0.3384260803909079	0.45229667812807767	0.5149325230328226
UCS	T cell CD4+ naive	CIBERSORT	57	0.15727431080910537	-0.12349608114313597	0.4147305336472626	0.24265470204436362	0.14031143184104494	0.3023411144720546	0.40598197903015054	0.4778309448608462
UCS	T cell CD4+ memory resting	CIBERSORT	57	0.049536409268505735	-0.22900900069307972	0.3205835276418681	0.7144166814629787	0.04531718345953547	0.7401577172512199	0.8286470556274834	0.8405508784351641
UCS	T cell CD4+ memory activated	CIBERSORT	57	-0.06629929725257448	-0.33559226654799645	0.21301129143665762	0.624134628456813	-0.048915455666041	0.7203372063103045	0.761600459524615	0.8274550763730885
UCS	T cell follicular helper	CIBERSORT	57	0.025602800103707544	-0.25159227132268436	0.29891593664550925	0.8500572214256082	0.032533159727011526	0.8118594985663662	0.9138641011201892	0.8835011962188134
UCS	T cell regulatory (Tregs)	CIBERSORT	57	-0.29172621723946157	-0.5249673521925239	-0.017729806593700805	0.027677555757647576	-0.293384050811532	0.028198947946605223	0.07945612555976653	0.0796225292941417
UCS	T cell gamma delta	CIBERSORT	57	0.18689536111037644	-0.09332973406166162	0.43968364629508927	0.1639016081535861	0.1636627579533467	0.22810158377629505	0.305314572596723	0.38912617476671624
UCS	NK cell resting	CIBERSORT	57	-0.07024740313474051	-0.33910744215080696	0.20922148851936853	0.6035873656664938	-0.07236702065356826	0.5960933777548243	0.7485019345880085	0.7340866478807442
UCS	NK cell activated	CIBERSORT	57	-0.21218113143723444	-0.4606803301775837	0.06716488239396158	0.11307012907041064	-0.18235880828360249	0.17856704145344507	0.23342355050966504	0.3264128714740394
UCS	Monocyte	CIBERSORT	57	-0.08870817729597487	-0.3554448723400157	0.19138880801152214	0.5117019378392227	-0.09740699069029402	0.47511112178758763	0.672633397960934	0.6445817092954433
UCS	Macrophage M0	CIBERSORT	57	0.003506955610428834	-0.27217689360150155	0.27865875868715384	0.9793447460649333	0.039531349541037444	0.7723774878504066	0.9881087978167896	0.8623970618108795
UCS	Macrophage M1	CIBERSORT	57	0.06691803356061717	-0.21241791877907787	0.33614365122303136	0.6208951292116492	0.022064370931688993	0.8717703636714891	0.7600117371011618	0.9239213501083015
UCS	Macrophage M2	CIBERSORT	57	-0.09651283380865959	-0.3623031716926956	0.1837936628217265	0.4751142501089927	-0.19162879805713345	0.15711968997898415	0.6412484355975704	0.2972123792055288
UCS	Myeloid dendritic cell resting	CIBERSORT	57	-0.045809448212043746	-0.31722797677352854	0.23254550755235973	0.7350849732169087	-0.04654672151069861	0.7333653765815267	0.840517496555958	0.8357501085496268
UCS	Myeloid dendritic cell activated	CIBERSORT	57	0.047321575128772116	-0.2311115397897057	0.3185902325364954	0.7266758335516668	0.06266697459495128	0.6463554572445348	0.834758666305273	0.7745172656531202
UCS	Mast cell activated	CIBERSORT	57	-0.35341689901345585	-0.573057357567169	-0.08640662707781056	0.0070018345767713305	-0.3784298558388778	0.004029677660618504	0.02622334597239071	0.01646399127797111
UCS	Mast cell resting	CIBERSORT	57	0.3752848869274147	0.11137588965405429	0.5897486436833447	0.004020940304382119	0.4114996522780413	0.0016283141372047836	0.01654934377908851	0.007689261203467034
UCS	Eosinophil	CIBERSORT	57	-0.04873487423007236	-0.3198624433084316	0.22977019704676507	0.718845113549759	-0.022561571141409015	0.8689059591678815	0.8313638649013929	0.9222101792471272
UCS	Neutrophil	CIBERSORT	57	-0.12341444112366347	-0.3857242734093204	0.15735516268714853	0.3603916948886272	-0.09908762120291183	0.46748901947965554	0.5372239302425681	0.6393431501103368
UCS	B cell naive	CIBERSORT-ABS	57	0.29756611404423017	0.024122107613526015	0.5295844751116251	0.02457670653010773	0.2831863768580948	0.03444021249862156	0.07296501331262051	0.09319116323156422
UCS	B cell memory	CIBERSORT-ABS	57	-0.197679042263976	-0.44867206996760123	0.08221828473774115	0.14049015779373836	-0.18846877660317607	0.16420631183688414	0.2724421417566992	0.30690567843318206
UCS	B cell plasma	CIBERSORT-ABS	57	0.21830621729753114	-0.060768513376791955	0.4657249458131457	0.10280492667807516	0.21887932543446084	0.10507777828654395	0.21704495859140058	0.22136536266184634
UCS	T cell CD8+	CIBERSORT-ABS	57	-0.15172146294280553	-0.41000925196972493	0.12909397857908214	0.2598983227237229	-0.17446443856253221	0.19843790713201903	0.42679648964710476	0.352613856983892
UCS	T cell CD4+ naive	CIBERSORT-ABS	57	0.15727431080910537	-0.12349608114313597	0.4147305336472626	0.24265470204436362	0.14031143184104494	0.3023411144720546	0.40598197903015054	0.4778309448608462
UCS	T cell CD4+ memory resting	CIBERSORT-ABS	57	0.03786552750367455	-0.2400589946276273	0.3100529542323896	0.7797497088030066	0.0015450235721048903	0.9909831974680977	0.8652364508664082	0.9945442253850775
UCS	T cell CD4+ memory activated	CIBERSORT-ABS	57	-0.06629929725257448	-0.33559226654799645	0.21301129143665762	0.624134628456813	-0.048915455666041	0.7203372063103045	0.761600459524615	0.8274550763730885
UCS	T cell follicular helper	CIBERSORT-ABS	57	-0.020871143375680586	-0.2945986437075443	0.25602151449251387	0.8775313452841427	-0.0556291326180189	0.6838488161323463	0.9265858925360513	0.8030602012278101
UCS	T cell regulatory (Tregs)	CIBERSORT-ABS	57	-0.2491675714602832	-0.4909000363901249	0.028187800222207383	0.061609557329148815	-0.27149438111027985	0.042965464143865935	0.14723204040179622	0.11207135743997051
UCS	T cell gamma delta	CIBERSORT-ABS	57	0.18932889445816778	-0.09082831789315896	0.44171648094353205	0.15838391963300535	0.16574461943236285	0.22215816555194232	0.2976994076649627	0.38186702335581924
UCS	NK cell resting	CIBERSORT-ABS	57	-0.08506418119705865	-0.3522328647904242	0.19492353316813021	0.5292611706489703	-0.08754106350915375	0.5211618581581862	0.6879691413688409	0.6817473621273028
UCS	NK cell activated	CIBERSORT-ABS	57	-0.1137078229578091	-0.3773122951292834	0.16694132129621195	0.39968027213385726	-0.12010748801731574	0.37792387189111337	0.5745403911924198	0.5526052083672109
UCS	Monocyte	CIBERSORT-ABS	57	-0.08917366248418462	-0.3558547219136359	0.19093675720461403	0.5094804141476998	-0.10552842171856078	0.43889759349019136	0.671182081980292	0.612014832577264
UCS	Macrophage M0	CIBERSORT-ABS	57	-0.07871167036740273	-0.34661834208606346	0.2010682124778827	0.560567604203421	-0.07707356602148618	0.5723471700384033	0.7113986797907744	0.7205014278332765
UCS	Macrophage M1	CIBERSORT-ABS	57	0.02453007095330541	-0.25259745814932655	0.29793812899490507	0.8562716744135003	-0.03167337072267905	0.8167446075390824	0.9172736557274092	0.8873218714859161
UCS	Macrophage M2	CIBERSORT-ABS	57	-0.10869847031371534	-0.3729539911675975	0.17186783745800063	0.42089871340976076	-0.26957845227127486	0.04451526486829212	0.5918025643443927	0.11534439074554152
UCS	Myeloid dendritic cell resting	CIBERSORT-ABS	57	-0.045809448212043746	-0.31722797677352854	0.23254550755235973	0.7350849732169087	-0.04654672151069861	0.7333653765815267	0.840517496555958	0.8357501085496268
UCS	Myeloid dendritic cell activated	CIBERSORT-ABS	57	0.08951008945576927	-0.19060996587763	0.3561508746880484	0.5078778823011801	0.0984252828738999	0.47048500624331596	0.6704228236805914	0.6403050380826193
UCS	Mast cell activated	CIBERSORT-ABS	57	-0.3248370384427809	-0.5509648614638795	-0.054271594770376276	0.013686302101913064	-0.36322130903514566	0.00593318753847146	0.045273638932724264	0.022677187952515547
UCS	Mast cell resting	CIBERSORT-ABS	57	0.35650585594247314	0.08991342526036306	0.5754261849969606	0.006488842514422343	0.38514698185908414	0.003376953118559068	0.024513405054484405	0.014136923654781539
UCS	Eosinophil	CIBERSORT-ABS	57	-0.04873487423007236	-0.3198624433084316	0.22977019704676507	0.718845113549759	-0.022561571141409015	0.8689059591678815	0.8313638649013929	0.9222101792471272
UCS	Neutrophil	CIBERSORT-ABS	57	-0.1227705396917139	-0.38516760093202346	0.1579927160961265	0.3629224698964762	-0.0988190328854629	0.4687026973759632	0.5399473934693734	0.6399604391414461
UCS	B cell	QUANTISEQ	57	0.20496532097252035	-0.07467094042261321	0.45471672500170257	0.12615048868010514	0.22376106803166013	0.09735740788124281	0.2523009773602103	0.20801500809598875
UCS	Macrophage M1	QUANTISEQ	57	0.005029028090767433	-0.27076696768794256	0.28006207071867223	0.970383448064918	0.017368172640137697	0.8989011404924175	0.9839678261050411	0.9389581806061279
UCS	Macrophage M2	QUANTISEQ	57	-0.2685418786874672	-0.5065009788691625	0.007428505409089877	0.04340451799173457	-0.38407218310357494	0.003474652768199767	0.11344362656930627	0.01446846892828657
UCS	Monocyte	QUANTISEQ	57	0.2983904570775891	0.025026230914459047	0.5302351094965678	0.02416353105458192	0.3168099325551136	0.017361938933719328	0.07201174270077387	0.054048711171053004
UCS	Neutrophil	QUANTISEQ	57	0.019507307481888447	-0.25729602889497677	0.2933521645885813	0.8854785759325313	-0.028088117642823207	0.8371877816250538	0.9307046322301606	0.9011185024219781
UCS	NK cell	QUANTISEQ	57	0.13183821623023076	-0.14899281970724135	0.3929893340522244	0.3282817898831525	0.12313570157246287	0.36592779964738564	0.5051482874628596	0.5413460827170934
UCS	T cell CD4+ (non-regulatory)	QUANTISEQ	57	0.017473980840902015	-0.25919440071118016	0.2914920733144541	0.8973476031214865	-0.04238584161765648	0.7564301066112763	0.9396435801298908	0.8513649156160306
UCS	T cell CD8+	QUANTISEQ	57	-0.17587760757385182	-0.43044752298545325	0.10461073247066358	0.19065063702378512	-0.2197951107300621	0.10359460705157339	0.3425753634021139	0.218830315273718
UCS	T cell regulatory (Tregs)	QUANTISEQ	57	0.10918172226694686	-0.17139318755516902	0.373374945312267	0.4188241908253367	0.09804814125677419	0.4721955414924419	0.5902344895738543	0.641784730367149
UCS	Myeloid dendritic cell	QUANTISEQ	57	-0.16367810092751073	-0.42015816795163236	0.1170180747727521	0.22376027582782454	-0.2182401276689742	0.10612266730071127	0.38315326781777553	0.2228145299385444
UCS	uncharacterized cell	QUANTISEQ	57	-0.12140264454239046	-0.3839843796877097	0.15934634916739684	0.3683346008316713	-0.048301877602566094	0.7237045265567412	0.5449929685518617	0.8293062509773734
UCS	T cell	MCPCOUNTER	57	-0.20611874513870887	-0.4556714943346308	0.07347324503597415	0.12398602585973918	-0.20220618236940535	0.13503710274502942	0.24899094047846954	0.26740208130148635
UCS	T cell CD8+	MCPCOUNTER	57	-0.2190821882291937	-0.4663628892399454	0.05995653518762992	0.1015576513362412	-0.269092323012008	0.044915702516897464	0.21545871770195502	0.11615105611181818
UCS	cytotoxicity score	MCPCOUNTER	57	-0.320132227119523	-0.5472973601267509	-0.049034716689621734	0.01519643611636597	-0.40093486977555354	0.00219688265121835	0.04930959768878916	0.009862010523838977
UCS	NK cell	MCPCOUNTER	57	-0.17695099818511797	-0.4313496905096232	0.10351485991762165	0.18791513586745115	-0.2098625681304881	0.1205688412219592	0.33890598765762636	0.24426122755329557
UCS	B cell	MCPCOUNTER	57	0.1404589058854032	-0.14039320767710825	0.4003906206395782	0.29735373179327873	0.15013220544845876	0.2694106119227907	0.4682453045959403	0.4397887702511101
UCS	Monocyte	MCPCOUNTER	57	0.18362717137671766	-0.09668353269215735	0.43694950658744475	0.1715315883376912	0.14523656071073507	0.2855146521834797	0.31606433100865816	0.4571508149211326
UCS	Macrophage/Monocyte	MCPCOUNTER	57	0.18362717137671766	-0.09668353269215735	0.43694950658744475	0.1715315883376912	0.14523656071073507	0.2855146521834797	0.31606433100865816	0.4571508149211326
UCS	Myeloid dendritic cell	MCPCOUNTER	57	-0.15361680062224528	-0.4116223109995842	0.12718527405966235	0.25392228096501984	-0.27867796921869153	0.037544154390506505	0.4194491417715368	0.09994248215788155
UCS	Neutrophil	MCPCOUNTER	57	-0.06909515167228417	-0.33808231626409074	0.2103284076138828	0.6095534995620633	-0.10020302085121867	0.46246699278840286	0.7536391311480983	0.634511917380686
UCS	Endothelial cell	MCPCOUNTER	57	0.1424682395644283	-0.13838267874922555	0.40211087258585876	0.29042664811747015	0.06496796538097259	0.6342785356029158	0.45918649176680487	0.7652997215730901
UCS	Cancer associated fibroblast	MCPCOUNTER	57	0.12781954887218047	-0.15298719683780224	0.3895275079529466	0.34336823635309366	0.023949195060575842	0.8609207164293374	0.5211839301788029	0.9164935704900383
UCS	Myeloid dendritic cell activated	XCELL	57	-0.2307218596960334	-0.4759013618482006	0.04773227453897087	0.08422125463876341	-0.32240434200350016	0.015378819038761574	0.18774521416052734	0.04902057449906689
UCS	B cell	XCELL	57	0.026969501993492913	-0.25031075431365474	0.30016087374361206	0.8421528994417112	0.058021150857819184	0.6710147123632668	0.9078626514521895	0.7940882340618564
UCS	T cell CD4+ memory	XCELL	57	0.11526532384038957	-0.16540671459241366	0.3786649974227081	0.3932128715734523	0.09705811033260422	0.476701651657723	0.5675386961432995	0.645843194033852
UCS	T cell CD4+ naive	XCELL	57	0.08658024500701596	-0.19345381385198696	0.35356996718200867	0.5219197131694381	0.07797219121331782	0.5678634427007017	0.6809162757732743	0.7171660403616743
UCS	T cell CD4+ (non-regulatory)	XCELL	57	-0.04460463530440777	-0.31614177391281456	0.23368718022334306	0.741807328652945	-0.05329844312501335	0.6964398741187061	0.845092169069441	0.8121323912329678
UCS	T cell CD4+ central memory	XCELL	57	-0.15563293982457393	-0.41333640766682633	0.1251526307993043	0.24766819431462112	-0.138660671221088	0.30812141786925556	0.4114155963007293	0.48278207302563486
UCS	T cell CD4+ effector memory	XCELL	57	-0.2750578070432899	-0.5117130774967891	0.0003929154543946313	0.03838107698407754	-0.2811574788847725	0.035809626928660125	0.10250683812004316	0.09629686471187145
UCS	T cell CD8+ naive	XCELL	57	0.10842484271707635	-0.17213653663988282	0.37271558967675195	0.4220759483591109	0.0968554539330222	0.47762685269437033	0.5923607171874098	0.6466485436409238
UCS	T cell CD8+	XCELL	57	-0.06801043025414356	-0.33711668632691155	0.21136979919036436	0.6151931458321038	-0.07856503945739363	0.564914376109523	0.7563845630088182	0.7150583394588006
UCS	T cell CD8+ central memory	XCELL	57	-0.25284718893470615	-0.4938749808901556	0.024263460797825074	0.05774566375392573	-0.27071543593726755	0.043590121859892125	0.141469639898402	0.11362491764811881
UCS	T cell CD8+ effector memory	XCELL	57	-0.16687020126543806	-0.42285684719029193	0.11378003449559826	0.21473447659672187	-0.13983976397024311	0.30398550411515346	0.3708005622730724	0.4790742930633818
UCS	Class-switched memory B cell	XCELL	57	-0.15631457745529193	-0.41391551474358385	0.12446487971073925	0.24557767040945133	-0.12645620482400513	0.3530427006375411	0.40929611734908555	0.5290904405874993
UCS	Common lymphoid progenitor	XCELL	57	0.38182797139688124	0.11891223253180391	0.594707455014523	0.0033809308951065925	0.38747403844348544	0.003173708454773719	0.01427585291562287	0.013400863993698966
UCS	Common myeloid progenitor	XCELL	57	-0.2806898567272006	-0.5162041690630442	-0.0057103556251837315	0.034435598194767665	-0.2955157652798016	0.027021847149793582	0.09376266639383118	0.07712074624503132
UCS	Myeloid dendritic cell	XCELL	57	-0.25324133887848593	-0.4941933140771699	0.023842589937410938	0.05734365712022554	-0.3283919300234892	0.013474212898475271	0.1410149052453345	0.044346946492456484
UCS	Endothelial cell	XCELL	57	-0.1881117525181069	-0.44070007398978583	0.09207985375481748	0.1611262673172188	-0.31029059590907	0.01994401264837074	0.30143717952647153	0.060591367098002794
UCS	Eosinophil	XCELL	57	-0.05994433028288637	-0.3299183595079285	0.21909384921409422	0.6578077162091365	-0.01274678177126956	0.925712500369534	0.7865190917803098	0.9563580652808258
UCS	Cancer associated fibroblast	XCELL	57	-0.23433939262606363	-0.47885415407511417	0.043915988752793664	0.07933649896948661	-0.26568610440817747	0.04780504255703926	0.17949223489261912	0.12137514051819709
UCS	Granulocyte-monocyte progenitor	XCELL	57	0.042308301813755514	-0.23586104749214037	0.31406953390142955	0.7546727292610622	0.004739256140219648	0.9723463741768976	0.8506112341916268	0.9838425995358058
UCS	Hematopoietic stem cell	XCELL	57	-0.16580243712730103	-0.42195463852639975	0.11486382968781082	0.21772475990473386	-0.258340376270468	0.05455392984639665	0.37469357888534743	0.13415167681362594
UCS	Macrophage	XCELL	57	-0.21882542444374925	-0.46615182633751223	0.06022525442802496	0.10196906288396036	-0.26398946404453244	0.04929987504942096	0.2159799760976625	0.12444319654179209
UCS	Macrophage M1	XCELL	57	-0.21856968016247755	-0.4659415734902432	0.06049286649341421	0.10238012197998893	-0.2721782045539018	0.042423165951414064	0.21645888416145523	0.111027161224919
UCS	Macrophage M2	XCELL	57	-0.393890816862668	-0.6038072676394663	-0.13288611490026686	0.0024333282542415807	-0.4001426333446087	0.002245911262902562	0.010873501113239521	0.010036014900513162
UCS	Mast cell	XCELL	57	0.20618620597931667	-0.07340316991143798	0.4557273185919394	0.12386030977474403	0.22828458948340438	0.09060386247779342	0.24886629559056997	0.1989113432274971
UCS	B cell memory	XCELL	57	-0.09293643911738217	-0.35916400289756345	0.18727821090661256	0.49170455824523385	-0.09041724880363666	0.50751026055362	0.6559415976591144	0.6724381968026616
UCS	Monocyte	XCELL	57	-0.22944917157794043	-0.47486122086883054	0.04907295580290584	0.08599497044049621	-0.2896358119206815	0.030372778926606947	0.1899662906340905	0.08401849427937667
UCS	B cell naive	XCELL	57	-0.17043711573021406	-0.4258670414248573	0.11015471846082125	0.20495437471551503	-0.15094570324621515	0.2667945525639977	0.359467573567418	0.43756992471695927
UCS	Neutrophil	XCELL	57	0.0006649788402996617	-0.2748063082156388	0.2760353797322954	0.9960829999330822	0.004138981383600196	0.9758478703999854	0.9978694670095699	0.9851704552708348
UCS	NK cell	XCELL	57	-0.08163208967348601	-0.3492018747225946	0.19824607057088772	0.5460673638236209	-0.07434306364521398	0.5860704156484279	0.7002700533126788	0.7285123687505746
UCS	T cell NK	XCELL	57	0.03587649072905324	-0.24193505935838555	0.30825157112864926	0.7910510553612886	0.051202413810450605	0.7078332025437071	0.8728635916477887	0.8197455123433808
UCS	Plasmacytoid dendritic cell	XCELL	57	-0.12908479586629087	-0.39061823586310024	0.15173058629449596	0.33857262861909715	-0.13342137359214162	0.32693465503273966	0.5163100537834125	0.5030753644935112
UCS	B cell plasma	XCELL	57	-0.05216039520101049	-0.32294194642976887	0.2265146862433608	0.6999852979510423	-0.01129328052932869	0.9341635045707317	0.8183609768669989	0.9612050797030424
UCS	T cell gamma delta	XCELL	57	0.09056362738586979	-0.18958620066021997	0.3570779455516616	0.5028761655224199	0.09430259835186197	0.48936290530049875	0.6653139393778296	0.656851685453124
UCS	T cell CD4+ Th1	XCELL	57	-0.27691960597904725	-0.5131991398218634	-0.0016223881240095802	0.03703743274266783	-0.2490305989855609	0.0641955688985854	0.09966714523319424	0.15157287101054884
UCS	T cell CD4+ Th2	XCELL	57	0.21655782602379825	-0.06259668229957123	0.4642866102990577	0.1056586431758023	0.2245739464087199	0.09611580645333731	0.2214711874150023	0.20626388761391268
UCS	T cell regulatory (Tregs)	XCELL	57	0.22240466750957938	-0.05647570290345345	0.46909147001170104	0.09634922301192893	0.19368929511329963	0.1526218104590056	0.20689860029497212	0.29166729173739586
UCS	immune score	XCELL	57	-0.10973554576095412	-0.3738572396031225	0.1708490620928312	0.41645392628012595	-0.13865558322511545	0.30813934310463104	0.58805881247934	0.48278207302563486
UCS	stroma score	XCELL	57	-0.23133264194970185	-0.47640029777947535	0.047088504865860144	0.08338030903706939	-0.35175761938458194	0.00784912666446791	0.18640194873352847	0.028364036940316674
UCS	microenvironment score	XCELL	57	-0.27670469276639875	-0.513027671347666	-0.0013896411712252935	0.03719051720476263	-0.3602365229848318	0.0063877506180383655	0.09994152733376074	0.02403591009939546
UCS	B cell	EPIC	57	-0.1759787399533316	-0.4305325448310479	0.10450751095145598	0.190391694707486	-0.17021606730711974	0.20975934179376907	0.34242480510867995	0.36630595194892235
UCS	Cancer associated fibroblast	EPIC	57	0.1705989110707804	-0.10999009681850241	0.4260034499887333	0.20451834350019865	0.12905892284120293	0.34314055237135	0.35924624902139046	0.5196280246986749
UCS	T cell CD4+	EPIC	57	-0.02177858439201452	-0.2954274845753195	0.25517297068898226	0.872250173843582	-0.011170956679012467	0.9348750668401389	0.9245417808846218	0.9614639566305556
UCS	T cell CD8+	EPIC	57	-0.17364532019704432	-0.42856969116448845	0.10688759545820134	0.19643058760356427	-0.1414171183928583	0.29850891402558627	0.35006545010480233	0.4727297909437191
UCS	Endothelial cell	EPIC	57	-0.05165932071558206	-0.32249184408724096	0.22699128127163884	0.7027331646781386	-0.16308564978557766	0.22976845281639732	0.8202624919471546	0.3910756189583054
UCS	Macrophage	EPIC	57	-0.12652320456313196	-0.38840921017846347	0.15427375128399784	0.34832524003033444	-0.205999985723526	0.1277130647720462	0.526256448422955	0.25594981202393674
UCS	NK cell	EPIC	57	-0.17124708322530463	-0.4265498031577889	0.10933044774556865	0.20277812829553826	-0.22205252222596056	0.10000765233707952	0.3569489394152079	0.21271683099969366
UCS	uncharacterized cell	EPIC	57	-0.1321623023074929	-0.39326819138180164	0.14867029267319187	0.3270836430601585	0.02123835023317457	0.8765327231757865	0.5038643183989191	0.9257814553261278
UVM	B cell	TIMER	79	0.03865663759679398	-0.19702622037796905	0.2701156729353386	0.7351841018468993	0.1919190373709046	0.09231619317888916	0.840517496555958	0.20187713385316366
UVM	T cell CD4+	TIMER	79	-0.21221708835611236	-0.4250213141049332	0.022816870749753367	0.06043464671424615	-0.1989910261013337	0.08071022660834472	0.145773885658669	0.181942152212367
UVM	T cell CD8+	TIMER	79	0.36896524443991696	0.14782104065114376	0.5549717405676085	0.0008197038984696552	0.2765074026470409	0.014261720636039102	0.004233873504645115	0.04623824849661102
UVM	Neutrophil	TIMER	79	0.06794060370009736	-0.16864071170253717	0.29712032378979886	0.5518888262292562	0.11151632519545819	0.3310403273242217	0.704270662714227	0.5077943035848201
UVM	Macrophage	TIMER	79	-0.030138472797864982	-0.26219154998838723	0.20520951563904805	0.7920367206335706	-0.06676163868777438	0.5614077245400909	0.8733294937571693	0.7115410706488672
UVM	Myeloid dendritic cell	TIMER	79	-0.3632181110029212	-0.550362244729369	-0.14132315463142572	0.001001776981060129	-0.30197449418230643	0.007210879740852612	0.0050476133968364745	0.026374686423511425
UVM	B cell naive	CIBERSORT	79	-0.28574706996039506	-0.4870928049328438	-0.05555907311322785	0.010687366501717664	-0.14055789716684375	0.21965883729750818	0.03754501619201803	0.3789184842546534
UVM	B cell memory	CIBERSORT	79	-0.016157680559810247	-0.24911756785504857	0.21856973912963273	0.8876070931790304	-0.05804908417450738	0.6136821348931972	0.9314395422249085	0.7470414531234125
UVM	B cell plasma	CIBERSORT	79	-0.14024197282570117	-0.362260205372181	0.09683589296073955	0.21767559800115308	-0.07473342549063614	0.5155102044217293	0.37469357888534743	0.67837130004497
UVM	T cell CD8+	CIBERSORT	79	0.13412389120565135	-0.10300906295958465	0.35683085639833645	0.23861677833388667	-0.07680369950021444	0.5039110209446163	0.4007695890401619	0.6699395076142297
UVM	T cell CD4+ naive	CIBERSORT	79	0.08175936640254457	-0.1551082442907067	0.3097374409083818	0.4737994935764381	0.1775656623930311	0.11987803783643738	0.6405795366126809	0.2436266826877275
UVM	T cell CD4+ memory resting	CIBERSORT	79	-0.1659149717458902	-0.38488002581004976	0.07073132959709115	0.1439252860986992	-0.08590352081122858	0.4545721678732226	0.27789342171901127	0.6271620241299578
UVM	T cell CD4+ memory activated	CIBERSORT	79	0.17433555859946925	-0.06209801056459809	0.3922423424227767	0.12438558216490102	0.21154467971217106	0.06299174430727801	0.24953700680593277	0.148991220524641
UVM	T cell follicular helper	CIBERSORT	79	0.24296746888169046	0.009612365449323533	0.45122550929189914	0.030961777533611307	0.1412878359723703	0.21724961150851935	0.08650357534382543	0.37567693989297374
UVM	T cell regulatory (Tregs)	CIBERSORT	79	-0.018014898727130683	-0.25085922902934354	0.2168000118271624	0.874787374511669	-0.051988740230822096	0.6512365853421829	0.9249374349217485	0.7775068850955527
UVM	T cell gamma delta	CIBERSORT	79	0.10054380381755672	-0.13656932080754286	0.32676064280285466	0.3779684303274894	-0.07299981076599628	0.5253265992839387	0.5541269450995439	0.6846756677333999
UVM	NK cell resting	CIBERSORT	79	-0.04882255990520042	-0.2795317791497339	0.18721677097842632	0.6691734797926544	0.12767891027238124	0.26528327901462195	0.7939667825462358	0.43600572549271616
UVM	NK cell activated	CIBERSORT	79	0.05021225837629786	-0.18587213540220465	0.2808155377676236	0.6603281943610096	-0.09422692250960459	0.411884505201575	0.788120647115857	0.5865887774065336
UVM	Monocyte	CIBERSORT	79	-0.19627624450840414	-0.41129534778825666	0.03943559361718147	0.0829817752666199	-0.08998874787702592	0.4333222995369937	0.1857233779579186	0.6064030748710255
UVM	Macrophage M0	CIBERSORT	79	-0.07828052349966391	-0.3065686535170035	0.1585234060071329	0.4928797199523981	-0.04449659643763629	0.6988818898354114	0.6566131873982544	0.8140089929271549
UVM	Macrophage M1	CIBERSORT	79	0.07556543380323553	-0.1611848642174757	0.30409202829926985	0.5080467587124277	-0.08788700254447089	0.4441837142928687	0.6704228236805914	0.6171116459622857
UVM	Macrophage M2	CIBERSORT	79	-0.09062804284323273	-0.31779284079018033	0.14637622209901358	0.42701101138949976	-0.051143811386644145	0.656544846212786	0.5969299444164977	0.7821725620633739
UVM	Myeloid dendritic cell resting	CIBERSORT	79	0.1172510164842883	-0.11993972977127045	0.3417790448420015	0.3034356917597242	0.1019432586358347	0.37447663386374797	0.4758315311180618	0.5494197517475627
UVM	Mast cell activated	CIBERSORT	79	-0.07533019130909285	-0.3038773014774	0.1614152979537572	0.5093720766038248	0.01575379673161132	0.8911130766925175	0.671182081980292	0.9351186607267159
UVM	Mast cell resting	CIBERSORT	79	0.2607870082601826	0.028632146282011394	0.4662479863828412	0.020270470047272733	0.16821537757969707	0.14097634773800166	0.06240751014554046	0.2762081606291223
UVM	Eosinophil	CIBERSORT	79	0.06486435096721806	-0.17164114286398433	0.2943006407805672	0.5700782963202518	0.10198461266703651	0.3742818741869713	0.7196879297633246	0.5493401381648115
UVM	Neutrophil	CIBERSORT	79	-0.04848467225387299	-0.2792195247246705	0.18754356853207793	0.67133097581196	-0.009084813104789225	0.9370794675502002	0.7954254895226556	0.9624916801715676
UVM	B cell naive	CIBERSORT-ABS	79	-0.19087598635153108	-0.4066232015987602	0.04503607975793102	0.09198238601163444	-0.09655065918891434	0.4003970915625025	0.1998061829474948	0.5755642903912486
UVM	B cell memory	CIBERSORT-ABS	79	-0.0019299060476843976	-0.23572487628131833	0.23207623320156645	0.986532364158223	-0.06110953780773735	0.5950803936251161	0.9921145946138508	0.7334703881298871
UVM	B cell plasma	CIBERSORT-ABS	79	0.18169867821055954	-0.054519766755992495	0.3986572924555638	0.1090223767220868	0.045255176032730354	0.6940006977449482	0.22686401968246905	0.810667110573189
UVM	T cell CD8+	CIBERSORT-ABS	79	0.2115303037408379	-0.023535548236954303	0.4244319642553037	0.061290879618686844	-0.05966282877567838	0.6038422320449248	0.14696434140514447	0.7392057380387151
UVM	T cell CD4+ naive	CIBERSORT-ABS	79	0.09458844425196844	-0.14246487934550747	0.3213795042543274	0.40700177353452244	0.18044088620546997	0.11390364304103197	0.5801592907473506	0.23437704045340274
UVM	T cell CD4+ memory resting	CIBERSORT-ABS	79	-0.14223239941863447	-0.36402332087632644	0.09482360408824839	0.2111507984857859	-0.11970833872216613	0.2965197434529295	0.3662819973733021	0.47034166202878475
UVM	T cell CD4+ memory activated	CIBERSORT-ABS	79	0.17683430420232824	-0.059529312838048964	0.3944216960872276	0.1189966035041432	0.21328491444312117	0.0608057901444376	0.24098755331464117	0.14514691054014103
UVM	T cell follicular helper	CIBERSORT-ABS	79	0.31632532937403723	0.0890096823204044	0.512320650607839	0.004510455658592694	0.12677000323376775	0.2687285064360406	0.01816236851955501	0.43890077701124436
UVM	T cell regulatory (Tregs)	CIBERSORT-ABS	79	0.20402238964953695	-0.03137630075982702	0.417977418154742	0.07130851500280914	0.012137611458691622	0.9160031558335778	0.16493433287675868	0.9513004977703221
UVM	T cell gamma delta	CIBERSORT-ABS	79	0.12731858089907933	-0.10985425617573306	0.3507739149308019	0.2635018420928418	-0.06153149945994721	0.5925355865472544	0.43102884683990117	0.7324736463483289
UVM	NK cell resting	CIBERSORT-ABS	79	0.03233092021514876	-0.20310639875278896	0.2642340950301437	0.7772863811071535	0.17579806456353333	0.12366854143250997	0.8646477754843199	0.24924948299026492
UVM	NK cell activated	CIBERSORT-ABS	79	0.176121266011176	-0.06026263177228259	0.3938000485633869	0.12051576358952291	-0.043052189867075326	0.7082098058045883	0.24339702253875756	0.8197455123433808
UVM	Monocyte	CIBERSORT-ABS	79	-0.06757694770289349	-0.29678720611174425	0.16899563319185168	0.5540244293642318	-0.052203850220563924	0.6498879076591357	0.7058440921518887	0.7766081048127204
UVM	Macrophage M0	CIBERSORT-ABS	79	0.03430828402190919	-0.20120773700945405	0.2660744797858285	0.7640500880520633	-0.014608352721485503	0.898986918597581	0.8569810224565597	0.9389581806061279
UVM	Macrophage M1	CIBERSORT-ABS	79	0.10582596640453122	-0.13132610585658827	0.33152125234276864	0.35329384835369926	-0.11189600240029175	0.3293862366804266	0.5308064170194151	0.5056537830469053
UVM	Macrophage M2	CIBERSORT-ABS	79	0.3580817916260955	0.13553200850220745	0.5462329765145748	0.0011947635593615087	0.11800789706211476	0.3034836357022532	0.005810355120775496	0.4784762159660524
UVM	Myeloid dendritic cell resting	CIBERSORT-ABS	79	0.18298060447892958	-0.05319759996407065	0.3997719758029428	0.10650492171348908	0.11694360903209484	0.30789602088900464	0.22293053741956226	0.48278207302563486
UVM	Mast cell activated	CIBERSORT-ABS	79	0.0073766918856504665	-0.2269162117753849	0.24086248158250115	0.9485551706040423	0.006426997486882064	0.955464613863818	0.9693930371267769	0.9723754919853015
UVM	Mast cell resting	CIBERSORT-ABS	79	0.2607870082601826	0.028632146282011394	0.4662479863828412	0.020270470047272733	0.16821537757969707	0.14097634773800166	0.06240751014554046	0.2762081606291223
UVM	Eosinophil	CIBERSORT-ABS	79	0.06486435096721806	-0.17164114286398433	0.2943006407805672	0.5700782963202518	0.10198461266703651	0.3742818741869713	0.7196879297633246	0.5493401381648115
UVM	Neutrophil	CIBERSORT-ABS	79	-0.04848467225387299	-0.2792195247246705	0.18754356853207793	0.67133097581196	-0.009084813104789225	0.9370794675502002	0.7954254895226556	0.9624916801715676
UVM	B cell	QUANTISEQ	79	0.39343824126881205	0.17570637324602675	0.5744732862839861	0.00033446296284930907	0.409055086370024	0.00020046264466971084	0.00201192336113969	0.0012942380867172014
UVM	Macrophage M1	QUANTISEQ	79	0.4048231965734068	0.1887989457373677	0.5834759897593547	0.0002151403882770185	0.3072128905184101	0.006220529955023952	0.0013890075528049481	0.02361385643120743
UVM	Macrophage M2	QUANTISEQ	79	0.10491723466407012	-0.13222908307870762	0.33070306518678144	0.35746612183668164	-0.21742656769151145	0.05585046266978982	0.5342861377604836	0.1363806323011914
UVM	Monocyte	QUANTISEQ	79	0.12897371534756766	-0.10819148961475948	0.35224875955792134	0.2572938793254182	0.21260800783164271	0.06164863413807037	0.4237654036067334	0.14653261974459278
UVM	Neutrophil	QUANTISEQ	79	0.5090208787820221	0.312302443399659	0.6638802228719209	1.6661466026471627e-06	0.4210426930357397	0.0001237509367726249	1.8993099756123632e-05	0.0008400454214947281
UVM	NK cell	QUANTISEQ	79	0.4332035053554041	0.22177377561273404	0.6057283132253215	6.670420824153856e-05	0.33830295711068986	0.0024501220523263203	0.00049678753185603	0.010788262640310712
UVM	T cell CD4+ (non-regulatory)	QUANTISEQ	79	-0.5135995914223412	-0.6673331372599717	-0.3178864359659037	1.29462617931896e-06	-0.4161504411590943	0.00015100509538452573	1.548008673130622e-05	0.0009973478428268506
UVM	T cell CD8+	QUANTISEQ	79	0.28981275620194696	0.059977080474737675	0.49046658055419445	0.009577831650562404	0.03631451593883517	0.752270322246733	0.034103184609833255	0.847659066278019
UVM	T cell regulatory (Tregs)	QUANTISEQ	79	0.008781743464777914	-0.2255829962272391	0.24218565738744383	0.9387737500597676	0.028673599234770825	0.8032052779971967	0.9634134810324649	0.8798671037518219
UVM	Myeloid dendritic cell	QUANTISEQ	79	0.010197211360072638	-0.22423900872511995	0.2435177652154961	0.9289289678844277	0.07984783752612556	0.4871040063315175	0.9597813637152773	0.6551691313230937
UVM	uncharacterized cell	QUANTISEQ	79	-0.21343719571567676	-0.4260678789232311	0.0215395047084781	0.0589374913422735	0.19535028757528694	0.08653095369353911	0.1431634842006309	0.19201817760598067
UVM	T cell	MCPCOUNTER	79	-0.18734177215189873	-0.40355938064610386	0.04869332311162569	0.09827751396989488	-0.13177515620390437	0.2501273289889251	0.21025611313720363	0.4163637195424614
UVM	T cell CD8+	MCPCOUNTER	79	0.2501887854939019	0.0172997818542024	0.4573275815395288	0.02616347973952788	-0.022178302911766125	0.8471667078556256	0.07628576120921253	0.9070847196762709
UVM	cytotoxicity score	MCPCOUNTER	79	0.24486368062317432	0.011628301134428552	0.4528297115413341	0.02963522049592444	-0.01597905103396082	0.8895658798204593	0.08354269079961396	0.9344982778339592
UVM	NK cell	MCPCOUNTER	79	0.28373904576436226	0.05338035935711221	0.48542429239817386	0.011275553348309528	0.04082838435286446	0.7226548685050643	0.03918460018639757	0.8286159929192966
UVM	B cell	MCPCOUNTER	79	0.0323271665043817	-0.20311000137729188	0.26423059974555174	0.7773115698032019	-0.04102944147670847	0.7213447912168609	0.8646477754843199	0.8280467592602457
UVM	Monocyte	MCPCOUNTER	79	0.38101265822784813	0.16150445809813624	0.5645974577695623	0.0005318435909939197	0.17153419505001452	0.13318900207027648	0.0029792384538484614	0.2650223908879293
UVM	Macrophage/Monocyte	MCPCOUNTER	79	0.38101265822784813	0.16150445809813624	0.5645974577695623	0.0005318435909939197	0.17153419505001452	0.13318900207027648	0.0029792384538484614	0.2650223908879293
UVM	Myeloid dendritic cell	MCPCOUNTER	79	0.43106134371957155	0.21926782904147263	0.6040580592831409	7.313675121766452e-05	0.2585880430299759	0.02225745810358093	0.0005365191318218917	0.06638007546768113
UVM	Neutrophil	MCPCOUNTER	79	0.3961781888997079	0.17885026056866263	0.576643921461021	0.000301200812434749	0.23868907644649415	0.0353320446295878	0.0018488150339401389	0.09520902446704914
UVM	Endothelial cell	MCPCOUNTER	79	0.2813777994157741	0.0508212009751884	0.48346039830422716	0.012003080608462075	0.11779598746158952	0.30435888196228444	0.04106040698082827	0.47946947158442066
UVM	Cancer associated fibroblast	MCPCOUNTER	79	0.056134371957156766	-0.18013212433150694	0.28627696035476036	0.6231659533230972	-0.10907184547484389	0.34181565453652213	0.761600459524615	0.5182238112593259
UVM	Myeloid dendritic cell activated	XCELL	79	-0.05202587860707386	-0.2824896614395616	0.184115993307799	0.6488544697076359	-0.34249210353850484	0.0021450825926023214	0.7784660867004776	0.009685072675606324
UVM	B cell	XCELL	79	0.26444235422468004	0.032554588998817	0.46931499006632355	0.018520666488941517	0.19016207764161894	0.09539412914320361	0.0583058019096307	0.20529011326723895
UVM	T cell CD4+ memory	XCELL	79	0.5478615526737175	0.3601061879497326	0.6929628145061426	1.7347777655285258e-07	0.5077409260276835	2.0866241574232716e-06	2.5693110087941423e-06	2.3855849285160798e-05
UVM	T cell CD4+ naive	XCELL	79	0.02321609299524853	-0.21183561112561658	0.2557287932826097	0.8390666807696295	-0.10119680057900841	0.3780026816532194	0.9047850859926231	0.5526052083672109
UVM	T cell CD4+ (non-regulatory)	XCELL	79	0.018997733429174372	-0.21586285213841902	0.25178030173346133	0.8680160136334798	-0.03035761032911001	0.7919006876614105	0.9235217995392941	0.8749171203040732
UVM	T cell CD4+ central memory	XCELL	79	-0.16296709163800335	-0.3822960231682921	0.07374532778633368	0.1512847368746034	-0.12282822819757133	0.2840173097088364	0.288829746669775	0.4562480201156739
UVM	T cell CD4+ effector memory	XCELL	79	0.2538404404035009	0.021197643146322036	0.46040585244634596	0.023987345639220854	0.17554400736104345	0.12422080441819411	0.07179723102107129	0.25023356273835085
UVM	T cell CD8+ naive	XCELL	79	0.3783076135404188	0.15842471073518724	0.562440503337515	0.0005869432160878115	0.3121831488962171	0.005393881548030215	0.00324186595492336	0.020943472544983254
UVM	T cell CD8+	XCELL	79	0.20954469489768002	-0.025611998958309606	0.4227270402566228	0.0638219150196569	0.015890650839618714	0.8901730225299007	0.15114699438331827	0.9346338662975059
UVM	T cell CD8+ central memory	XCELL	79	0.27866440991193175	0.047884117966325766	0.4812011051608811	0.012889170271874858	0.11016441171666225	0.33697269973080085	0.04348287813893934	0.5138702246284834
UVM	T cell CD8+ effector memory	XCELL	79	0.17174498649902514	-0.06475780263903932	0.38998031384382326	0.130167620480471	0.09297847590996139	0.41813450572616306	0.2575685202827134	0.5921426719990213
UVM	Class-switched memory B cell	XCELL	79	0.057734485576113014	-0.17857844741700313	0.28775003676208655	0.6132793718941211	-0.02560455194651832	0.82391004517821	0.7560434458884554	0.8918849049409747
UVM	Common lymphoid progenitor	XCELL	79	0.5893122380849739	0.4122335172960419	0.7234874260469547	1.1063792737283517e-08	0.6195706818532288	1.469240209334215e-09	2.06982916759706e-07	3.546129147220235e-08
UVM	Common myeloid progenitor	XCELL	79	-0.3872538242820568	-0.5695645036091026	-0.16862650004613283	0.0004222747081948731	-0.25390457347543244	0.02488929595175067	0.002475403461832015	0.07230100087024155
UVM	Myeloid dendritic cell	XCELL	79	-0.03664004740721104	-0.2682425447808785	0.19896650515083905	0.7485281603611783	-0.30859961021609933	0.005979338089512317	0.8471698831824781	0.022808987248773813
UVM	Endothelial cell	XCELL	79	-0.4757638501469289	-0.6386005920864101	-0.27214754621874815	9.369138908394869e-06	-0.5207559750825886	1.0209605365755075e-06	8.978758120545083e-05	1.291895047899752e-05
UVM	Eosinophil	XCELL	79	-0.1368511589781919	-0.3592529666351494	0.100259493033676	0.2291158040384729	-0.10465941273074483	0.36181542583581355	0.389463530341383	0.5379081045695936
UVM	Cancer associated fibroblast	XCELL	79	0.00808096185088801	-0.22624805874497206	0.24152582053080282	0.94365127696691	0.07997120227949217	0.4864292112041656	0.9661368140719084	0.6547119503642986
UVM	Granulocyte-monocyte progenitor	XCELL	79	0.0981921790934356	-0.13889934003178736	0.3246375146936358	0.38928028571376383	0.005259624825588111	0.963547702221577	0.5637257643703787	0.9772948160016515
UVM	Hematopoietic stem cell	XCELL	79	-0.22505416399472442	-0.4360040786421202	0.009338813897653783	0.04614086752484887	-0.17321655367139324	0.12936828405175718	0.11884768907915619	0.2588689819050003
UVM	Macrophage	XCELL	79	0.10309555891902522	-0.13403803850841317	0.3290618754923622	0.36592113488279776	-0.1392391465931252	0.2240590100377768	0.5425679322683881	0.38407309480390506
UVM	Macrophage M1	XCELL	79	0.016197683694630555	-0.21853163674861786	0.24915509786105464	0.8873306495779009	-0.15410105039223312	0.17795694492361908	0.9313994200938503	0.3255674191542836
UVM	Macrophage M2	XCELL	79	-0.10148490749756572	-0.3276096645309468	0.1356361278809156	0.37349770722737563	-0.3894781509632601	0.00042427664720430297	0.5499107224300053	0.002454325544692264
UVM	Mast cell	XCELL	79	0.719755854159893	0.584206791188317	0.8162414454079024	7.775934415516926e-14	0.7113855033991876	2.897536945757114e-13	3.75356834131743e-12	1.3173685416174785e-11
UVM	B cell memory	XCELL	79	-0.27367280566198593	-0.4770378256540271	-0.042491406275971366	0.014668083433384561	-0.450230661317745	3.5353843862962375e-05	0.04783336632571612	0.0002885877442676052
UVM	Monocyte	XCELL	79	0.17686209385576498	-0.05950072760529482	0.39444591988742583	0.11893769570592778	0.036504972804686044	0.7510131386356845	0.24098755331464117	0.8469747251414844
UVM	B cell naive	XCELL	79	0.033722579180522606	-0.20177031443480456	0.2655295248674687	0.7679638926080111	0.06200766579049465	0.5896697664359536	0.8585771256148912	0.7310947483906748
UVM	Neutrophil	XCELL	79	-0.12106119187315041	-0.3451880930403013	0.11612852580384654	0.287882051735523	-0.13962954702800437	0.22275000493074235	0.45664049585634686	0.38233189366356096
UVM	NK cell	XCELL	79	-0.057817174345415445	-0.2878261310900852	0.1784981263127063	0.612770313700842	-0.0790170296514319	0.491661334598097	0.7560434458884554	0.658871292753281
UVM	T cell NK	XCELL	79	-0.5634570948623745	-0.7045088612497873	-0.37958213312425715	6.436475113745266e-08	-0.5136242200696852	1.5160241054080662e-06	1.0287800284083296e-06	1.835187074967659e-05
UVM	Plasmacytoid dendritic cell	XCELL	79	-0.1156213434278524	-0.34031913388948726	0.1215677109788752	0.3102523166894839	-0.23736024664800448	0.03639666264965167	0.4833014176318255	0.09760696224975174
UVM	B cell plasma	XCELL	79	0.3151562798044381	0.08772132159844054	0.5113623339578519	0.004669414579983394	0.2789055203739271	0.013408249125048132	0.018668109414862032	0.044217212922232484
UVM	T cell gamma delta	XCELL	79	-0.10232988648043428	-0.3283716558278095	0.13479789302315867	0.3695110925237996	-0.10038084119929118	0.3818798779935609	0.545821069802817	0.5566483054737121
UVM	T cell CD4+ Th1	XCELL	79	-0.5559870007313387	-0.698987732427805	-0.3702329882253011	1.0414677384730609e-07	-0.48406340438554796	7.1190864699119175e-06	1.5969171989920266e-06	7.064880227755227e-05
UVM	T cell CD4+ Th2	XCELL	79	0.5364214748755389	0.34592295353850167	0.6844456477749722	3.4791700178427435e-07	0.4326581920510749	7.619677306930975e-05	4.803264147153128e-06	0.0005478194725076829
UVM	T cell regulatory (Tregs)	XCELL	79	-0.006920058573239368	-0.24043227045254015	0.2273493098287783	0.9517357811868664	-0.006893931812012245	0.9522326912929185	0.9713953006430913	0.9703574093535405
UVM	immune score	XCELL	79	0.27950340798442064	0.04879185754615151	0.4818999811025316	0.012609315618325699	0.0864515174405588	0.4516887076446829	0.04268608144385583	0.6247268648357658
UVM	stroma score	XCELL	79	-0.4791869522882181	-0.6412189184382339	-0.2762481546762109	7.90820322249943e-06	-0.5273740610360673	7.016870995277926e-07	7.749642756885405e-05	9.145321863845563e-06
UVM	microenvironment score	XCELL	79	0.03707400194741967	-0.19854912685855727	0.26864577533639444	0.7456502267884019	-0.2514240908003869	0.026387098324980433	0.8466746747887115	0.07547443632090234
UVM	B cell	EPIC	79	0.1254381694255112	-0.11174172911955604	0.3490969860054344	0.27067676432838605	-0.13574261450044264	0.23602344487080926	0.43878364366666234	0.39898472522475753
UVM	Cancer associated fibroblast	EPIC	79	0.22193281402142165	-0.012623874494742704	0.4333393758073444	0.04932991536912307	0.012270333890910649	0.9150880545248175	0.12532811507035166	0.9508355815020028
UVM	T cell CD4+	EPIC	79	0.6023369036027264	0.42885593697519636	0.7329717713212007	4.291657030420489e-09	0.5116269737412389	1.6908125030958425e-06	8.739780723408391e-08	1.991288219007453e-05
UVM	T cell CD8+	EPIC	79	0.6159201557935735	0.44631728707349577	0.7428090632775748	1.5260686788195895e-09	0.5498770274552804	1.8436856826950672e-07	3.530726943304494e-08	2.7100793305780876e-06
UVM	Endothelial cell	EPIC	79	-0.03880233690360273	-0.2702509392314632	0.19688596261238908	0.7342229634903079	-0.2704716508349028	0.016620472678040444	0.8401556298645314	0.05216850875904676
UVM	Macrophage	EPIC	79	0.10613437195715678	-0.1310195638085233	0.3317988517200919	0.3518847508701642	-0.21870975007756002	0.05438386568104471	0.5302001448563938	0.13390485819451187
UVM	NK cell	EPIC	79	-0.09143135345666992	-0.3185208699976349	0.14558346098773006	0.4229076140908233	-0.24019027579734534	0.03416078624864698	0.5925642663494878	0.0926273746409221
UVM	uncharacterized cell	EPIC	79	-0.39113924050632914	-0.5726500103508968	-0.17307186205622546	0.00036493600931171086	0.037516517753710794	0.7443469736011458	0.0021818039700440208	0.842860314735152
