cohort	gene	alias	n	rho	rho_lo	rho_hi	p	rho_purity_adj	p_purity_adj	rho_prolif_adj	p_prolif_adj	q	q_purity_adj	q_prolif_adj
ACC	CD274	PD-L1	77	0.009913226619547594	-0.22754426309404222	0.24625791042818512	0.9318102506860043	-0.023763257519184115	0.8385421044909712	0.003463670736275762	0.9763101213648361	0.953528876668225	0.9023442211370234	0.9822632318609631
ACC	PDCD1LG2	PD-L2	77	-0.10804343238233091	-0.33635644928125885	0.13226535656274868	0.3496275904341139	-0.1771600849529064	0.1257725402215385	-0.042932334895280616	0.7126925532951277	0.471096651076538	0.23474129275358854	0.8017791224570187
ACC	PDCD1	PD-1	77	-0.14998561248803377	-0.3736316555374124	0.09014060121709305	0.19292658171768368	-0.1975864056873644	0.08710292249555861	-0.11808950337206181	0.3096394626330254	0.30806018693630133	0.1789043428850685	0.46587092402233304
ACC	CTLA4	CTLA-4	77	-0.1754478300553584	-0.3959136960196736	0.0641414409678143	0.12695205283083616	-0.21716685774453792	0.0595113913206917	-0.09332101330144767	0.4226556699296679	0.21447531109646384	0.13034574647673625	0.566977118198335
ACC	HAVCR2	TIM-3	77	0.004640279734918956	-0.23253843339865962	0.24129806210137736	0.9680512782448041	-0.034583885238724174	0.7667816103560493	-0.017538415683688156	0.8804696242050678	0.9779293525126083	0.8567875781630799	0.9227597959368209
ACC	LAG3	LAG-3	77	-0.12147032575771805	-0.3483676729968142	0.11887382127392289	0.2926314788213632	-0.11236204267776223	0.3338540874116593	-0.26463564307403004	0.020879528732662942	0.41744259947139706	0.4874860568400335	0.05476078855567831
ACC	TIGIT	TIGIT	77	-0.16851223870195614	-0.3898699632829439	0.07125566644399163	0.14292040427381072	-0.2299088681514584	0.0457240572112512	-0.06726531063220423	0.5637089542524913	0.2366073582459408	0.10987091417266671	0.687280621563998
ACC	IDO1	IDO1	77	0.14245246438828524	-0.09777037546084436	0.3669895300018537	0.2165018074266192	0.14871705444606245	0.19979302609132668	0.10215768246548827	0.37987289363931065	0.33179069559187774	0.3386902325863243	0.5282055928328176
ACC	BTLA	BTLA	77	0.09037918038312703	-0.14975047629407534	0.32044067519919406	0.43438855852574176	0.06577668547940813	0.572389255554151	0.03667844877034519	0.7530943953417143	0.5513393242826723	0.7166045662094306	0.8339635921569319
ACC	SIGLEC15	Siglec-15	77	0.12177580806826627	-0.11856812268993262	0.3486400824947783	0.29141030958467523	0.09795953686509332	0.39986328550618705	0.19256056089035334	0.09561016391431934	0.41690203249830704	0.5558011410138534	0.1931715556636248
ACC	CD276	B7-H3	77	0.5768874342061227	0.39378626614277074	0.7159552147381226	3.988647099464985e-08	0.5823198293346692	3.4299651550306355e-08	0.38026218564717446	0.0007031502916891381	3.796885219683014e-07	3.6124101100854565e-07	0.0034461326176843895
ACC	IL10	IL-10	77	0.020761254229635404	-0.21723032549824028	0.256423018444145	0.8577659325725939	-0.03555622260506126	0.760418585247475	0.0573512751530715	0.6226515199808957	0.9033917800498595	0.8535310650736964	0.7391187107686891
ACC	TGFB1	TGF-beta1	77	0.12332404437667595	-0.11701808934168517	0.3500201110257068	0.2852728938945848	0.10362966642246292	0.37300879607027193	0.04132514660157815	0.723005413666437	0.4093045868922304	0.526038045740127	0.8097006329522315
ACC	ENTPD1	CD39	77	0.43354299348295255	0.2191279503248351	0.6080131723281319	8.192097502025934e-05	0.40595434323879287	0.0002743683556882598	0.4049024779459176	0.00028557652428053614	0.000397557672892435	0.001385840163935598	0.0016063679490780159
ACC	NT5E	CD73	77	0.25351464687574693	0.01765181309114015	0.46264938391876237	0.026103072642458824	0.258753818526282	0.024010295137920662	0.12016597553840912	0.3011486684498186	0.06177618295421432	0.06505085306031214	0.4545937666441734
BLCA	CD274	PD-L1	407	0.3616777283274679	0.26869080063715217	0.4479856763666735	5.051864907483406e-14	0.3768741201739271	3.775645296537691e-15	0.190844415933402	0.00010920570610003004	1.087249186610559e-12	9.344722108930785e-14	0.0007207576602601983
BLCA	PDCD1LG2	PD-L2	407	0.3087234351472117	0.21248381618743536	0.3990313485760482	1.9496990496939278e-10	0.3746687523525666	5.607465103800143e-15	0.17750785084774717	0.00032534005554507134	2.6808361933291507e-09	1.3217596316100338e-13	0.0017893703054978924
BLCA	PDCD1	PD-1	407	0.19434484377024733	0.09321467027352515	0.29150587244789844	7.933784571763738e-05	0.22549098584266397	4.4592823271339606e-06	0.11814130077166342	0.017242880403433806	0.0003888339963389159	3.199050365117842e-05	0.046136355674052616
BLCA	CTLA4	CTLA-4	407	0.22773591981811142	0.12773605537707908	0.32315212540673766	3.460601295340026e-06	0.2625437948476509	7.950025401544215e-08	0.15462055472364866	0.0017797194838486642	2.3791633905462677e-05	7.870525147528773e-07	0.007280670615744536
BLCA	HAVCR2	TIM-3	407	0.25914700311186717	0.1604331133403584	0.3527283199895748	1.1399343524570415e-07	0.320496791084465	3.7618098738319264e-11	0.1574015230808075	0.001464492182321573	1.0259409172113373e-06	6.006760927570334e-10	0.006249341640079126
BLCA	LAG3	LAG-3	407	0.22946491728244225	0.12953020289945458	0.3247849850188889	2.902483380877263e-06	0.2503858861550423	3.2007942229628467e-07	0.0772256154112716	0.120285527658774	2.023562357090486e-05	2.8292734649403735e-06	0.22988932892313949
BLCA	TIGIT	TIGIT	407	0.23308214069575597	0.13328584396655369	0.32819924217112595	2.000038063757026e-06	0.26482170217265305	6.075554282893118e-08	0.1414010192419991	0.004307428332939677	1.4559100611172467e-05	6.265415354233527e-07	0.015015331160599579
BLCA	IDO1	IDO1	407	0.2976523491825459	0.20081263614794376	0.3887310457159299	9.02089476868141e-10	0.3090078617439123	1.9715642403691218e-10	0.19627586951406084	6.849637025473661e-05	1.0148506614766587e-08	2.9573463605536827e-09	0.0004709125455013142
BLCA	BTLA	BTLA	407	0.11876025093427496	0.01595943614505032	0.21907657062630634	0.016529122694798153	0.15967058724175387	0.0012462067492394655	0.11519992294014071	0.02024413005258874	0.041322806736995385	0.005317865007530479	0.05387550739801843
BLCA	SIGLEC15	Siglec-15	407	-0.3050329807046759	-0.3956003588470694	-0.20859027198978303	3.2723066823349723e-10	-0.30794638183598255	2.2894387141711785e-10	-0.15711425111576613	0.0014945014173542057	4.049479519389528e-09	3.333153422102157e-09	0.006322890611883178
BLCA	CD276	B7-H3	407	0.3605596321685898	0.2674974455030799	0.44695735785016105	6.115296491592178e-14	0.3908112404690895	2.88950639678727e-16	0.2377103819086126	1.2688058126490199e-06	1.2612799013908866e-12	7.64652574277023e-15	1.2817528107372751e-05
BLCA	IL10	IL-10	407	0.18236355839295718	0.08088680480919923	0.280098572689611	0.0002166268351093604	0.2586994393991366	1.2444487177357633e-07	0.12418865740612187	0.012268747876740486	0.0009837640676984714	1.2078472848611819e-06	0.03490247240796862
BLCA	TGFB1	TGF-beta1	407	0.2493736900889605	0.15023640910739083	0.3435459131981324	3.465668843252844e-07	0.27347494522929283	2.1374230142256815e-08	0.26104681183709466	9.473671594628709e-08	2.907637419339251e-06	2.35116531564825e-07	1.2674236322543812e-06
BLCA	ENTPD1	CD39	407	0.12774354436506313	0.025077462522278177	0.22774313817272618	0.009886327127531734	0.21968864742723748	7.9082978905724e-06	0.12716708179215155	0.01032155382356831	0.026888636967737405	5.513531627934278e-05	0.030053936133331252
BLCA	NT5E	CD73	407	0.35228743087198416	0.2586773034958026	0.4393422732537123	2.4559074846529976e-13	0.3907284456777475	2.935030083083523e-16	0.30030501139829724	6.598293413168185e-10	4.675670018858592e-12	7.64652574277023e-15	1.5553120188182152e-08
BRCA	CD274	PD-L1	1090	0.24074758235199675	0.1805519981466732	0.29914640264279224	7.755087708693439e-16	0.26089964096741197	2.0995282201317655e-18	0.17378343849413924	7.822352480063445e-09	2.2580990681195602e-14	7.197466916067083e-17	1.4892555683197715e-07
BRCA	PDCD1LG2	PD-L2	1090	0.2265368759669316	0.16597196929363675	0.28539920405187147	3.7558737950200284e-14	0.27459541011181465	2.7260715051780696e-20	0.15950007261341545	1.2140562426169404e-07	8.853131088261496e-13	1.3494053950631445e-18	1.5409175387061168e-06
BRCA	PDCD1	PD-1	1090	-0.008993886994319685	-0.07188423722548865	0.05396769475441524	0.7667720573804305	-0.0034328430166400137	0.9099084225961154	-0.07842125397863903	0.009627825011412933	0.8453277692724123	0.938447175438902	0.028367698694341678
BRCA	CTLA4	CTLA-4	1090	0.0972773280824318	0.03455784670873065	0.15923357419227352	0.0013018609915185029	0.10739988012855782	0.000384647123962029	-0.03214620785863907	0.2891989796360543	0.004845272111290669	0.0018851517461505381	0.4445760711796487
BRCA	HAVCR2	TIM-3	1090	0.19939181548838886	0.13819483882412084	0.2590720331465895	3.090286509282924e-11	0.24477754931093856	2.5408273815373725e-16	0.152872522848319	4.0028771122263107e-07	4.635429763924386e-10	7.398291493299996e-15	4.607963187330288e-06
BRCA	LAG3	LAG-3	1090	-0.009865330894296672	-0.07275120068982742	0.053098670968833916	0.7449240902939249	-0.008808576415082219	0.7715448039714823	-0.18945553114676608	2.9380909253301054e-10	0.8361392850237933	0.8601681936168553	7.271775040192011e-09
BRCA	TIGIT	TIGIT	1090	0.11623750165802418	0.05369927263782438	0.17786744713237077	0.00011994455351727339	0.12980560355252044	1.73237212460706e-05	0.01919171380002399	0.5269573432529342	0.0005548836821593488	0.00011283213180006509	0.663724897990337
BRCA	IDO1	IDO1	1090	0.12275294652012465	0.06028763034073501	0.1842605754012182	4.835622966590428e-05	0.1278952894762122	2.304996288743545e-05	-0.029748349873150944	0.3266986872853613	0.00024178114832952138	0.0001462786106318019	0.48602718280483637
BRCA	BTLA	BTLA	1090	0.04987363509249234	-0.013098512215299559	0.1124517304661585	0.09982134375231783	0.06008650847071079	0.04743797016723051	0.015508008125809358	0.6092059259297319	0.18033417940655957	0.11181807253704334	0.7319343042116925
BRCA	SIGLEC15	Siglec-15	1090	-0.08743098829942623	-0.14953924136824226	-0.024635499517199427	0.0038675385849896923	-0.08491467951316589	0.005046790546405133	0.1152628505618142	0.0001378372297330535	0.011817479009690726	0.01797238360050749	0.0008528678589732684
BRCA	CD276	B7-H3	1090	0.2818510831853253	0.2228731888986191	0.33877323736305376	2.362323906258163e-21	0.3258598766892664	2.3473703278349677e-28	0.2081498467615182	4.000181950037341e-12	1.2992781484419896e-19	2.323896624556618e-26	1.5231462040526798e-10
BRCA	IL10	IL-10	1090	0.22601818314964148	0.1654402965616149	0.2848969707449785	4.306499516367242e-14	0.2605605125172825	2.3305498769286476e-18	0.14895846495683826	7.91081450233477e-07	9.689623911826294e-13	7.210138681748003e-17	8.701895952568247e-06
BRCA	TGFB1	TGF-beta1	1090	-0.13434972474703913	-0.19562678212870552	-0.0720276655831346	8.559939984571051e-06	-0.15698380496832368	1.9209248647300378e-07	0.014944153620419374	0.6222823775756817	5.363506699193254e-05	1.7608477926692012e-06	0.7391187107686891
BRCA	ENTPD1	CD39	1090	0.19083485270510997	0.1294585403129655	0.25075446951400693	2.1298774989769553e-10	0.31710198134397055	7.321178488052406e-27	0.3073688494000914	2.9346518151129006e-25	2.8494307080907917e-09	6.039972252643235e-25	3.6316316212022146e-23
BRCA	NT5E	CD73	1090	0.27124262502997964	0.21192912983419288	0.32856519169661463	7.774892437958956e-20	0.36827343425697734	2.5858642095929704e-36	0.26599275497502983	4.2980692267523933e-19	3.49870159708153e-18	6.400013918742602e-34	2.798681919853351e-17
CESC	CD274	PD-L1	304	-0.11347245695651886	-0.22954769510824177	0.005785329995857489	0.04807575958809099	-0.16608475948075668	0.0037407713835322276	-0.12659082533760796	0.027572442215632584	0.10126596168555337	0.013818521155585468	0.06858471807406095
CESC	PDCD1LG2	PD-L2	304	-0.015482224807379277	-0.13441375779055745	0.10388901600906356	0.7880482971631296	-0.09728951598168649	0.09092828658134486	0.003583400344094441	0.9504686577281695	0.8535752890497794	0.1852242874805173	0.9751711164328606
CESC	PDCD1	PD-1	304	-0.04734754340327518	-0.16559267579376483	0.07223964319196097	0.4107393810732433	-0.10670513774660244	0.06359230876438877	-0.022849245236663877	0.6920001272243811	0.5302551776279772	0.13867045303247771	0.7892628179172088
CESC	CTLA4	CTLA-4	304	-0.07118992223518798	-0.18876789166975336	0.04840027269111369	0.21582874198701496	-0.1474762200074884	0.010153331846333592	-0.045544790065160524	0.42957065747109346	0.33178642013531806	0.031227890273549462	0.5685493995940942
CESC	HAVCR2	TIM-3	304	-0.05749502572026087	-0.17547219813421697	0.0621101156380037	0.31771864446553455	-0.1371454893524493	0.016907757024405282	-0.02873449240052709	0.6183333427171864	0.44053425493120335	0.048377686283702974	0.7375301316747163
CESC	LAG3	LAG-3	304	-0.14828701107364137	-0.2628217685210444	-0.029631126946752524	0.009621297357891476	-0.19341900325751235	0.0007119691663126247	-0.1313039756486875	0.022251121138634727	0.026579783229119865	0.003203861248406811	0.05736617168554265
CESC	TIGIT	TIGIT	304	-0.06328068245837083	-0.1810944594209518	0.05632364562312162	0.27137841655283135	-0.13907352879014973	0.01540917843479818	-0.04572220188655004	0.42777386034315146	0.3962605197452847	0.045101899801281625	0.5685493995940942
CESC	IDO1	IDO1	304	-0.05476728336100205	-0.17281881920139386	0.06483545522458631	0.3412588808268151	-0.09488334947091341	0.09924619949474471	-0.09202132481511152	0.10991432100334231	0.46621234235065634	0.19729666164617926	0.21336309371237036
CESC	BTLA	BTLA	304	-0.09184208702472754	-0.20873686473085956	0.02764000057278742	0.11001986076314477	-0.1554519433249465	0.006702957663207896	-0.036316337227548	0.5288584326145198	0.19175996858365021	0.022418675968161546	0.6644287414827089
CESC	SIGLEC15	Siglec-15	304	-0.026881471740085122	-0.14559457572928253	0.09259472447044156	0.6406086322120322	-0.056169750277236336	0.3298236076108164	-0.015527164874968977	0.7877920759610363	0.7461206422234258	0.48302972184672516	0.8616358732275505
CESC	CD276	B7-H3	304	0.24040563331674683	0.12480183651692771	0.3495695136624655	2.2688563553364026e-05	0.2092428029047934	0.0002445537903605374	0.21770867732488447	0.00013351323900559869	0.00012478709954350214	0.0012479806827676908	0.0008365702950350803
CESC	IL10	IL-10	304	0.024696428603357024	-0.09476203384935676	0.1434537483503176	0.6680043949569024	-0.06750332712333605	0.24139651244156607	0.04021342961653805	0.4855651070107888	0.7725751764104363	0.38298485146979233	0.6210716485021718
CESC	TGFB1	TGF-beta1	304	0.06446978140174568	-0.055133383300929935	0.18224902326452996	0.26245628046650105	0.002793938705420017	0.9613712586061728	0.02289534106007928	0.6914105384042334	0.38550699949827305	0.9742494505373946	0.7892628179172088
CESC	ENTPD1	CD39	304	0.1604532689478645	0.04207837462246226	0.27438580675607066	0.005043146697038051	0.06474477711754767	0.2612139410805979	0.17653856883816388	0.0020386106504023446	0.015129440091114152	0.4091800659332151	0.00813800219313839
CESC	NT5E	CD73	304	0.05952095050104069	-0.060084820474343235	0.17744178375308672	0.3009373765568332	0.01064184443078274	0.8536360977202805	0.06747718098704436	0.241579261941077	0.42561143255894984	0.9106678197662474	0.3869959050512399
CHOL	CD274	PD-L1	36	0.25318574028763235	-0.10248220060151099	0.5514558318816714	0.13625065981904397	0.2537479166686603	0.14132622933341296	0.2650277342399721	0.12389117672418236	0.22862398850992122	0.2581420056090015	0.23317921094475388
CHOL	PDCD1LG2	PD-L2	36	0.28819668149669997	-0.06496697655579134	0.5772013335271838	0.08828157801545758	0.4061182417276278	0.0154895413458947	0.34722753847256455	0.04098315105288206	0.16383559453267393	0.045101899801281625	0.09800318730037014
CHOL	PDCD1	PD-1	36	0.18366690301241193	-0.17409066416150068	0.4985931313240988	0.283601321348348	0.17130001211361742	0.3251561201354163	0.14975254840830546	0.3905449511780552	0.4093045868922304	0.4825755104088928	0.5340324608650202
CHOL	CTLA4	CTLA-4	36	0.13463766362016447	-0.22241648455753316	0.4598470147534531	0.43369116872858515	0.11650577102787209	0.5050909869432306	0.16215946157798913	0.3520152461342511	0.5513393242826723	0.6527938342999978	0.5124927848131009
CHOL	HAVCR2	TIM-3	36	0.17195443757854403	-0.18579390582873015	0.4894501791147849	0.31595252174768906	0.15832368453191098	0.3636739986124198	0.18820910097698645	0.2789262742413314	0.44053425493120335	0.5177438486609308	0.43281663244344526
CHOL	LAG3	LAG-3	36	-0.1274131274131274	-0.45403108213466675	0.22939208439521724	0.45898141329025	-0.16246379246563347	0.3511000123833974	-0.18225373881967166	0.2946949917830878	0.5766390852250602	0.5066895222442614	0.44884314133116443
CHOL	TIGIT	TIGIT	36	-0.010296010296010296	-0.3556992069044475	0.3375817464826989	0.9524763143229944	-0.059045804975647674	0.7361715505734631	0.006241982422307819	0.9716114934334437	0.9661388844054963	0.8396426671287194	0.9795268620153862
CHOL	IDO1	IDO1	36	0.11495140846324997	-0.24133888389073796	0.4439332447782115	0.5043980155441073	0.09306631972870062	0.5949003189537584	0.1538226252804294	0.3776446217174433	0.6195459496137299	0.7325265121445532	0.5282055928328176
CHOL	BTLA	BTLA	36	-0.09980041595829979	-0.43154267383844946	0.25571981172072705	0.562509116310344	-0.2128269094266531	0.21963621776259834	-0.09539073366530555	0.5856919642634131	0.6758301276058745	0.361195773396964	0.7123280646446916
CHOL	SIGLEC15	Siglec-15	36	0.24972638115257123	-0.10613488111871876	0.5488807484319475	0.14186910747425197	0.24128924443475297	0.1626015150381273	0.20932762920203524	0.22749014139527393	0.2364485124570866	0.2895242803736439	0.3704198026008572
CHOL	CD276	B7-H3	36	0.32689832689832693	-0.022301883818462192	0.605007586725179	0.05165376703036844	0.35903561815047996	0.03416315536681086	0.291834395175137	0.08893035044552183	0.10788445012671889	0.08627939748250703	0.1826577737366527
CHOL	IL10	IL-10	36	0.3148947921186368	-0.035672189379651324	0.5964552854220662	0.0614013926203989	0.3288000099310693	0.053784660165024395	0.26601615224359	0.12244340326455389	0.12355158271177827	0.12156806749628803	0.23168406712663914
CHOL	TGFB1	TGF-beta1	36	0.2813384813384814	-0.07239520759597218	0.5722029624191338	0.09646799357908455	0.2770411927199307	0.10713843221726581	0.30986002946406405	0.07006996474129085	0.17645068022499558	0.2087934013682936	0.15193677565145777
CHOL	ENTPD1	CD39	36	0.40813437242631967	0.07159089216192051	0.6612478292873335	0.013471643470925087	0.5109912829760475	0.0017077919020203713	0.4649411805232171	0.004891239247571154	0.03473158082347874	0.006891670913447849	0.01658331114758713
CHOL	NT5E	CD73	36	-0.18326898326898328	-0.49828365393587715	0.17448993593571674	0.2846638923099344	-0.20084260862189432	0.24731984762440457	-0.24005375612600469	0.16483039986582465	0.4093045868922304	0.38864547483835	0.2842893656222411
COAD	CD274	PD-L1	288	0.008029785159678416	-0.11452944466431621	0.13034824632329742	0.8920746338939733	-0.033114921220172795	0.5763614946792447	-0.09834212321204147	0.09635582337520696	0.9276826549947832	0.7186371281265141	0.19388671776718472
COAD	PDCD1LG2	PD-L2	288	-0.015149153618990196	-0.13734101333895435	0.10749687124183818	0.7979614329673157	-0.10790303451201558	0.06794844689499019	-0.013798261720890454	0.8159568565728875	0.8605466433961247	0.14623687483921802	0.8750364983020414
COAD	PDCD1	PD-1	288	0.13780366616795273	0.015620619983482277	0.2559317992136467	0.01930399771902448	0.1223692460290947	0.03828300694217756	0.03540534788069885	0.5502574951523324	0.04730435084612434	0.09475044218188947	0.6775504625467447
COAD	CTLA4	CTLA-4	288	0.08541317865436077	-0.03742485341697326	0.20570838829255367	0.14821948959716527	0.05687279918574111	0.3370256198655842	0.02452233924226224	0.6791055682365398	0.2437496589720824	0.4906696524513653	0.7799472303412696
COAD	HAVCR2	TIM-3	288	0.013730173691688453	-0.10889953183488468	0.1359482378692183	0.8165330716019195	-0.058111404800287356	0.3265915070444022	0.013191974590058666	0.82390865616613	0.874856862430628	0.4825755104088928	0.8789542775910222
COAD	LAG3	LAG-3	288	0.08462415561905644	-0.038218484274143254	0.20494712754377217	0.15201663787833788	0.060288406301355894	0.3087639062393742	-0.04434584405353466	0.4542455537969528	0.24916634354230877	0.464553597533405	0.5964232072400308
COAD	TIGIT	TIGIT	288	0.06322309110664057	-0.05968558427088222	0.18424340147407095	0.28491855571945834	0.026638122759731854	0.6531512612792614	0.014092856958513332	0.8120998139254569	0.4093045868922304	0.7828326255041995	0.8738900171589157
COAD	IDO1	IDO1	288	0.03997533441098514	-0.08287695759853643	0.16163079893193447	0.4992160726412897	0.011453794472602627	0.8468030413740357	-0.06601092104391088	0.26500830632259925	0.6147063581030806	0.9092570617790622	0.41512377098002096
COAD	BTLA	BTLA	288	-0.03550111570761516	-0.15726411209278876	0.08732510798761159	0.5484776080300616	-0.07373601056760135	0.21298045915239197	-0.020329397306678296	0.7316479215587655	0.6605752213500742	0.3525930678275386	0.8175298446311262
COAD	SIGLEC15	Siglec-15	288	-0.07531100989737104	-0.19595065764739075	0.04757432264195868	0.20254919540604588	-0.0990704317803779	0.0939031652591754	0.008501493850477784	0.8859754787763334	0.3182915927809292	0.18895149107029197	0.9252275569499684
COAD	CD276	B7-H3	288	0.2781827929751469	0.16122800676904928	0.3874324795227553	1.6237179887461349e-06	0.3030224679320843	1.6524259668881104e-07	0.2374154288802563	4.849637448906318e-05	1.2548104134800176e-05	1.5433034973766313e-06	0.00036372280866797386
COAD	IL10	IL-10	288	-0.010634680687000924	-0.13290823232371227	0.11195773068769627	0.8573906759961968	-0.07231328871832547	0.22196565337944268	-0.013741484823253984	0.816700731748572	0.9033917800498595	0.3638178755722653	0.8750364983020414
COAD	TGFB1	TGF-beta1	288	0.12701731022127175	0.004642898303034016	0.24564347853204857	0.031168399400955362	0.12346486521898924	0.03657254854047799	0.16415175734748888	0.005308280137658509	0.07012889865214957	0.09097191722380205	0.017874820871707223
COAD	ENTPD1	CD39	288	0.04158215073848411	-0.08127830757205122	0.16319783580851208	0.4821133134910724	-0.022467039118720996	0.7046859622927562	0.12734943452945371	0.03102048217221837	0.5966152254452021	0.820751885493916	0.07601553799627768
COAD	NT5E	CD73	288	-0.1450034317048745	-0.26278427172531654	-0.022964549244443376	0.013773403390404306	-0.16462270997537337	0.005176917857201021	-0.1411058013718111	0.01675539671067541	0.03514347772293882	0.018304102423675035	0.045321974709203974
DLBC	CD274	PD-L1	47	0.2994998700335104	-0.004234102758710254	0.5526401091784651	0.04083624111614576	0.332308200026073	0.024049103252600245	0.11940832422894301	0.42928678220494243	0.08944220952430156	0.06505085306031214	0.5685493995940942
DLBC	PDCD1LG2	PD-L2	47	0.30296022201665124	-0.0004284447892569561	0.5552779340178126	0.038453459213034606	0.34029732029421794	0.020666160591579434	0.07812813245472379	0.6057860193635697	0.08459761026867614	0.05714943850744034	0.7313250399720628
DLBC	PDCD1	PD-1	47	0.14096152184202673	-0.1696417489010908	0.4260909194793916	0.344612206958953	0.12786683063795434	0.3970774425558479	0.11258405292363609	0.45630724826142754	0.467423418663808	0.553671363563788	0.5975452060566313
DLBC	CTLA4	CTLA-4	47	-0.091411060718722	-0.384109203588308	0.2179827800760694	0.5411405593182385	-0.11041860592903478	0.46507012980048523	-0.006054536479792924	0.9681456682006558	0.6552184037160728	0.618843317879678	0.9794509858324474
DLBC	HAVCR2	TIM-3	47	0.2797178538390379	-0.025822537119002648	0.5374622815035992	0.05688207648556225	0.2824012675291424	0.057232160996992694	0.09734858545875445	0.519827574818807	0.11634970190228641	0.12591075419338393	0.6564149222839527
DLBC	LAG3	LAG-3	47	0.08140610545790936	-0.22756273038523475	0.37548303699515273	0.5864633274489924	0.10203974193539939	0.49981188610064875	0.13203765230285122	0.3817283313379824	0.6916398117616406	0.6510707463679504	0.5282055928328176
DLBC	TIGIT	TIGIT	47	0.010581398750372405	-0.29371066284691394	0.31292624092825927	0.9437233207752489	-0.019104837108233522	0.8997155089932833	0.12770813355831606	0.3976684721754647	0.9611996785673832	0.9336670376345393	0.5418541664465857
DLBC	IDO1	IDO1	47	0.16477798334875116	-0.1458622755368894	0.445841748258771	0.2683680554757469	0.19621920884558577	0.19123109104524397	0.0718482570694908	0.6351420349018552	0.3930242232559015	0.328119532635039	0.7519864290663703
DLBC	BTLA	BTLA	47	0.2746299722479186	-0.031329328274505394	0.5335313991544696	0.06173860917760801	0.27454792495003755	0.06482128974833667	0.3667866573440577	0.0121667979472439	0.12372717223852617	0.14073043169046778	0.03481251435772099
DLBC	SIGLEC15	Siglec-15	47	-0.10765494912118409	-0.39800652080084975	0.2023008933260162	0.47135959495775714	-0.11764257579630272	0.4361906971541636	-0.11870471064599232	0.43203046883217794	0.5877153639901506	0.5883226024286403	0.5702802188584749
DLBC	CD276	B7-H3	47	-0.04637178383004409	-0.3448698437798176	0.26064394643074285	0.7569298430360499	-0.03801983059412335	0.8019245540646008	-0.13116218254332557	0.3849206631868617	0.8400902966431496	0.8851556200308108	0.5307401901880127
DLBC	IL10	IL-10	47	0.4537465309898242	0.17440266567119386	0.6654946799623943	0.0013584535861837792	0.49331899264795587	0.0004948450627491554	0.2286085789529486	0.12647659997264224	0.005018168098216199	0.0023108330760455843	0.23536059017465377
DLBC	TGFB1	TGF-beta1	47	0.14015206273382805	-0.17044364532302728	0.4254148304498468	0.34741771629648305	0.15650778783533967	0.2989476506515486	0.14253100629870274	0.344697354342052	0.4698682228599976	0.45477347901712173	0.50445496803791
DLBC	ENTPD1	CD39	47	0.47617946345975953	0.20201029733652565	0.6811390960871353	0.0007162503242494794	0.49948430615019535	0.00040945661505155243	0.42650885142436235	0.0031193654857768257	0.0028824708171015633	0.0019870688671619454	0.01160966853728969
DLBC	NT5E	CD73	47	0.4452025095092723	0.1640019931433677	0.6594868689020099	0.0017142533275047815	0.43314697211787584	0.0026400079326966107	0.25430268126021716	0.08810822974895517	0.005933953825978089	0.009900029747612291	0.18172322385722006
ESCA	CD274	PD-L1	181	-0.1652499346141639	-0.31176487283443466	-0.011058967855315571	0.02620807761693941	-0.16411683548632594	0.027702942985038014	-0.13257181295197706	0.07604905709439488	0.06177618295421432	0.07217345672417798	0.16219237498087122
ESCA	PDCD1LG2	PD-L2	181	-0.06948651647020081	-0.22158137002087436	0.08590887871666736	0.35263374443394985	-0.06177859519079317	0.4100192314160417	-0.05256271312473418	0.48344377196957206	0.4730452669235913	0.5653468511168263	0.6199602775257466
ESCA	PDCD1	PD-1	181	-0.036021563877704395	-0.1894407116101239	0.11911449878098063	0.6302184823198685	-0.026017112331689178	0.7288294027995152	-0.004562392160899125	0.9515306045193368	0.7357503508215446	0.8351170240411112	0.9751711164328606
ESCA	CTLA4	CTLA-4	181	0.03780158444152111	-0.1173569677947464	0.19115861110772012	0.6134004492725557	0.060822520012057714	0.4173162750403133	0.027719324518122153	0.7118490697915207	0.7178090363827778	0.570639657858992	0.8017791224570187
ESCA	HAVCR2	TIM-3	181	-0.028194888625344545	-0.18187601939917003	0.1268307702781238	0.7063442726998261	-0.008483463865201922	0.9100093822437837	-0.03856899867880902	0.6072213968252885	0.8019275573082888	0.938447175438902	0.7313250399720628
ESCA	LAG3	LAG-3	181	-0.002733650463601716	-0.15714055947118521	0.1518037182713465	0.9708655197328147	0.010002544788104289	0.8939825181074972	-0.040071688679171415	0.5932811585314015	0.9787748111359333	0.9316238872909708	0.7194065938756744
ESCA	TIGIT	TIGIT	181	0.013069246620443302	-0.14169006994570135	0.1672049507195503	0.861379784778956	0.031190064043953757	0.6776701702253503	0.06611103505681915	0.37790744991829706	0.9052717483345717	0.8025041489510727	0.5282055928328176
ESCA	IDO1	IDO1	181	-0.06060015795501369	-0.2130787710362218	0.09476016753781698	0.4177169571224153	-0.055007954622066715	0.46330036073084435	-0.038042598967032784	0.6121387958381961	0.5362658517717667	0.6181500769858974	0.7336772492491695
ESCA	BTLA	BTLA	181	-0.02879639752852839	-0.1824580399335875	0.12623841113978326	0.7003769561534625	-0.017794614920609263	0.8125828204471855	0.11359450362925926	0.12893083976125821	0.8019275573082888	0.8898860533658337	0.23813718537993586
ESCA	SIGLEC15	Siglec-15	181	0.14119847367737137	-0.013570789783230968	0.2893603872921286	0.05796265091399694	0.14460969755373482	0.05276746081160562	0.1389428530891587	0.06286287454873206	0.11807206667666043	0.12005257071049034	0.13829832400721054
ESCA	CD276	B7-H3	181	0.31200303969206417	0.1655065489001019	0.44502769349635324	1.9052488050322178e-05	0.3597103649949915	7.070496458001455e-07	0.04399213923873704	0.5576144082211015	0.0001109527245283468	6.140167976685474e-06	0.6815287211591241
ESCA	IL10	IL-10	181	-0.04065649123373664	-0.1939119239140332	0.11453610021020194	0.5868459008886647	-0.02655202775561093	0.7234786935218247	0.03281717554121221	0.6618654641972439	0.6916398117616406	0.8309094043928149	0.767267926879709
ESCA	TGFB1	TGF-beta1	181	0.004486176686654699	-0.15009110128151587	0.15884936065613509	0.9522054241123253	0.027665244155142838	0.712386423881153	0.0028644690823869372	0.9695575415311095	0.9661388844054963	0.8235868033326024	0.9794509858324474
ESCA	ENTPD1	CD39	181	0.04568755464180583	-0.10955892377552598	0.19875808399886002	0.541382479030048	0.08326721281143608	0.26644135384870865	0.13992115443541991	0.06101489326600215	0.6552184037160728	0.414743616839971	0.13543664648731418
ESCA	NT5E	CD73	181	0.09851273655260062	-0.05682527249308613	0.24919387349983463	0.18704118103180523	0.09956636831304191	0.18357640680588674	-0.0016059358185015827	0.9829299248825839	0.29962907641017344	0.31884323287338223	0.9869174702167932
GBM	CD274	PD-L1	151	0.16947793756211108	0.00035458357809099923	0.3291758279390085	0.03749365693731507	0.16904333606375704	0.038645976316236307	0.259107114534709	0.0013661220738420692	0.08291119904868781	0.09517292674894016	0.005880264578711515
GBM	PDCD1LG2	PD-L2	151	-0.046588148362411375	-0.2140351511650986	0.12351864924802874	0.5700104817440191	-0.05263647311076002	0.5223590153899892	0.07188618923159805	0.3820153580487853	0.6831844756980374	0.6681336243360327	0.5282055928328176
GBM	PDCD1	PD-1	151	-0.02151006431612325	-0.18995252111605598	0.14816247948708805	0.793202738905629	-0.028265423384733337	0.7313336699121935	-0.059171814585861175	0.47197343497406113	0.8572824361534636	0.8360511930866877	0.6089148105397686
GBM	CTLA4	CTLA-4	151	0.010136905233770659	-0.15926967901821087	0.17896359177550478	0.9016854903344937	0.00445206756572392	0.9568789188578222	0.04949932773581541	0.5474817663918844	0.9337538027522477	0.9742494505373946	0.6775504625467447
GBM	HAVCR2	TIM-3	151	-0.19373683119031024	-0.3513572872053698	-0.025436811241129932	0.01714780319957286	-0.22605712633693073	0.005409785069038492	-0.0951731110412008	0.24665654095973297	0.042654083335620936	0.01885805358573277	0.39133008902265326
GBM	LAG3	LAG-3	151	0.18553995146050228	0.016937964224803162	0.34388209679541537	0.022557415483378317	0.1850951312726218	0.02335298744209902	0.06518603123127734	0.4280532799363347	0.054198831969901794	0.06386590488308848	0.5685493995940942
GBM	TIGIT	TIGIT	151	-0.018602584363801668	-0.18714727695259406	0.15100604697225628	0.8206473579489946	-0.025491500377769913	0.7568313679154234	0.025140320265534314	0.7600788128817897	0.8773659658417976	0.8533747770344751	0.839819224054656
GBM	IDO1	IDO1	151	-0.10251096728491678	-0.2670149688447799	0.06779803571502883	0.21038387255037247	-0.10605314208716005	0.19647471004746292	-0.08496813924727893	0.301225768604624	0.32645773326781935	0.3342095583281586	0.4545937666441734
GBM	BTLA	BTLA	151	-0.01330393729435842	-0.1820278667073496	0.156181010021098	0.8712033371045254	-0.014860717481241854	0.8567653322753535	0.02154000777232026	0.793603932509661	0.9098009533053587	0.9120405150027957	0.8618487148104238
GBM	SIGLEC15	Siglec-15	151	0.10387250607857429	-0.06642804107063296	0.2682925735669018	0.2043567983660924	0.1095937103470597	0.18186327641740901	0.07124365244606203	0.3862953913764497	0.3201158708582777	0.31884323287338223	0.5311561631426183
GBM	CD276	B7-H3	151	0.4742893641421843	0.33176983469634846	0.5956415703585919	7.659781684360355e-10	0.47603572433043373	7.422461962815526e-10	0.3893983772746655	8.433855077296267e-07	8.8176556599032e-09	1.04974819188391e-08	9.075561441873156e-06
GBM	IL10	IL-10	151	-0.33599288946480454	-0.4779647872453495	-0.1769129186369358	2.467843091334634e-05	-0.39072527962435655	7.681076015100578e-07	-0.2526929835909415	0.0018100733885341401	0.00013423981650666415	6.3997535176281604e-06	0.0072967853051445165
GBM	TGFB1	TGF-beta1	151	0.10503852394321274	-0.06525427100631265	0.2693862509636592	0.19929490235841515	0.1184234108492858	0.1489259683464504	0.14438641147474962	0.07793065018043768	0.31454688275813564	0.26904508880106914	0.16415179506092192
GBM	ENTPD1	CD39	151	0.13571675049490073	-0.03420184516862981	0.29800967929124433	0.09660229159792687	0.15611850924830192	0.0564205584101008	0.1323501118953023	0.10641863896783667	0.17645068022499558	0.1248304399391815	0.20851691711847678
GBM	NT5E	CD73	151	0.35714945477477517	0.2001033697539533	0.4963033032851382	6.743398993350872e-06	0.3588760794118878	6.491889588691441e-06	0.34618392928370456	1.4290549238967807e-05	4.392082239090371e-05	4.590693352003234e-05	0.00011989528598795024
HNSC	CD274	PD-L1	518	0.04184270147386181	-0.04964033109412303	0.13262947017559185	0.34188905105714795	-0.006066487868847328	0.8905526268937892	-0.026466189485317333	0.5482216224686701	0.46621234235065634	0.9316238872909708	0.6775504625467447
HNSC	PDCD1LG2	PD-L2	518	0.13053991190565387	0.03971986237524368	0.2192207712938268	0.0029145739074600626	0.029757687711282968	0.49959242217824623	0.09805808512783352	0.025774828987176028	0.009554397908561134	0.6510707463679504	0.06542841204436992
HNSC	PDCD1	PD-1	518	-0.012259032306177605	-0.10343667754775179	0.07912292795773762	0.780745802415223	-0.08551840953846561	0.05197497318900305	-0.11432657262033563	0.009274692137908694	0.8535752890497794	0.119109313558132	0.02793860394130372
HNSC	CTLA4	CTLA-4	518	0.016810748601929167	-0.07459714477039663	0.10793850259291303	0.7026773656990719	-0.07658577337706289	0.08190817525093427	-0.0766634246273291	0.08159785644968703	0.8019275573082888	0.16893561145505193	0.17042590271137167
HNSC	HAVCR2	TIM-3	518	0.08428725181716887	-0.007060486056931868	0.17423990664804226	0.05522224250814705	-0.05115103360382755	0.24564253263560729	-0.0019002997515195298	0.9656188109736616	0.11342327818063398	0.3881363570242583	0.9794509858324474
HNSC	LAG3	LAG-3	518	-0.04322001309916361	-0.13398475748101385	0.04826382995415388	0.32622143966491507	-0.08989657658866085	0.04103003523425384	-0.14263304985256997	0.0011462445515526072	0.4498039349140194	0.10054389822255272	0.005158100481986732
HNSC	TIGIT	TIGIT	518	0.016163280106907974	-0.07524115415845609	0.10729835889685478	0.713615081727406	-0.08909616919084908	0.042871351856701725	-0.07221446408137153	0.10097323963577226	0.8083282962358489	0.10453851807422342	0.19992701447882907
HNSC	IDO1	IDO1	518	0.01666931611526722	-0.07473782816143369	0.1077986765794546	0.7050614509330161	-0.009863737245473753	0.8229591307418938	-0.08905028924738059	0.042978975181023504	0.8019275573082888	0.8972792284520648	0.10228169574330112
HNSC	BTLA	BTLA	518	-0.05044845007169646	-0.1410920433596626	0.041033944661513375	0.2517358552416948	-0.16409667097584327	0.00017855434567554685	-0.13335859667578073	0.0023775758006901876	0.37532906127903287	0.0009402595862701669	0.009123255979392581
HNSC	SIGLEC15	Siglec-15	518	0.0955630477861674	0.004307216787462267	0.18524036797403165	0.029652396183699477	-0.019147761514891774	0.6640264610891553	0.04859959663481074	0.2700197964970392	0.06795340792097797	0.788232849494321	0.42163974531872056
HNSC	CD276	B7-H3	518	0.2623079871297542	0.175210339050555	0.34533173969789666	1.3437865486183895e-09	0.1846925247104379	2.3818482412248103e-05	0.2333631910343899	7.980518666417168e-08	1.4460311773176148e-08	0.00014924238979826342	1.128673354250428e-06
HNSC	IL10	IL-10	518	0.10045524762794669	0.009246639302047907	0.19000612840412814	0.022220004517434295	-0.03950211464633821	0.37006027319243107	0.05456166754442809	0.21552217165933474	0.05365318163965842	0.524870588052302	0.35443014940654716
HNSC	TGFB1	TGF-beta1	518	0.09573878862346792	0.0044845769139814804	0.18541163984753192	0.02935243595012674	0.02979267692912933	0.4990880357403679	0.17120772781397772	9.139867803196134e-05	0.0678907184016013	0.6510707463679504	0.0006113830489975793
HNSC	ENTPD1	CD39	518	0.16834447987960666	0.07825373291175934	0.25570797844727844	0.00011825890306371244	-0.019907990111660206	0.6515501869540253	0.11667343638830742	0.007918354306076715	0.000552246764306959	0.7828090838403945	0.02458988431957058
HNSC	NT5E	CD73	518	0.194505430370027	0.10507789692899652	0.2808124344376151	8.240908955281294e-06	0.13762875483470777	0.001708511388865525	0.17614927911826941	5.647999555269737e-05	5.229807606236206e-05	0.006891670913447849	0.00041114114409684113
KICH	CD274	PD-L1	66	0.4201999972897868	0.18406469654974658	0.6104780545587718	0.00044374101433672814	0.3891723103109599	0.0013550660662851577	0.32376759242828157	0.008515279580745157	0.001861455949971868	0.005684387311958925	0.026018909830054646
KICH	PDCD1LG2	PD-L2	66	0.3997995741137876	0.16026840416340715	0.5948627538307522	0.0008816594388912463	0.2463504319734981	0.04790549229017581	0.3551212091574932	0.0036986238860129868	0.0034386867807687394	0.11238492267126551	0.01326680306939441
KICH	PDCD1	PD-1	66	0.21141522138450855	-0.047061077543507274	0.4433562707865033	0.08837192674792715	0.12845669093219794	0.30782876436856466	0.17827086582299112	0.1553785613724985	0.16383559453267393	0.464553597533405	0.2733975999495707
KICH	CTLA4	CTLA-4	66	0.32479472527875514	0.07510812273642109	0.5361567972265482	0.007795855371495141	0.21894227549681775	0.07973136721994946	0.2697020412559192	0.029806566734929228	0.02217786441890859	0.16513400323797064	0.07340423151139287
KICH	HAVCR2	TIM-3	66	0.22919232635887143	-0.02840369672123856	0.45824302559911273	0.06415292333450882	0.07382775388487109	0.5589056715115478	0.3082997282335401	0.012470262198482846	0.12673594992239623	0.7078863628949016	0.035273027361422904
KICH	LAG3	LAG-3	66	0.09382701319109218	-0.16609130323215593	0.34155514336682535	0.4536489962035476	0.035007842485328546	0.7818947567418288	0.017797360489434484	0.8880959652417909	0.5713899570502698	0.8677979923479939	0.9254894795677611
KICH	TIGIT	TIGIT	66	0.20073941117526475	-0.05817951701690526	0.43435430308093775	0.10606121478635266	0.10235512427275388	0.41717295600623994	0.19407029268453216	0.12136881111624656	0.18757242380744502	0.570639657858992	0.23106754424054632
KICH	IDO1	IDO1	66	-0.016220109185778174	-0.2710249695466996	0.24070906745024673	0.8971491374754824	-0.010568579213349864	0.9334097473436481	-0.07601958787088561	0.5472610718133973	0.9310038219085195	0.9585846990354893	0.6775504625467447
KICH	BTLA	BTLA	66	0.3163283304799419	0.06571884743153884	0.5293992276670355	0.00966537571967995	0.2498507161020281	0.04472483830261324	0.08212456538702992	0.5154582266260166	0.026579783229119865	0.1079941217550905	0.6525622050636272
KICH	SIGLEC15	Siglec-15	66	0.21686671537417812	-0.041358748623435894	0.4479350588316523	0.08028205497938437	0.22442439420099822	0.07229409280505225	0.022621324155974242	0.8580452389749823	0.1522590697884876	0.15358616282618395	0.901767289368612
KICH	CD276	B7-H3	66	0.24475779938499853	-0.011918743173034409	0.4711730609515122	0.04762854631249854	0.1781719849589625	0.15561160758433848	0.05291857852789528	0.6754657142894218	0.10075269412259306	0.27908603534147663	0.7775709966820089
KICH	IL10	IL-10	66	0.3553848510556059	0.10940575901226687	0.5603490191680243	0.0034089146254585095	0.2052948609181095	0.10089071382854799	0.42799499634628185	0.00037594341561466405	0.010679827465835205	0.1996756978389674	0.002021838330411043
KICH	TGFB1	TGF-beta1	66	0.1804024716491934	-0.07918339947730103	0.41707585728022034	0.14719336373453015	0.06633207492327949	0.599591199699686	0.04235059998711567	0.7376501890683147	0.24286905016197474	0.7346476332954073	0.8223802783531887
KICH	ENTPD1	CD39	66	0.48235478381018154	0.25831337790959014	0.657159074537507	4.109019706473136e-05	0.34242706190231226	0.005236432360799616	0.4172999799923015	0.0005435552141800453	0.00021410155312675817	0.018383219990041205	0.0027738126909187875
KICH	NT5E	CD73	66	0.4857733340350613	0.262475363362623	0.6596882349454459	3.555702484838546e-05	0.37121993990408997	0.002331577245613625	0.3411686409811951	0.005415964101455401	0.00018724177978671067	0.008810158294494231	0.018114204258246107
KIRC	CD274	PD-L1	530	0.3365281716944461	0.2539888071218465	0.4142014102478227	1.6848451405142709e-15	0.2872765451486861	1.6484175099487485e-11	0.3006275748232755	1.6401794118234384e-12	4.633324136414245e-14	2.719888891415435e-10	7.380807353205473e-11
KIRC	PDCD1LG2	PD-L2	530	0.4260654231104842	0.3492414040338092	0.49719984795171296	8.705775989682435e-25	0.24924695422440452	6.207195929016935e-09	0.33671297583888704	1.724928728033617e-15	5.386698893616007e-23	7.494053621618007e-08	9.487108004184893e-14
KIRC	PDCD1	PD-1	530	-0.04911167156236799	-0.13875040723127363	0.04132525170806208	0.2590466725703384	-0.07754311108355404	0.07475632570260374	-0.17541982567849995	4.979026333271524e-05	0.38163125869737363	0.15813838129396945	0.000367853438055135
KIRC	CTLA4	CTLA-4	530	0.04926272020744366	-0.041174094370546144	0.13889890409417088	0.2575828340189487	0.031203902862166354	0.4738885694257899	-0.06678789132598652	0.12498017581354728	0.3806074711623272	0.628886975511437	0.23349625076013356
KIRC	HAVCR2	TIM-3	530	0.26866655128236505	0.1828464943722161	0.35042318131052935	3.246793739506736e-10	0.2130206678711599	7.624123184255526e-07	0.21191996715283448	8.716397938823742e-07	4.049479519389528e-09	6.3997535176281604e-06	9.180036127059047e-06
KIRC	LAG3	LAG-3	530	-0.06648940468469773	-0.15580816126057126	0.023907812716725457	0.1263192271378196	-0.10423871742796377	0.0164688529354322	-0.22537623206380453	1.61499250776123e-07	0.21447531109646384	0.0473958267618543	1.949808027662948e-06
KIRC	TIGIT	TIGIT	530	0.07444611568987132	-0.015914563492286996	0.16360062495925776	0.086858286014252	0.00018132354984104257	0.9966803498979193	-0.07296213193533323	0.09366099052856919	0.16224472293228204	0.9966803498979193	0.19000897668705635
KIRC	IDO1	IDO1	530	0.14035706105870333	0.05074615209514233	0.2277260329769666	0.0011966234294404619	-0.019296046698617016	0.6579100687334262	0.14653783366512593	0.0007231093398241035	0.004556373827484835	0.7866316039204009	0.0035092070903228554
KIRC	BTLA	BTLA	530	0.09392033102931657	0.003697928542028225	0.18262602056838634	0.03062712679145801	-0.0014895039517733996	0.9727355523286775	-0.02049974495133785	0.6380490913290414	0.06929203305835974	0.9826614253116233	0.7519864290663703
KIRC	SIGLEC15	Siglec-15	530	0.11639803472198446	0.026421857239262818	0.20450340165632813	0.007307838522908439	0.020541106154372872	0.6373711105198853	0.041996747784411315	0.33501301058008776	0.021031279469998124	0.7695090236764468	0.49501922458848785
KIRC	CD276	B7-H3	530	0.4591470016280534	0.3848409616921401	0.5275396454880934	5.376734574612824e-29	0.33026968954149677	6.2840904807256746e-15	0.37463962131887796	4.523122294712487e-19	4.43580602405558e-27	1.413920358163277e-13	2.798681919853351e-17
KIRC	IL10	IL-10	530	0.29016024435016763	0.20528244259019268	0.3707059276549785	9.672320073193235e-12	0.18997187356201906	1.0868061464299708e-05	0.18051751406736422	2.961068686555964e-05	1.5444511084615004e-10	7.369438938121034e-05	0.00022902015622581286
KIRC	TGFB1	TGF-beta1	530	0.3172551789532624	0.2336928679008824	0.39616533950134936	7.396909964341438e-14	0.18690050711087688	1.5134173587433906e-05	0.23150128151331686	7.233999721138717e-08	1.4645881729396049e-12	9.988554567706378e-05	1.053185253518725e-06
KIRC	ENTPD1	CD39	530	0.49847093611888965	0.4274475709754078	0.5633789041132806	1.229314170617221e-34	0.2627069469719351	8.458924760369403e-10	0.4594471798773645	5.521599454312287e-29	2.0283683815184145e-32	1.1631021545507929e-08	9.110639099615274e-27
KIRC	NT5E	CD73	530	0.5844783106794343	0.521747448821798	0.6409225253507075	7.092559115288199e-50	0.480480029255239	6.587561704824892e-32	0.5463319858923747	1.7109626249947e-42	3.5108167620676583e-47	1.0869476812961073e-29	8.469264993723765e-40
KIRP	CD274	PD-L1	288	0.21361655004843572	0.09361867648630057	0.32749695712949806	0.000260544450924773	0.13021714955627814	0.0273986335243507	0.22558148789090238	0.00011586386816414047	0.0011313114316470407	0.07175832589710898	0.0007352899325801221
KIRP	PDCD1LG2	PD-L2	288	0.23879810960248973	0.11985608188658509	0.3509820101147205	4.23442577052435e-05	0.07746519122121484	0.19067548426881628	0.1786924294126902	0.0023774084817726037	0.00021608667591851063	0.328119532635039	0.009123255979392581
KIRP	PDCD1	PD-1	288	0.09666389120066397	-0.02609155497581726	0.2165474219344956	0.10160073629147057	0.0052523243474243905	0.929405923306924	0.05431164458073663	0.35926894605721266	0.18288132532464701	0.9564572391620111	0.5199945271880709
KIRP	CTLA4	CTLA-4	288	0.03892013290320661	-0.083926452431009	0.16060138687663048	0.5106194903895318	-0.05833716906176924	0.3247123888896509	0.012543906909789952	0.8324283390385978	0.6256352666901441	0.4825755104088928	0.8842318193650341
KIRP	HAVCR2	TIM-3	288	-0.09245337306287985	-0.212494430104341	0.030336678614786748	0.11746173200310032	-0.1630597826356871	0.005624454653035776	-0.05375441539620717	0.36422729878776006	0.2032991515438275	0.01933406286981048	0.5225869939128731
KIRP	LAG3	LAG-3	288	-0.004975105641340292	-0.12734415168492297	0.11754312202687525	0.9330058036237733	-0.11580753722419554	0.050002658356593066	-0.07345703841872366	0.21472139458637607	0.953528876668225	0.11675149003072437	0.3542903010675205
KIRP	TIGIT	TIGIT	288	0.1513544455756025	0.029453683827980942	0.2688190864680754	0.010104435279241581	0.010539410559518701	0.8588999483948119	0.09921713475228287	0.09341520560112497	0.027183127517524906	0.9123508035524289	0.19000897668705635
KIRP	IDO1	IDO1	288	0.17348454061632373	0.05214562692675703	0.2897755772736171	0.003139322236235273	0.14064530238590572	0.017118781004017907	-0.05191095872029765	0.3809319919566395	0.009939970675572809	0.048699980442464735	0.5282055928328176
KIRP	BTLA	BTLA	288	0.18519588932388698	0.06420522404393972	0.30082091265574973	0.001596423090468669	0.10003253932512167	0.0907398003530687	0.13197429676834882	0.02536374369838447	0.005685103811381232	0.1852242874805173	0.06471676871495007
KIRP	SIGLEC15	Siglec-15	288	0.1536962350765712	0.0318489978171805	0.2710419600925877	0.008988036848095786	0.023137153693286644	0.6963074117914374	0.2016391222666578	0.0005894144642004767	0.025278853635269397	0.8148278223091289	0.0029176015977923596
KIRP	CD276	B7-H3	288	0.44004746740855666	0.33568852369493896	0.5337351957775593	4.542722033805119e-15	0.42176114099296946	8.325661424440412e-14	0.3161131221108331	4.4272424228597586e-08	1.1243237033667669e-13	1.7918271326513062e-12	7.304949997718603e-07
KIRP	IL10	IL-10	288	0.16591496724947563	0.04436974879120341	0.2826199593979758	0.004757405385573469	0.02125295699695831	0.7199563582150357	0.18112886228090086	0.0020655149367845562	0.014359241864993093	0.828786970503355	0.008179439149666843
KIRP	TGFB1	TGF-beta1	288	0.27801881691904595	0.16105490056445576	0.3872814247350336	1.6477308459838615e-06	0.1821534931412071	0.0019458809007335948	0.21912567142571016	0.00018285473785950262	1.2548104134800176e-05	0.0077056883669050355	0.0011038182346396804
KIRP	ENTPD1	CD39	288	0.45865512354175475	0.35621373948143176	0.550201978601647	2.1797886044534445e-16	0.39799504369685046	2.4781103000325933e-12	0.3778840081803101	3.5694145925926355e-11	6.743720995027844e-15	4.5432022167264214e-11	9.815890129629747e-10
KIRP	NT5E	CD73	288	0.4923797241250452	0.39366740173691345	0.5798660843587056	5.411314217665203e-19	0.48561037199833756	2.181050580626389e-18	0.37582158450527503	4.6450721660316616e-11	2.060461952110981e-17	7.197466916067083e-17	1.2101635379924593e-09
LAML	CD274	PD-L1	167	0.1374435279156482	-0.023906825591872127	0.29181518364206366	0.07652130894102442	0.19775042995378386	0.010653770687533834	0.10528185983308501	0.17702660697093595	0.1468141392473143	0.03255318821190894	0.30321166245886955
LAML	PDCD1LG2	PD-L2	167	-0.03071180081797692	-0.19059235890408363	0.13075593851998488	0.6935840430801996	-0.011101625507130973	0.887113184990963	-0.059732466737100136	0.4445892434242489	0.7984281426155786	0.9316238872909708	0.5852970092952213
LAML	PDCD1	PD-1	167	0.13884302653375527	-0.022480867462456637	0.2931198710340611	0.07354266941010056	0.1641855133705057	0.034535443113822006	0.21215795308270766	0.006067349886523094	0.14275929944313637	0.08677687482914667	0.01988965691277438
LAML	CTLA4	CTLA-4	167	-0.01711854014652966	-0.17745192718260694	0.1441000913238461	0.8262023108975783	0.019122063832498065	0.8068193953771297	0.005719093380022142	0.9417033307931908	0.8814011721859941	0.885533482730996	0.9691125753485019
LAML	HAVCR2	TIM-3	167	0.04824313913435094	-0.11345905777814232	0.20745550303387755	0.5358394238984575	0.06389846492389643	0.41342031220903447	0.06887137972907201	0.3779455247699714	0.6516965966332592	0.5684529292874224	0.5282055928328176
LAML	LAG3	LAG-3	167	-0.024921717039356098	-0.18500215477172402	0.13644707582107868	0.7492031462824885	-0.0014694331128372279	0.9850092121160626	0.05252686703909788	0.5015125919214866	0.8371457277874308	0.9910153658484776	0.6397469232701906
LAML	TIGIT	TIGIT	167	-0.06398663726115797	-0.2225187371463655	0.09784212122788066	0.4113494711295823	-0.042367740771439955	0.5878261993811011	-0.03689690591686439	0.6369610648487628	0.5302551776279772	0.726415821573651	0.7519864290663703
LAML	IDO1	IDO1	167	0.013034975419776784	-0.14809740127093016	0.17349319859830203	0.867219846333281	0.023948376165095098	0.7594023954616306	-0.020682173084405137	0.7914055224481352	0.9092532801544423	0.8535310650736964	0.8618487148104238
LAML	BTLA	BTLA	167	0.08475338345599354	-0.07711969216993157	0.24227307128158226	0.2761585751158663	0.11930092508799416	0.1257834657579846	0.04664393916155525	0.5506750018258082	0.40205439612457006	0.23474129275358854	0.6775504625467447
LAML	SIGLEC15	Siglec-15	167	0.012874275800565379	-0.14825459893014686	0.17333730551226728	0.8688420232586892	0.011353067219948457	0.8845739520938789	0.06721001576177868	0.38958483817073	0.9092532801544423	0.9316238872909708	0.5340324608650202
LAML	CD276	B7-H3	167	-0.0948550631457717	-0.25183529154043743	0.06698875376671776	0.22271440631345465	-0.09158267598850199	0.24059054567788116	-0.10845889277190257	0.16424283450682142	0.34025812075666684	0.3829335051786211	0.2842664443387294
LAML	IL10	IL-10	167	-0.12455869869971012	-0.279776205076269	0.037004485261191655	0.10875475321446051	-0.1149154756021658	0.14040539309702338	-0.11954580095581165	0.1250030433362331	0.19089930085517004	0.2574098873445429	0.23349625076013356
LAML	TGFB1	TGF-beta1	167	0.04887434538111219	-0.11283445958147796	0.20806089170426953	0.530510539118784	0.06918965145195577	0.3757402264792205	0.12711323590126444	0.10268134643933322	0.6468047213394041	0.5283846934864038	0.202499069671195
LAML	ENTPD1	CD39	167	-0.20844007479939744	-0.3572851752989637	-0.04926976399758078	0.006868266732198909	-0.20406749645783992	0.008360119350141105	-0.2439691372241049	0.0015371636470630128	0.02011711261797905	0.026191513153923082	0.0063940840781192545
LAML	NT5E	CD73	167	0.0910025548559294	-0.07085636121312518	0.24819213068943455	0.24215882877004172	0.12266008340112833	0.1154010466935329	0.08958304017824459	0.25105751008648336	0.36657070410143927	0.2205541239895706	0.39577537418092124
LGG	CD274	PD-L1	509	-0.004440935469521122	-0.09649863709183161	0.08769209971949561	0.9203870105838222	0.01435252928692356	0.7469153982496648	-0.032329897577754126	0.4671806743382676	0.9471758217026861	0.8468139971792056	0.6068648628756363
LGG	PDCD1LG2	PD-L2	509	0.0395012743163455	-0.05278793517730795	0.13112142971537538	0.37381745169895514	0.04361633259648947	0.326539751051889	-0.05614615757542995	0.2064636178178717	0.49147978492041305	0.4825755104088928	0.3441060296964528
LGG	PDCD1	PD-1	509	0.08519403178165766	-0.006957728789085189	0.17591098083534132	0.054752793989026764	0.09590924844020798	0.03066876980795721	-0.016765660304635825	0.7061926184990512	0.11340013817810983	0.07906792216113968	0.7984238006366139
LGG	CTLA4	CTLA-4	509	-0.07095453695533784	-0.1619931278500006	0.021281702171250597	0.10984564056938392	-0.05291350792139155	0.2338475236823313	-0.1871855836860218	2.1748096990011548e-05	0.19175996858365021	0.3746101107532492	0.00017942180016759527
LGG	HAVCR2	TIM-3	509	0.01720644837500913	-0.0750095860367957	0.10913068211387304	0.6985567519782797	0.016335186447806356	0.7133997747242508	-0.0674899492398304	0.12872941450300845	0.8019275573082888	0.8235868033326024	0.23813718537993586
LGG	LAG3	LAG-3	509	0.04363672760699356	-0.04865598131154399	0.1351905904131747	0.32583532882906147	0.043625652424157405	0.3264362929266935	-0.12290223535948717	0.005541006552228081	0.4498039349140194	0.4825755104088928	0.018408041901697317
LGG	TIGIT	TIGIT	509	0.07173955286259014	-0.02049301401267954	0.16276135632670372	0.10595983039895904	0.0802660751250629	0.07067404054211897	0.08301457126558393	0.06152932095497577	0.18757242380744502	0.15144437259025492	0.1359688119317545
LGG	IDO1	IDO1	509	0.13117492158067387	0.039555617291402764	0.22060697359012024	0.0030269635431604876	0.15102307212272395	0.0006375642901092122	-0.04084323539002965	0.35826536786130037	0.009729525674444425	0.0028953607670097253	0.5199945271880709
LGG	BTLA	BTLA	509	-0.013996537555271424	-0.10595712375858737	0.07820143667304855	0.7527499974849554	-0.013916599086007102	0.7543515620978992	-0.06953590494591519	0.11751398608404494	0.8392145242230922	0.8525206010010505	0.22546288027752806
LGG	SIGLEC15	Siglec-15	509	0.07240270376533195	-0.019826671478819044	0.1634102398800412	0.10276265453955569	0.08810020092505823	0.04718380990955267	0.0004720580053247296	0.9915318608588229	0.18430258694594226	0.11175112873315106	0.9915318608588229
LGG	CD276	B7-H3	509	0.3923102400650658	0.3114665640739673	0.46751575537472567	3.560149403061272e-20	0.3902192372436099	6.349355972804902e-20	0.1704731603370683	0.00011287632606171468	1.7622739545153297e-18	2.8572101877622058e-18	0.0007256335246824515
LGG	IL10	IL-10	509	0.03447906125580989	-0.05780165282844616	0.12617556966282223	0.43763007950931665	0.03678292798828444	0.4080767972965503	-0.019102799502285318	0.6675348071716902	0.5540329651077026	0.5642402644184145	0.7720320783878194
LGG	TGFB1	TGF-beta1	509	-0.051261944314984396	-0.14268548406666454	0.0410289258568255	0.24832068746224373	-0.05648436582392738	0.20373873361895523	-0.1176443784960693	0.007948245436628875	0.37135571085743396	0.34173556781292114	0.02458988431957058
LGG	ENTPD1	CD39	509	0.3141002745770486	0.22861646429567678	0.39477742282587625	4.0651373046911165e-13	0.322354222758672	9.526209063356342e-14	0.20972950160033857	1.855530108392557e-06	7.452751725267047e-12	1.9647806193172454e-12	1.8369748073086315e-05
LGG	NT5E	CD73	509	0.3714267053274087	0.2892230909684726	0.4481924011440395	4.272213784782285e-18	0.38405112871316666	2.6714211748712255e-19	0.30899390060742304	1.0618936749217603e-12	1.5105327310480221e-16	1.1019612346343806e-17	5.256373690862713e-11
LIHC	CD274	PD-L1	369	0.27369887361367873	0.1705780481655821	0.37088922956099346	9.18797762287592e-08	0.16264778863716328	0.0017458000409113785	0.17325352654222861	0.0008452169951881212	8.422312820969594e-07	0.006969121131057519	0.003984594405886857
LIHC	PDCD1LG2	PD-L2	369	0.18578216147180596	0.07920283350933771	0.28816219128573173	0.0003333077818015346	0.12248695498586142	0.018744646448630754	0.15321793568861067	0.0032123890597239896	0.0014346726260153011	0.05212696624759676	0.011866661078831156
LIHC	PDCD1	PD-1	369	0.22043417305530066	0.11500542240974113	0.3209522077502738	1.9311418681057565e-05	0.09412127026385084	0.07132200857383965	0.04573845190954187	0.3816345399485958	0.00011115293310608714	0.15217411312090787	0.5282055928328176
LIHC	CTLA4	CTLA-4	369	0.23648685105068293	0.1316844667532252	0.33606107310669153	4.3763522018081955e-06	0.10472594504316003	0.04467719728526703	0.04333356203899132	0.40719315006288653	2.967526493006927e-05	0.1079941217550905	0.5522208473455585
LIHC	HAVCR2	TIM-3	369	0.3145472730516398	0.21364553255384278	0.4088086102451445	6.438771738943939e-10	0.15314496752506737	0.0032271711395814562	0.1679126391925172	0.0012243353217066023	7.588552406612499e-09	0.012010900105961059	0.005411124859328287
LIHC	LAG3	LAG-3	369	0.05065087616922802	-0.057837017718929976	0.15795644709370293	0.3319002828217776	0.0027124158550911573	0.9586432481327307	-0.13515160077825103	0.00943828342145974	0.4563628888799442	0.9742494505373946	0.028144278877244407
LIHC	TIGIT	TIGIT	369	0.2306924802065246	0.12565715126795568	0.3306132850077751	7.571589246081313e-06	0.11898337237569473	0.022439400437843836	0.07396263448247227	0.1567865252469283	4.8674502296237015e-05	0.06170835120407055	0.27367791142298664
LIHC	IDO1	IDO1	369	0.18973094054555137	0.08326889286103041	0.29191094662191486	0.0002467632649275102	0.1324861048173394	0.010955912936353108	0.14000049458529903	0.0071495371754321585	0.0010809541251249341	0.03306815185057797	0.022541534406617315
LIHC	BTLA	BTLA	369	0.11776454321603638	0.00971732195990293	0.22309362577170494	0.02367359420119543	0.0662843578161678	0.2045751595105126	0.03232350479873959	0.536493372067941	0.05633860158457567	0.34173556781292114	0.6723144789205844
LIHC	SIGLEC15	Siglec-15	369	0.09077342392547989	-0.0175701052597125	0.1970099799433839	0.08161679914710872	0.10394899975466892	0.04629377754862324	0.06210313355522723	0.23466046728086315	0.15419967777793442	0.11070251152931644	0.3796168746411826
LIHC	CD276	B7-H3	369	0.5154559428811553	0.43133505157731916	0.5906915329269442	1.960103106401816e-26	0.3432875274850922	1.2894821622249835e-11	0.2980535775189853	5.500737724830113e-09	1.3860729109555699e-24	2.20101265621161e-10	1.0891460695163624e-07
LIHC	IL10	IL-10	369	0.3004776848957587	0.1987672026967122	0.3957845184286387	3.884416160889705e-09	0.2003474712551287	0.00010903222895796536	0.26438336445540056	2.655967915621595e-07	4.0058041659175085e-08	0.0006203557854504926	3.130247900554023e-06
LIHC	TGFB1	TGF-beta1	369	0.2911819345674187	0.18896277132826525	0.3871584409603389	1.2094353155781764e-08	0.15987305925380627	0.002096056474026701	0.19648960343111388	0.0001485113312894704	1.2217764922677496e-07	0.008169668934198559	0.0009075692467689858
LIHC	ENTPD1	CD39	369	0.4292617484479447	0.33672617508840236	0.5135851113068066	5.632762333636886e-18	0.2958545706730286	7.199400529570567e-09	0.3534423631407466	2.8726266709371204e-12	1.8588115701001723e-16	8.28768200497077e-08	1.1849585017615623e-10
LIHC	NT5E	CD73	369	0.2903661437976319	0.18810331058287125	0.38640061757700933	1.3336210370296899e-08	0.3340689925044878	4.8118056341728254e-11	0.2939131212231461	9.113077919856519e-09	1.3202848266593929e-07	7.443261840361089e-10	1.670730951973695e-07
LUAD	CD274	PD-L1	512	0.11674700050441032	0.025190157110244114	0.20636159288742664	0.008186630291678178	0.0955096946972443	0.030875333143191658	-0.009066421270093585	0.8380006507224683	0.023156468539318277	0.07918803060041384	0.8848271659291077
LUAD	PDCD1LG2	PD-L2	512	0.05138929563489826	-0.04062932572001121	0.1425435389964898	0.2457509074871998	0.011068304896492652	0.8028987341289576	-0.047707174711715566	0.28174510248306117	0.3697468060977626	0.8851556200308108	0.43582445540348524
LUAD	PDCD1	PD-1	512	0.024453363906135513	-0.06752515708531531	0.11601973915081931	0.5809164087064057	-0.009526737198970125	0.8298980510551187	-0.08013878660539223	0.07028994267511886	0.6895770319176758	0.9009855375176031	0.15193677565145777
LUAD	CTLA4	CTLA-4	512	-0.013187550212558788	-0.10488742933455496	0.07873469011548004	0.765944503306138	-0.05909017287347579	0.18231990662922137	-0.07263954431563037	0.1009666242718217	0.8453277692724123	0.31884323287338223	0.19992701447882907
LUAD	HAVCR2	TIM-3	512	-0.03229072996067848	-0.12375068453439252	0.05971322399084643	0.4659648927111197	-0.08665033775195394	0.0502717883564115	-0.08407541031393852	0.05753028483489295	0.5824561158888996	0.11682880392687181	0.13003420544873065
LUAD	LAG3	LAG-3	512	0.0511487972633944	-0.040870057502116065	0.14230729817189813	0.24797058168278327	0.025688542162072666	0.5623388960160203	-0.09794989867770323	0.026822469454197487	0.37135571085743396	0.7100963100202297	0.06705617363549371
LUAD	TIGIT	TIGIT	512	0.05033436256587386	-0.041685203293417385	0.14150720428414096	0.2555911270205251	0.013217195313143155	0.7656572832372578	-0.009663262123998761	0.8274983270372478	0.37993275638186164	0.8567875781630799	0.8808853158783606
LUAD	IDO1	IDO1	512	-0.005128138187307438	-0.09690939829384054	0.086739602418421	0.9078477685920437	-0.029220137749515606	0.5098614902569538	-0.10987724023780769	0.012945858387650964	0.936218011360545	0.6555362017589407	0.03641022671526834
LUAD	BTLA	BTLA	512	-0.11008926654991913	-0.19989538782980884	-0.018448874248860863	0.01268375027244278	-0.17117162267155422	0.00010080434727337335	-0.05543283064876106	0.2109455778769233	0.03304450728873251	0.000587037081180233	0.3498004790169789
LUAD	SIGLEC15	Siglec-15	512	0.04008370009475957	-0.051934352722034526	0.1314268440387956	0.3653925083431793	0.012722766540259035	0.774181721548252	-0.052578524562158	0.2354391525552385	0.48360773163067855	0.8611684318345725	0.3796168746411826
LUAD	CD276	B7-H3	512	0.38031990170557944	0.29893281563654067	0.4562141577830245	4.575880231989994e-19	0.37693450722833977	1.0699663954302968e-18	0.23395666052496855	8.788698294078253e-08	1.8875505956958727e-17	4.074102813369207e-17	1.2084460154357596e-06
LUAD	IL10	IL-10	512	-0.016155262404451788	-0.10782220434293897	0.07578405714291261	0.7153486511179107	-0.05726652734583775	0.19621238308252795	-0.05265113564259079	0.23479217169637157	0.8084419687291456	0.3342095583281586	0.3796168746411826
LUAD	TGFB1	TGF-beta1	512	0.09596712277156351	0.004177037502155717	0.18615356484442153	0.02991651268582523	0.06774867026526687	0.1261438058029385	0.15661853819881322	0.000379860534804499	0.06824273631098382	0.23474129275358854	0.002021838330411043
LUAD	ENTPD1	CD39	512	0.02325817285339238	-0.06871547940802732	0.11483980136726085	0.5995434874424513	-0.04173733335995302	0.34640509171419026	0.04045759493192813	0.3614053627205025	0.7049264282280604	0.5013757906389595	0.5215616750631158
LUAD	NT5E	CD73	512	0.013827389023530473	-0.07809866974313877	0.10552030197140595	0.7549430213556173	0.00031684911883480063	0.9942992175955068	0.040339791923382676	0.3628062925771341	0.8397680799349002	0.9966803498979193	0.5220613803072133
LUSC	CD274	PD-L1	498	-0.04610623829077379	-0.1386201438451179	0.04720539870514004	0.30448478672450185	-0.046069688014882045	0.30535723409912785	-0.08508205841916619	0.05803431872827485	0.4284046492483149	0.4622380149206981	0.13019972853826148
LUSC	PDCD1LG2	PD-L2	498	-0.11651164747712367	-0.20737101696876414	-0.023659321770338686	0.009257417952855892	-0.12755689421340038	0.004397119550242218	-0.11040759479686806	0.013789265003837604	0.025858536712647432	0.01600422189242572	0.03834655155561581
LUSC	PDCD1	PD-1	498	-0.13205424848843125	-0.22242838289518604	-0.03943006975446423	0.0031526775678079413	-0.14257780068877324	0.0014383141684465427	-0.10373904903130635	0.02071566889215783	0.009939970675572809	0.005982903473790241	0.05476078855567831
LUSC	CTLA4	CTLA-4	498	-0.15579793130233735	-0.24534785788700508	-0.0636117059634396	0.00048416764675119045	-0.1798086521620004	5.5451957431783325e-05	-0.12076780338941966	0.007029800813574583	0.0020139746650574726	0.00033474047474064326	0.022306098735380888
LUSC	HAVCR2	TIM-3	498	-0.20200163159090967	-0.2896625975921339	-0.1109799728302654	5.534270446271604e-06	-0.23221405574625756	1.6448262231943784e-07	-0.13049489571953216	0.00356448931107182	3.652618494539258e-05	1.5433034973766313e-06	0.012878994226135407
LUSC	LAG3	LAG-3	498	-0.0909537545471092	-0.18251707691382957	0.0021736418762068337	0.04247638873876377	-0.0939048218978917	0.036365058547910056	-0.12168122209164638	0.006608226942180381	0.09133609630134398	0.09091264636977514	0.021159020567551867
LUSC	TIGIT	TIGIT	498	-0.06311299787243375	-0.1553093287822642	0.030173300825930404	0.1596388651282211	-0.06961073353859798	0.12118003657011105	-0.04714682874239132	0.2941760493239134	0.25993828367917576	0.22982420728814162	0.44884314133116443
LUSC	IDO1	IDO1	498	-0.15159637506950693	-0.24129942594363968	-0.05932475440486859	0.0006884284316197746	-0.1527558390013865	0.0006332441225679946	-0.12771639104894886	0.0043477575523286635	0.002793213718457282	0.0028953607670097253	0.01504992998882999
LUSC	BTLA	BTLA	498	-0.17625129720535118	-0.26501129680144725	-0.08452948641436979	7.67517463248558e-05	-0.1930168004754746	1.4709396835641185e-05	-0.10872868628724547	0.015307023167597208	0.00037992114430803614	9.839393829246469e-05	0.042329477474640324
LUSC	SIGLEC15	Siglec-15	498	-0.03989511573504681	-0.13251187662254502	0.05341227787888743	0.3743189473030217	-0.04286146745226867	0.3403042791884562	0.004882983881634058	0.9135314002064993	0.49147978492041305	0.4939900826929203	0.9480042832331596
LUSC	CD276	B7-H3	498	0.30641861670825393	0.2195741504415424	0.38844513838068223	2.7555510439666093e-12	0.31407400508524314	7.70488682239969e-13	0.24213019665861402	4.60623354098986e-08	4.5466592225449055e-11	1.5255675908351386e-11	7.355114847709616e-07
LUSC	IL10	IL-10	498	-0.24152249521333366	-0.3272718228815574	-0.151827797158976	4.835732785914254e-08	-0.2676666863011297	1.3345603331624939e-09	-0.17695007313709504	7.301426386355023e-05	4.5163919415614266e-07	1.7854253105822553e-08	0.0004950967207185941
LUSC	TGFB1	TGF-beta1	498	0.0008153326058349451	-0.0923006630734372	0.09391719159496041	0.9855198506112126	0.002851888074461211	0.9494331800320986	0.10806821842861579	0.01594314692507787	0.9875148300658911	0.9710112068510101	0.04360142391112456
LUSC	ENTPD1	CD39	498	-0.1871926725995598	-0.27549988550821486	-0.0957525864174451	2.6212660243464192e-05	-0.2644986510513741	2.1148121532450927e-09	-0.06522965804899504	0.14647872370407644	0.00014103550891863886	2.7548210943587395e-08	0.26366170266733757
LUSC	NT5E	CD73	498	-0.008331937033799057	-0.1013622910683504	0.08484287091193023	0.8528598103566591	-0.007309260337299744	0.87087997270048	0.06464358266709992	0.15014821512322613	0.9031559201783309	0.9230954742756694	0.2679568210918989
MESO	CD274	PD-L1	87	0.277361087994508	0.05807495452402265	0.47111429616529593	0.009298625322931804	0.2711856535561253	0.011550418647819824	0.21375458288596286	0.04813486266926303	0.025858536712647432	0.03444251343777598	0.11133998608077196
MESO	PDCD1LG2	PD-L2	87	0.13910063931216377	-0.08645584669082611	0.35109216694689166	0.19881485393143583	0.12143717526481194	0.26536032738224236	0.04790391671141816	0.6613909008660168	0.31454688275813564	0.41436391815208184	0.767267926879709
MESO	PDCD1	PD-1	87	0.03339985969147044	-0.19089734949932738	0.25438239198116824	0.7587574206725682	0.02317793120427967	0.8322424285014625	-0.028330468916181947	0.7956865912492196	0.8402347275904278	0.9009855375176031	0.8618487148104238
MESO	CTLA4	CTLA-4	87	0.04786446318513987	-0.1768988297271406	0.26788289233612117	0.659759566450367	0.028017679059544966	0.797894087764745	-0.02196386288383796	0.8409111427270083	0.7648266636836807	0.8835739898065968	0.8856404588295087
MESO	HAVCR2	TIM-3	87	-0.05534266799017058	-0.27482893667191405	0.16962575441159483	0.6106636902006577	-0.07798763828819942	0.4753924843824387	-0.15394283282934043	0.15701924614975396	0.716299826183236	0.6291959352120512	0.27367791142298664
MESO	LAG3	LAG-3	87	0.059289906356600836	-0.1657768833492818	0.2784860690915259	0.5854090151514599	0.07004549103792285	0.5216151067278525	0.035066702284214116	0.748562628965927	0.6916398117616406	0.6681336243360327	0.8308038146594929
MESO	TIGIT	TIGIT	87	0.10853716334262466	-0.11717346651778537	0.3235856767945288	0.316979282203814	0.09287626023005133	0.39502712373607385	0.035863816777065155	0.7430431669892937	0.44053425493120335	0.553671363563788	0.8265311632802257
MESO	IDO1	IDO1	87	0.0036634876980450692	-0.21939180971249536	0.22635483115690572	0.9731350318799822	-0.0004847619129023765	0.9964656114814313	-0.049201766573747724	0.65280107406271	0.9790687820743723	0.9966803498979193	0.763916150498916
MESO	BTLA	BTLA	87	0.13470529924186891	-0.09089991569162342	0.3471588509411084	0.21351685132342924	0.12024401972471574	0.2701197608027001	0.07852086516497693	0.4723702772672144	0.3302838793909296	0.4191513529697071	0.6089148105397686
MESO	SIGLEC15	Siglec-15	87	0.10025839480602539	-0.1254203110271718	0.3160718668218734	0.35551072326771566	0.09909829226813698	0.3639896148161696	0.09020399419179725	0.40882547108300943	0.4756156973446466	0.5177438486609308	0.5529196944975128
MESO	CD276	B7-H3	87	0.27397697190345954	0.05442410442120868	0.46825981571795583	0.010232821573901763	0.2851106435794294	0.007795858958478739	0.0799515408404823	0.46431313125267615	0.02737971177881823	0.02498595117288713	0.6064248020318593
MESO	IL10	IL-10	87	0.07412672816655404	-0.15124821897593022	0.292175830773489	0.4950193138571059	0.05774040169380008	0.5974522027855803	0.04869462539816513	0.656152290931847	0.6110587540131357	0.7338432763743481	0.7642244329676806
MESO	TGFB1	TGF-beta1	87	0.031767150251512714	-0.1924717398228217	0.252853078020325	0.770216040568699	-0.007599782340125616	0.9446336821349613	-0.2034610729524373	0.06025611629768894	0.8472376446255689	0.9681028419395568	0.13435485390700913
MESO	ENTPD1	CD39	87	0.10252881943288071	-0.12316174092413627	0.3181352019028602	0.34466575315614123	0.07255189219773278	0.5067870532609376	-0.050283958191016026	0.6456729235349004	0.467423418663808	0.6532801858441775	0.7591641262464981
MESO	NT5E	CD73	87	0.23192235841852404	0.009539280389194804	0.4324454321057942	0.030656475231880368	0.22871785548067256	0.034160785221163725	0.10417683758248411	0.3398003163389173	0.06929203305835974	0.08627939748250703	0.5005986803207263
OV	CD274	PD-L1	300	0.10588085226561993	-0.014272191638942722	0.22301964653521816	0.06704006278313905	0.08824563565876266	0.12788640715003763	0.05503888339905265	0.34290348324351283	0.13116534022788076	0.23709277730063155	0.5036712884437354
OV	PDCD1LG2	PD-L2	300	-0.09950579012893089	-0.21688835062095024	0.020713230384016255	0.08532917369890292	-0.1808894782294782	0.0016853388430097273	-0.13087369917120442	0.02361832921142543	0.16060053604926594	0.006891670913447849	0.060575507562982314
OV	PDCD1	PD-1	300	-0.09348371301043465	-0.21108802381860886	0.026788478996633416	0.10610157306279719	-0.13738995001039694	0.01745285482496664	-0.12835868005722711	0.026458105684584607	0.18757242380744502	0.04936664650490564	0.06660742668970844
OV	CTLA4	CTLA-4	300	-0.17955543749210137	-0.2932109586178135	-0.06089547381951106	0.001793690360094498	-0.23499519053657666	4.059934666070957e-05	-0.21298677039771807	0.0002071629752074011	0.006165810612824837	0.000248107118482114	0.0012354900328634163
OV	HAVCR2	TIM-3	300	-0.09395063820367086	-0.21153805186229369	0.026317748635202004	0.10436011609658187	-0.16352686931844979	0.004583898964485898	-0.11928167528867037	0.0392745833856632	0.18649190421591347	0.016442246285655937	0.09437339211603535
OV	LAG3	LAG-3	300	-0.11790063167901413	-0.23455466416450282	0.0021008324392728793	0.04128101342964212	-0.1430433181068994	0.013292518565692907	-0.17201074076395237	0.0028435930965612587	0.09001806893247952	0.03939998017974844	0.01066347411210472
OV	TIGIT	TIGIT	300	-0.18084942206692703	-0.29443291214920564	-0.062227819572415854	0.0016591543438909217	-0.22497917326365435	8.695150917711948e-05	-0.20945732197337658	0.0002650891759558732	0.005859966035032896	0.000518566229429809	0.0015082660011282443
OV	IDO1	IDO1	300	-0.183570508797553	-0.29700131556118325	-0.06503095501701911	0.0014058801771422958	-0.18737259719683513	0.0011327973558261045	-0.1913129547910919	0.0008841280963836336	0.0051548939828550844	0.004878650175648462	0.004090125305699987
OV	BTLA	BTLA	300	0.19103054486936796	0.07272553993838868	0.3040343523401365	0.0008822489316315756	0.18736372098680476	0.0011334237781809558	0.19291689573148155	0.0007981724946346314	0.0034386867807687394	0.004878650175648462	0.0038358775227586655
OV	SIGLEC15	Siglec-15	300	0.10711733961852102	-0.01302175200571429	0.2242077815739718	0.06389441552818981	0.09215008795230711	0.11180444265091781	0.11073782668596886	0.055786215694525444	0.12673594992239623	0.2145085236907144	0.12667053563665182
OV	CD276	B7-H3	300	0.3905520686017202	0.2838816561131366	0.48767375842251764	2.2674665534672284e-12	0.38650016537940557	4.32204392588599e-12	0.33938124467511877	1.705963588339648e-09	3.8703308412630275e-11	7.640756226119876e-11	3.671530331426634e-08
OV	IL10	IL-10	300	-0.03271879616023336	-0.15209352707541512	0.08759679866416861	0.5724196694670413	-0.09282790728639918	0.10918177258109439	-0.051747395976232353	0.3725828858283495	0.6844148221888537	0.2111131930767255	0.5282055928328176
OV	TGFB1	TGF-beta1	300	0.047689921509067555	-0.07269776299662105	0.16670786032396095	0.4104888114357722	-0.021458729357961434	0.7117219508854561	0.015576060720712166	0.7885273748930917	0.5302551776279772	0.8235868033326024	0.8616358732275505
OV	ENTPD1	CD39	300	0.10818979114370132	-0.011936894768284018	0.22523801353430134	0.061265247934668546	0.06019733563374507	0.29950738214056905	0.07628025200837177	0.18837508926058466	0.12355158271177827	0.45477347901712173	0.31775124168927665
OV	NT5E	CD73	300	-0.04137908811955721	-0.1605537958306138	0.07898476603576038	0.47521438688460166	-0.14240698058732756	0.013712545496871021	-0.013090839088590947	0.8216500067332411	0.5895516829771373	0.040403035838994975	0.878437912166208
PAAD	CD274	PD-L1	178	0.3619360011756497	0.21848350667659375	0.49007638803329373	6.900266218906763e-07	0.27639034764058945	0.00019617872562244806	0.23287488868030587	0.001813140590975304	5.509083513482013e-06	0.0010221944124538084	0.0072967853051445165
PAAD	PDCD1LG2	PD-L2	178	0.32147390405870047	0.174438763636881	0.4544854000312388	1.2115913798880604e-05	0.19813135565078124	0.008204173826828375	0.31217644711576115	2.3367864319793883e-05	7.313874793226705e-05	0.025866662702420672	0.00018656601352093504
PAAD	PDCD1	PD-1	178	0.10224213252735766	-0.054394524687061824	0.2539677221910229	0.17445370593312984	-0.030302566332674304	0.6888729693088516	0.12485432110342276	0.09776330943415208	0.2812852913254048	0.809957529234873	0.19531412773378987
PAAD	CTLA4	CTLA-4	178	0.21578865344631473	0.062105894302109645	0.35947577747145665	0.0038175372813126934	0.08761390648379151	0.24621174970831738	0.24270077881373453	0.0011345203274275557	0.011737148784160144	0.3881363570242583	0.005152179468593028
PAAD	HAVCR2	TIM-3	178	0.2733435221089211	0.12280192892848793	0.41158890732066755	0.00022274085982723946	0.1340730330697935	0.07521861924118187	0.3015881999410847	4.516478719621885e-05	0.0010023338692225776	0.1584392192527022	0.0003439472255712051
PAAD	LAG3	LAG-3	178	0.06906081318140865	-0.08765247352924961	0.22243825935191233	0.35967268627585264	-0.038095814146693344	0.6146664516216866	0.003510519589282649	0.9630124324957566	0.4773136185162119	0.7494086048096917	0.9794509858324474
PAAD	TIGIT	TIGIT	178	0.28521013256301914	0.13545780058249451	0.42222229701094854	0.00011393173131939384	0.16707964739527814	0.026232744863469912	0.341195777271002	3.3618157521935916e-06	0.0005371067333628567	0.0694396187562439	3.139809051577034e-05
PAAD	IDO1	IDO1	178	0.1884152335737822	0.03363196100375768	0.33437193594986797	0.011780151779983651	0.10208838864703133	0.17634015093827443	0.14948554839274697	0.0470491580428851	0.03118275471172143	0.31063478546066137	0.10933959263487382
PAAD	BTLA	BTLA	178	0.14145497056066306	-0.014637922679289981	0.2908173132009201	0.05964208814922602	0.0350511281106488	0.6432473268207157	0.24821100622667397	0.0008649710363840892	0.12099521981092984	0.7747139337621759	0.00403925153783136
PAAD	SIGLEC15	Siglec-15	178	0.16321982784731964	0.00764381636223479	0.311081006317236	0.0294878877905945	0.11994542605706963	0.11178743312531517	0.07132544471137153	0.34547522053505353	0.0678907184016013	0.2145085236907144	0.50445496803791
PAAD	CD276	B7-H3	178	0.33590569485417193	0.19008117659782364	0.46722870455694276	4.564566432121952e-06	0.2283273190234598	0.002238212469948006	0.17285888150728368	0.02140343561374684	3.053324843108603e-05	0.008522424404802024	0.05576158225686677
PAAD	IL10	IL-10	178	0.24176432818256813	0.08935921675157384	0.3831069824740729	0.0011492680749071033	0.0986206605589569	0.19156877763944702	0.3127444503474479	2.2540079663040122e-05	0.00440998214789935	0.328119532635039	0.0001829072038230305
PAAD	TGFB1	TGF-beta1	178	0.13255809623616463	-0.023701664532332554	0.2824953115157414	0.07775251810225521	-0.035693238962987865	0.6371741575299783	0.049393968532188685	0.5138293272872578	0.14860037243481208	0.7695090236764468	0.652167992326135
PAAD	ENTPD1	CD39	178	0.3476204281713709	0.20283328496646835	0.47753287503699177	1.9915940738592227e-06	0.24345554325347366	0.0010935284391047368	0.3821319780798268	1.5336015469123923e-07	1.4559100611172467e-05	0.004806925808056129	1.8978319143040855e-06
PAAD	NT5E	CD73	178	0.45508616356055176	0.3221528836215226	0.5704200490835811	1.748392817858391e-10	0.4189427741396851	6.499405691787177e-09	0.23910810358140872	0.0013496373686123183	2.472726985256867e-09	7.660013851034887e-08	0.005860267521606119
PCPG	CD274	PD-L1	177	0.37768574253688164	0.23536164810743276	0.5041516814247914	2.1902084402547169e-07	0.4013380639223934	3.384872682412181e-08	0.39480129239780903	5.8869117869171394e-08	1.8762709910997303e-06	3.6124101100854565e-07	9.10631667038745e-07
PCPG	PDCD1LG2	PD-L2	177	0.24578397136759697	0.09315034650130141	0.38713054347180237	0.0009754746544117504	0.20327849382525565	0.006812179570198083	0.2397846420805436	0.0013490807110307765	0.0037723433901079412	0.022480192581653676	0.005860267521606119
PCPG	PDCD1	PD-1	177	0.10654479002143666	-0.05050582893447775	0.2584532895794736	0.15810785689808945	0.09190477769092355	0.22507783721132318	0.06787167793074643	0.3707677577355033	0.25829501374440356	0.367701417226419	0.5282055928328176
PCPG	CTLA4	CTLA-4	177	0.11515354947449817	-0.04180854039600012	0.2665685098996791	0.12694875906597086	0.10574928557073836	0.16245988011229526	0.09953667072226023	0.18872497991241885	0.21447531109646384	0.2895242803736439	0.31775124168927665
PCPG	HAVCR2	TIM-3	177	0.22136569903906947	0.0674894203398548	0.3649557287555359	0.0030660475105875194	0.19191329633030507	0.010721748454270567	0.2071232865768935	0.005812132107706932	0.009791571082198853	0.032559910950085466	0.019180035955432877
PCPG	LAG3	LAG-3	177	0.0011307798276988638	-0.15510665008693642	0.15731302419566393	0.9880820733137801	0.01017607192348407	0.8933690800582242	-0.030947969679531815	0.6834621092392204	0.9880820733137801	0.9316238872909708	0.7831336668366066
PCPG	TIGIT	TIGIT	177	0.22419039154683934	0.07044748602974872	0.36752925919612434	0.0027015151240805395	0.20608439834980233	0.006068518602103955	0.2054584158658073	0.006227836328638375	0.008974832123623268	0.02043480753769699	0.02028144067549997
PCPG	IDO1	IDO1	177	0.0033478779551659914	-0.15294213852697133	0.15947450923990603	0.9647249245026827	-0.024428313291662958	0.7475913470046724	-0.0620872203376906	0.4130141022009705	0.9765620401407524	0.8468139971792056	0.5570626174100284
PCPG	BTLA	BTLA	177	0.12738801790125967	-0.029407196326630743	0.27806475963179933	0.09109105085153135	0.0917324421196071	0.2259523204471025	0.11423810443087434	0.13112323199234682	0.16824653049070157	0.3679157849385386	0.24128624474428134
PCPG	SIGLEC15	Siglec-15	177	0.2075955385269279	0.05310771020360122	0.35237846351529517	0.005561367324217416	0.20837653742970166	0.005515755794514062	0.2039559703991652	0.0066255518948899784	0.016484292368189348	0.01909300082716406	0.021159020567551867
PCPG	CD276	B7-H3	177	0.44396269319326653	0.30919583329721817	0.5612492865486068	6.03550617387449e-10	0.42533930174516105	3.994446567469657e-09	0.34321637623329654	3.1121694321108115e-06	7.286769648946031e-09	4.9700212634538576e-08	2.9625459017208688e-05
PCPG	IL10	IL-10	177	0.22692807714177315	0.0733170192532579	0.37002142601846266	0.0023861443846650856	0.19042026987644065	0.011360322054291631	0.21872865118273177	0.003539985973445396	0.00802055494780757	0.03408096616287489	0.012878994226135407
PCPG	TGFB1	TGF-beta1	177	0.12497835910043109	-0.03185354564832808	0.27580390634028296	0.09742789544440848	0.07883559421005469	0.2983215245474836	0.038285783577698074	0.6139212167704488	0.17730444207714044	0.45477347901712173	0.7340362374429278
PCPG	ENTPD1	CD39	177	0.3141193567037363	0.16605753456775818	0.4483304438414778	2.0649414890446233e-05	0.2884251263379157	0.00010362169906368514	0.23710272953933298	0.001532729230431538	0.00011615295875876005	0.000596427221354932	0.0063940840781192545
PCPG	NT5E	CD73	177	0.36991174285857303	0.22680754082311	0.49738114026500313	4.0329126341102955e-07	0.3587981254426466	1.0089427255416755e-06	0.3588041496126518	1.0084916270301128e-06	3.327152923140994e-06	8.055268534566604e-06	1.040006990374804e-05
PRAD	CD274	PD-L1	495	0.17598768049959557	0.08397711935613612	0.26502264503121153	8.273249807101829e-05	-0.047621366714350334	0.2908056859496213	0.1278827724691824	0.0044156464071736035	0.0003975979276228549	0.4470460079039209	0.01517675021632135
PRAD	PDCD1LG2	PD-L2	495	0.22153146296161752	0.1308477947131988	0.3085388811036326	6.414835548862161e-07	-0.0307693014567096	0.49504233149850735	0.15481344121317828	0.0005543403372230273	5.205481306043885e-06	0.6499892681479075	0.002799984356381618
PRAD	PDCD1	PD-1	495	0.08375590738100777	-0.009710828704831082	0.1757717929604962	0.06260126803267187	-0.054299814976724606	0.2283171143310846	0.0556216486015116	0.2171743564357626	0.12495011159747006	0.3681334579605436	0.35596459084669696
PRAD	CTLA4	CTLA-4	495	0.09634756941385866	0.0029836384171469553	0.18804631121153087	0.032099713461951916	-0.03128597526602904	0.4878240649747946	0.0033776494565204533	0.9403085636794287	0.07157368542191982	0.6422151919216046	0.9691125753485019
PRAD	HAVCR2	TIM-3	495	0.24663980764854468	0.15686217500608635	0.3323747051285324	2.7034489773611707e-08	0.06412221816374862	0.15472402498773627	0.07972590122700483	0.0766727590818664	2.623935772144666e-07	0.2785032449779253	0.16219237498087122
PRAD	LAG3	LAG-3	495	-0.3143716805949988	-0.39613224696823274	-0.22766501471183995	8.130195746272189e-13	-0.39920031827701313	2.5350386920012772e-20	-0.2922588588593016	3.4842609630710554e-11	1.4373024622874047e-11	1.3494053950631445e-18	9.815890129629747e-10
PRAD	TIGIT	TIGIT	495	0.1971107964404383	0.10566513752302464	0.28525058703719747	9.972647885506981e-06	0.04018676658704512	0.3727720758536944	0.11642417782022445	0.009599989195995291	6.094395930032044e-05	0.526038045740127	0.028367698694341678
PRAD	IDO1	IDO1	495	0.21128383171366036	0.12026614085896062	0.2987791115290277	2.1106885638591024e-06	0.11952397951910453	0.007828862771042949	0.11802139638312233	0.008647259733388812	1.5141896218989214e-05	0.02498595117288713	0.026260083239432287
PRAD	BTLA	BTLA	495	0.18190687037928505	0.09004582941837684	0.2706989003572902	4.682097849038001e-05	0.05432108842629735	0.22813462830051415	0.09028329248879849	0.04489248062360141	0.00023649371788508273	0.3681334579605436	0.10591538086546042
PRAD	SIGLEC15	Siglec-15	495	0.28816683248156083	0.20016286268192737	0.37155818988104167	6.394520705684025e-11	0.17204293279911184	0.0001216145530978675	0.23987214917459865	6.77985892444651e-08	9.30966985092233e-10	0.0006667537573780602	1.0169788386669765e-06
PRAD	CD276	B7-H3	495	0.502480549087694	0.42923238044919165	0.5691622231071395	4.9966813226134563e-33	0.47779040465948186	1.5422974895913586e-29	0.40226803187014687	1.2240802384667795e-20	6.183393136734152e-31	1.9085931433693064e-27	1.2118394360821118e-18
PRAD	IL10	IL-10	495	0.26087878955461097	0.1716705366823062	0.345843548123482	3.819141422103939e-09	0.08802009541346817	0.050561290869485014	0.1582288861899048	0.0004152981910573782	4.0058041659175085e-08	0.11695251859997702	0.002186942601844704
PRAD	TGFB1	TGF-beta1	495	0.03472641407976957	-0.05885523862187989	0.12770303464234983	0.4407702658943833	-0.18468270153049687	3.628291536354327e-05	-0.05257104975135205	0.24349457265998425	0.5565849020860197	0.00022450053881192393	0.3888058498925555
PRAD	ENTPD1	CD39	495	0.2777404914022554	0.18925878383479583	0.3617481019559489	3.219093849876564e-10	0.024623336490177034	0.5850815032196269	0.18826186923028476	2.537427517070294e-05	4.049479519389528e-09	0.726415821573651	0.00019936930491266597
PRAD	NT5E	CD73	495	0.1379410665981044	0.04513169450039062	0.22838963233344237	0.002098311887421562	-0.1680312821073963	0.00017547831356944492	0.17869324834062472	6.502719268257904e-05	0.00711413961831283	0.0009339974754502714	0.0004598351482553803
READ	CD274	PD-L1	92	0.3058688441784833	0.09546872342815306	0.49010808965303226	0.003025968627313626	0.16201783325785152	0.12494538883427983	0.2176833432949039	0.038192094404584646	0.009729525674444425	0.23474129275358854	0.0926719937758304
READ	PDCD1LG2	PD-L2	92	0.2831258921198507	0.07073766533046309	0.4709561015604637	0.0062434711924961375	0.016180453717425675	0.8790071907259704	0.2975128299354139	0.004183102886745914	0.018395941906461835	0.9277368004463867	0.01468536119815055
READ	PDCD1	PD-1	92	0.32605261206730785	0.11763660307229813	0.5069572790551036	0.001515080532692185	0.15925892201186714	0.13158695976049464	0.34007650819532975	0.0009732033563241276	0.005434527997700229	0.24213957279347526	0.004460515383152251
READ	CTLA4	CTLA-4	92	0.3232712450670157	0.11456943171600213	0.5046436079444109	0.0016713217755408808	0.17417100836367844	0.09870513126358622	0.29559451623577065	0.004445714709831507	0.005859966035032896	0.19701225796562574	0.01517675021632135
READ	HAVCR2	TIM-3	92	0.2285390612069361	0.012425721074416553	0.42425413000630574	0.028438423065125455	-0.05262101187690242	0.6203342482214438	0.2762430443891509	0.008036079865242613	0.06608929303867184	0.7529243675300874	0.02470720207015586
READ	LAG3	LAG-3	92	0.20069049500140898	-0.016767617885784788	0.40002024880750986	0.055085558071591864	-0.0023554868036264882	0.9823208695877661	0.13971629334243454	0.18654373562156237	0.11342327818063398	0.9903234835966278	0.3173166636861628
READ	TIGIT	TIGIT	92	0.22973863407414843	0.013691551331937425	0.4252917407864884	0.027594537954092273	0.02250639836085607	0.8322972304602151	0.258253896162214	0.013450594692179369	0.0644306428645079	0.9009855375176031	0.037616069901857556
READ	IDO1	IDO1	92	0.211859900595818	-0.005103217958174832	0.4097734818145277	0.04262351160729386	0.05258224344837042	0.6205922059641933	0.1376334149521487	0.19326176613701815	0.09133609630134398	0.7529243675300874	0.32428669233160673
READ	BTLA	BTLA	92	0.0967659944505959	-0.1225325540161375	0.30705523733245293	0.3588218430554791	-0.03897426184496247	0.7137752295549221	0.15003417671890495	0.15575378421369482	0.4773136185162119	0.8235868033326024	0.2733975999495707
READ	SIGLEC15	Siglec-15	92	0.13064439907210598	-0.08859285320820164	0.33780835541943	0.21449797193997414	0.014697951019778763	0.890020136622038	0.31230162986895116	0.002580437431366603	0.3307679006551003	0.9316238872909708	0.009825511757895911
READ	CD276	B7-H3	92	0.47602203985538605	0.28912120690780135	0.6279651297892064	1.6195251887904158e-06	0.37026490070971674	0.0003031854687356738	0.3745954236336555	0.0002540363118237338	1.2548104134800176e-05	0.001500768070241585	0.00146218574828777
READ	IL10	IL-10	92	0.13603355901330022	-0.08314659993128255	0.34265992403995377	0.19602221666301609	-0.13536780910392904	0.200765611444681	0.14722768941091058	0.16372581938643352	0.31199677571766227	0.3391773981744611	0.2842664443387294
READ	TGFB1	TGF-beta1	92	0.2870089237550668	0.07494173335377867	0.4742386108748343	0.0055394224088802365	0.022136920236004404	0.835011096301248	0.3690377135582709	0.0003186260316393881	0.016484292368189348	0.9009855375176031	0.0017721335467583946
READ	ENTPD1	CD39	92	0.2563393197748779	0.04194057670937168	0.448169559650907	0.013645448054089931	-0.013114467438734269	0.901806264308234	0.3173302285305267	0.002177282114296576	0.03499739267758817	0.9338788720346775	0.00855360830616512
READ	NT5E	CD73	92	0.03767565339043345	-0.18052722189826173	0.25234396270184334	0.7214228081491955	-0.04622273621251391	0.6635087019031201	0.015811189025184986	0.8817482494507399	0.8134494078219857	0.788232849494321	0.9227597959368209
SARC	CD274	PD-L1	258	-0.013392901598897573	-0.14251880869641767	0.11618124934597593	0.8304793162263796	-0.025659835574638367	0.6822310093863638	-0.037032565621314996	0.5545298437620194	0.8840586269506621	0.8049751811284553	0.679436318470791
SARC	PDCD1LG2	PD-L2	258	-0.08416022069993331	-0.21123315044105972	0.04571032171819089	0.1777738068476664	-0.07362021367916424	0.23956884959195318	-0.08994449604972604	0.15048888134050079	0.285707903862321	0.3825373566065059	0.2679568210918989
SARC	PDCD1	PD-1	258	-0.11135632972106546	-0.23731036766484764	0.018279865161545377	0.07417711317227657	-0.10245735516643037	0.10124969728804206	-0.0938442664859872	0.1335063269697173	0.14342840242295665	0.1996756978389674	0.2447615994444817
SARC	CTLA4	CTLA-4	258	-0.12032802655478368	-0.24587331879388455	0.00918784860505503	0.05355869491604364	-0.10526450924946304	0.0921867302308688	-0.13221814971511311	0.0341246720497229	0.11139308396404034	0.1862548223031839	0.08321040721484156
SARC	HAVCR2	TIM-3	258	-0.25754888425933303	-0.37444527673949873	-0.13259404946636189	2.8189615656279514e-05	-0.24178980386790935	9.020036391055613e-05	-0.24803637331227701	5.8213251004457954e-05	0.00015004150268664904	0.0005315378587586344	0.0004176168006841549
SARC	LAG3	LAG-3	258	-0.18822951285414916	-0.3100520376892854	-0.060325705358378036	0.0023980649136879197	-0.19469437068164197	0.0017124758027355262	-0.18546834233609716	0.002838304652348842	0.00802055494780757	0.006891670913447849	0.01066347411210472
SARC	TIGIT	TIGIT	258	-0.18508281859358988	-0.307102197627767	-0.05707665519429646	0.002842650280783024	-0.16809080973173063	0.006917122563962703	-0.1781022533190467	0.004180470956910067	0.009380745926583979	0.02267533555736118	0.01468536119815055
SARC	IDO1	IDO1	258	-0.14380414216633372	-0.2681875333870392	-0.01470487046714154	0.02085258059136951	-0.13719989902306143	0.027865851042939028	-0.13705101381191218	0.02803755299244066	0.050598173493764255	0.07221778149871633	0.06939294365629063
SARC	BTLA	BTLA	258	-0.2298686413413324	-0.3488666265950895	-0.1035760174335147	0.00019585581686411773	-0.21743348345423655	0.00044671256804944433	-0.22111097699810034	0.0003546602791356685	0.0008976724939605396	0.002126180011389182	0.001929196023869845
SARC	SIGLEC15	Siglec-15	258	-0.09557123380554348	-0.22219676757741952	0.03422477867015924	0.12573133324562236	-0.0832782461339133	0.18323616032117515	-0.15042170447394204	0.015802906127642485	0.21447531109646384	0.31884323287338223	0.043457991851016835
SARC	CD276	B7-H3	258	-0.09389742221784474	-0.2205905833273962	0.03591167101851725	0.13252536111975377	-0.04976324645976153	0.42698068232206465	-0.12217369319089277	0.050420342810614034	0.22312943453836095	0.5774738736323005	0.11608404507559975
SARC	IL10	IL-10	258	-0.1656028657287736	-0.28878855748322835	-0.03702322404051083	0.00768765066271293	-0.1389913313095111	0.025869533293529628	-0.16069111514300352	0.009871266237056886	0.021996457098513878	0.0688463386037482	0.028912880398480233
SARC	TGFB1	TGF-beta1	258	-0.21183971177484337	-0.33211063227935245	-0.08479066443645931	0.0006146158217152059	-0.19175430472737953	0.0020166162503692177	-0.2286080298624762	0.00021896753830525053	0.002519004237456527	0.007922420983593356	0.0012751638995423414
SARC	ENTPD1	CD39	258	0.06506044301611605	-0.06485831927791874	0.19281039366072225	0.2978503012211753	0.05037867096037355	0.42127838543304535	0.06801237761691799	0.2773619374822275	0.4232545924082204	0.572779127457119	0.43174263853365596
SARC	NT5E	CD73	258	0.02383649682980743	-0.10586280869029281	0.1527383293396569	0.703154392900859	0.050262400779444195	0.4223522859027241	0.01589936911886011	0.7997583857390672	0.8019275573082888	0.572779127457119	0.8643676876437517
SKCM	CD274	PD-L1	102	0.20627901601181892	0.00047903691412736827	0.39531564902568667	0.037519411286678926	0.19411184371260973	0.05176765994922514	0.10741638524463641	0.2849880105300432	0.08291119904868781	0.119109313558132	0.4394674928734311
SKCM	PDCD1LG2	PD-L2	102	0.17619182378147488	-0.030743366555811006	0.3686436986682719	0.07649339628659801	0.14586529276323262	0.14553693727196568	0.1292775430856904	0.19758389166808074	0.1468141392473143	0.26388565549312454	0.33041900802601337
SKCM	PDCD1	PD-1	102	-0.34392230168687554	-0.5134009201674793	-0.1486223988412468	0.00040127672383418665	-0.3741508545997508	0.00011604342028186069	-0.2687833139205251	0.006571338824155631	0.001697709216221559	0.0006454100341519219	0.021159020567551867
SKCM	CTLA4	CTLA-4	102	-0.08102751181354703	-0.2821425079695597	0.12690928535522114	0.4181790278462665	-0.09208522004782245	0.35973316792562793	-0.19148467934717012	0.05508135436045211	0.5362658517717667	0.5161388931106835	0.1256464074120912
SKCM	HAVCR2	TIM-3	102	-0.1083014322970794	-0.307272451473716	0.09974220202463688	0.27858612043552033	-0.16083077640992582	0.10812274709344637	-0.13190042122319948	0.18856513562162158	0.4043992070838198	0.20988533259316058	0.31775124168927665
SKCM	LAG3	LAG-3	102	-0.3072769117249311	-0.4825771980299013	-0.10830629981031373	0.0016810407615649925	-0.3233196004596445	0.0009740231866712549	-0.22078330698244705	0.02650841021792437	0.005859966035032896	0.004343616913533975	0.06660742668970844
SKCM	TIGIT	TIGIT	102	-0.21948626622507064	-0.4069239047803561	-0.014312512886074127	0.026658337664339084	-0.25755525971573956	0.009316869583782646	-0.19270193317136675	0.05352497717742555	0.0625397021035443	0.02900534870422899	0.12266140603160022
SKCM	IDO1	IDO1	102	-0.08336019272094614	-0.28430266624234496	0.12459787793264254	0.4048606440820844	-0.1276453634426852	0.20335073562528586	-0.08875422482726608	0.37744711214598664	0.5261749125443275	0.34173556781292114	0.5282055928328176
SKCM	BTLA	BTLA	102	0.05554864475529676	-0.1520096043710234	0.2584144988207607	0.579217546427854	0.019145190136256544	0.8492862173653627	-0.07176378481640915	0.47574664519593385	0.6892131862542974	0.9099495186057458	0.6116742581090577
SKCM	SIGLEC15	Siglec-15	102	-0.1462554527355075	-0.34178717501204997	0.06141355653693516	0.1424296944212816	-0.1688605728163936	0.0914017794060619	-0.1845188445455932	0.06471750126879393	0.23658623737763218	0.18542574100819934	0.14174850941616368
SKCM	CD276	B7-H3	102	0.41289676874134834	0.22630874425991043	0.5702553368056811	1.6126364515282424e-05	0.4119593761416797	1.8665870836574298e-05	0.22959544710096857	0.02090866472125899	9.50303623222e-05	0.00011999488394940619	0.05476078855567831
SKCM	IL10	IL-10	102	0.0919337427230094	-0.11608307909542163	0.29222463454028375	0.35810069086944896	0.05880086961244801	0.5591587230139525	0.009423590882086304	0.9254831930354839	0.4773136185162119	0.7078863628949016	0.9583978672647793
SKCM	TGFB1	TGF-beta1	102	0.08333639620162286	-0.12462146883436567	0.2842806399841613	0.4049952357159369	0.05916579329488767	0.5567183554976806	0.16099541858888014	0.10775746798899943	0.5261749125443275	0.7078863628949016	0.2099997899785619
SKCM	ENTPD1	CD39	102	0.1553528716613564	-0.05213443249580543	0.3499825740702621	0.11896512937379593	0.12012053795767813	0.23149836460770826	0.044877302843957606	0.6558702642633325	0.20518375972135533	0.37205094311953113	0.7642244329676806
SKCM	NT5E	CD73	102	0.2840982985530211	0.08313940870138403	0.46285405708672467	0.003806503841904064	0.2676838119295504	0.006804201771965781	0.1363639403906515	0.17391115996192053	0.011737148784160144	0.022480192581653676	0.29890980618455093
STAD	CD274	PD-L1	413	0.25626666165618484	0.15816599845974902	0.3493577258771292	1.2875673280960513e-07	0.2847052329390521	4.016178798750593e-09	0.08439893830267607	0.08708842830315058	1.1381175489420451e-06	4.9700212634538576e-08	0.18037143100443323
STAD	PDCD1LG2	PD-L2	413	0.12232953544241397	0.020339003864086685	0.22180027526994012	0.012851961698658154	0.23227540025610863	1.882122413998472e-06	0.15878710374516894	0.0012216625406277872	0.03330744000437585	1.411591810498854e-05	0.005411124859328287
STAD	PDCD1	PD-1	413	0.1141156938172939	0.012010910954462802	0.21386529017686576	0.020359366182977106	0.15786594939266171	0.0013054708776967393	0.08483243805111539	0.08547241288268652	0.04964475990430378	0.005523146021024667	0.1777682536845791
STAD	CTLA4	CTLA-4	413	0.17998196006616873	0.07919439121976884	0.2771271229470313	0.00023631965733736816	0.2240291158621024	4.3907276438769075e-06	0.09885099508286331	0.0449337979429226	0.0010454680952774616	3.19619144664569e-05	0.10591538086546042
STAD	HAVCR2	TIM-3	413	0.16373402676036972	0.06253601736449077	0.26159951944522397	0.0008379324992266234	0.2496027274935851	2.859966063979299e-07	0.19528446173561043	6.599483364302723e-05	0.0033449724767514403	2.573969457581369e-06	0.0004601048261027954
STAD	LAG3	LAG-3	413	0.05128877673262228	-0.05122477000728631	0.15273276667540775	0.29841586414236143	0.074752528131986	0.1298178053782499	-0.056693088632551354	0.2508977974520485	0.4232545924082204	0.23977542411281236	0.39577537418092124
STAD	TIGIT	TIGIT	413	0.05941785696337121	-0.04308883841021339	0.16068658116123608	0.22823475157360526	0.10547865554665077	0.03231823426215953	0.07196823245474931	0.14477197261604446	0.34761908316595264	0.08246147401942767	0.2624986316664542
STAD	IDO1	IDO1	413	0.1459869631805413	0.04440484564243382	0.24458116375251607	0.0029417419666313807	0.16890139335210844	0.000575994874629266	0.014894679538071356	0.7630887907489213	0.00958001495712193	0.002664649186369034	0.8412671523846682
STAD	BTLA	BTLA	413	-0.09840304210705646	-0.19864931253650994	0.003880927902601653	0.04565404230760386	-0.07193882231999613	0.14493666872714653	0.03904059766559353	0.4293342971416271	0.0969903473916906	0.2637634228674174	0.5685493995940942
STAD	SIGLEC15	Siglec-15	413	0.03540141248835963	-0.0670863373778795	0.13714990584633158	0.4730741998312224	0.04812677704084785	0.32982635552362244	0.09832825795381014	0.04608459273990914	0.588371178182048	0.48302972184672516	0.10780915719497196
STAD	CD276	B7-H3	413	0.37732607406386726	0.2861195502814628	0.46175657830733896	2.0162506032856477e-15	0.4398421201633586	6.3957087095460766e-21	0.3201076193642829	2.8598803450957768e-11	5.252863413823135e-14	3.957344764031635e-19	8.847754817640059e-10
STAD	IL10	IL-10	413	0.09113610351693313	-0.01121330754245825	0.19159569890104045	0.06426408773842718	0.16026683344235254	0.0010973386188087729	0.16864418941163095	0.0005874267723038524	0.12673594992239623	0.004806925808056129	0.0029176015977923596
STAD	TGFB1	TGF-beta1	413	-0.004618100270097579	-0.10681258896274341	0.0976729418498738	0.9254531742225445	0.0687509449752863	0.16364987648132645	0.14334223857393286	0.0035482193772432757	0.9504135295438993	0.29034655504751467	0.012878994226135407
STAD	ENTPD1	CD39	413	0.03600584204713027	-0.06648383568645526	0.13774367365551782	0.46554663663399226	0.15038249543637794	0.0022090869288348912	0.28243365370591406	5.393043504324014e-09	0.5824561158888996	0.008476728912971096	1.0891460695163624e-07
STAD	NT5E	CD73	413	0.132326538041488	0.030494192656315783	0.2314401416614256	0.007083478640288953	0.15038567753799345	0.0022086037098766075	0.18163005735798016	0.0002102594157787425	0.02058291068502458	0.008476728912971096	0.0012390287001247326
TGCT	CD274	PD-L1	148	0.027214397369107777	-0.14429680369048828	0.19713815927514725	0.7426613536777863	0.04511434601819634	0.5874126420801703	0.13364537935615425	0.10657531319388813	0.8354940228875095	0.726415821573651	0.20851691711847678
TGCT	PDCD1LG2	PD-L2	148	-0.07732679581644669	-0.24493144014600357	0.09476542568164101	0.350229429487204	-0.017277435731517268	0.8354593166072319	0.10051187402480845	0.22577720280323113	0.471096651076538	0.9009855375176031	0.3688439451735954
TGCT	PDCD1	PD-1	148	-0.12638715750323823	-0.29094537796346537	0.04543417785356935	0.12584998253085214	-0.10021556443643825	0.22715521038637182	0.08745901617497352	0.2921797890674863	0.21447531109646384	0.3681334579605436	0.44776778819939855
TGCT	CTLA4	CTLA-4	148	-0.09609552359636118	-0.2626243419825013	0.0759923618165495	0.24530407690694195	-0.06678072228236137	0.4215940385355886	0.09637779310511768	0.24554080225541938	0.3697468060977626	0.572779127457119	0.3908125309210051
TGCT	HAVCR2	TIM-3	148	-0.0653655259110962	-0.23359724927095202	0.10666593938835629	0.42993198500112545	0.0039174628600958114	0.9624403662884565	0.030279159869937348	0.7158096259549749	0.5484957025143223	0.9742494505373946	0.8034597842351758
TGCT	LAG3	LAG-3	148	-0.16567550108954796	-0.32725322714106586	0.005315261951892332	0.04418104953467397	-0.15766749489933263	0.05648892635631647	-0.004081033347738519	0.9608733139054383	0.09426560137786041	0.1248304399391815	0.9794509858324474
TGCT	TIGIT	TIGIT	148	-0.05331057919731714	-0.22212784798353583	0.11860999231196562	0.5198932369787008	-0.01934717875002072	0.816078753748921	0.12181121074114253	0.14162854719406007	0.6354250674184122	0.8917416845600793	0.2577431281656608
TGCT	IDO1	IDO1	148	-0.02262559854003613	-0.19272098127536744	0.1487898480261492	0.78488905082776	-0.03622940264222089	0.6630897058212989	0.021596173263501543	0.7951455817162256	0.8535752890497794	0.788232849494321	0.8618487148104238
TGCT	BTLA	BTLA	148	0.15158630047928426	-0.019765897570128015	0.3142875003075365	0.06589555709562173	0.07608447623130819	0.3597042792416866	0.13063078560753605	0.11478198981636274	0.12943770143782837	0.5161388931106835	0.22194173812148266
TGCT	SIGLEC15	Siglec-15	148	-0.19220836529094482	-0.3515062942774575	-0.022093529592663183	0.019265427325837293	-0.09007942725513207	0.27790438930450007	-0.07015674202709281	0.3984543769425398	0.04730435084612434	0.42988335220539853	0.5418541664465857
TGCT	CD276	B7-H3	148	0.20934192650395914	0.03992965269300916	0.3670548800669358	0.010664034602289795	0.39418609037247737	7.813541063410603e-07	0.031640993379073654	0.7036136471738869	0.028380092086738973	6.3997535176281604e-06	0.7984238006366139
TGCT	IL10	IL-10	148	0.14866403227371422	-0.022754194012199466	0.3115906319341395	0.07134497519144843	0.22569650214790343	0.005984631922458392	0.2202610469173826	0.007346163926551492	0.1390384359045944	0.0202903616549103	0.02301488065596828
TGCT	TGFB1	TGF-beta1	148	-0.14462331508692586	-0.30785725360732524	0.02688117083506237	0.07947634462569908	0.055745191528859074	0.5024585429880547	-0.09309792913780962	0.2620520659182698	0.15131073303738862	0.6517923950203127	0.41179610358585256
TGCT	ENTPD1	CD39	148	-0.07881266444778177	-0.24633621936212777	0.09328366186810019	0.3410209648759513	0.16444171038846186	0.046557920023472296	0.049494535524866705	0.5516218917299759	0.46621234235065634	0.1107988962097057	0.6775504625467447
TGCT	NT5E	CD73	148	-0.07300908913657098	-0.240845369434576	0.09906688135536533	0.37786304151551225	0.14534334329043225	0.07900473871515608	-0.16472776756760507	0.04617281075825062	0.494820649603647	0.16431657842017755	0.10780915719497196
THCA	CD274	PD-L1	500	0.07674208022381587	-0.016296672747877876	0.16846329709468835	0.08648487147123167	0.09922257719730965	0.026665652843106926	-0.04001470231134927	0.37240563303320817	0.16215913400855936	0.07021009658158472	0.5282055928328176
THCA	PDCD1LG2	PD-L2	500	-0.017847524114868653	-0.11058666334309546	0.07519973019420892	0.6905449561818138	-0.08612850546527234	0.05451597345345306	-0.15639536142366325	0.0004541331959738337	0.7967826417482466	0.12160303791022577	0.00234162429174008
THCA	PDCD1	PD-1	500	-0.12878275230232175	-0.2190835589538037	-0.03629454230151055	0.003920574460164774	-0.23761234900589445	7.80118513556386e-08	-0.20499740880641573	3.89453390071171e-06	0.011906039004794866	7.870525147528773e-07	3.5699894089857345e-05
THCA	CTLA4	CTLA-4	500	-0.10191114234508211	-0.19300594675330102	-0.009074536500842709	0.022664966096504386	-0.16145192358265167	0.00029312330604328246	-0.250357330880533	1.4358136776203737e-08	0.054198831969901794	0.0014656165302164123	2.5383134657931606e-07
THCA	HAVCR2	TIM-3	500	0.05360114469565263	-0.03951822616138906	0.14579750339384862	0.23153332386794392	-0.037689342705511615	0.40085051988271847	-0.0806598127014717	0.07182604748307947	0.3515613353209578	0.5558011410138534	0.15458214567010584
THCA	LAG3	LAG-3	500	-0.18833499164699852	-0.2764200250702584	-0.09711196572440733	2.2476978518387526e-05	-0.25309388279402373	9.860364102200908e-09	-0.29599443990963625	1.5071724412086756e-11	0.00012478709954350214	1.1092909614976021e-07	5.328931131416389e-10
THCA	TIGIT	TIGIT	500	-0.061730204045669104	-0.15377069602049265	0.03137229168859505	0.1681448976252303	-0.12926423704106643	0.003822539716459574	-0.20205639771690873	5.382856270274357e-06	0.2719990990996372	0.014015978960351772	4.758060453188941e-05
THCA	IDO1	IDO1	500	-0.09629429467743696	-0.18753875496061304	-0.003402196958034281	0.0313326994984381	-0.1559439658904872	0.0004719349413767309	-0.20232179183102802	5.228930801963776e-06	0.07017957579966905	0.0022248361522045883	4.706037721767399e-05
THCA	BTLA	BTLA	500	-0.008256128153255469	-0.10110110563970962	0.08473141640194427	0.8538928699867856	-0.08671998361381383	0.05287163720179171	-0.14004827109238038	0.0017123160626171365	0.9031559201783309	0.12005257071049034	0.0070633037582956875
THCA	SIGLEC15	Siglec-15	500	0.21149067672250962	0.12094497749517973	0.2985461138535327	1.8302754654014893e-06	0.21295783222591222	1.5838087057735491e-06	0.19492995256406748	1.1565365382231685e-05	1.3727065990511169e-05	1.2249770458717295e-05	9.87044114518049e-05
THCA	CD276	B7-H3	500	0.47131704943522545	0.39572570315664757	0.5405650164084139	5.143936154529529e-29	0.44268955642753754	2.3097019407799654e-25	0.3987245770201391	1.8305770605887414e-20	4.43580602405558e-27	1.6332892295515467e-23	1.5102260749857115e-18
THCA	IL10	IL-10	500	0.14222819651180052	0.049966017383275954	0.23208347394238374	0.0014297173634929738	0.018325135969909465	0.6830092445938409	0.026984961357060636	0.5475761690067754	0.005165767116270234	0.8049751811284553	0.6775504625467447
THCA	TGFB1	TGF-beta1	500	0.26827993008769146	0.17984068364631534	0.3524169784809705	1.08748392329689e-09	0.1566304090016468	0.0004451128926941319	0.22136462214839803	5.89562674572508e-07	1.196232315626579e-08	0.002126180011389182	6.632580088940715e-06
THCA	ENTPD1	CD39	500	0.5640780667667503	0.49721746160436736	0.6242786858331755	2.4157162307882953e-43	0.547166787689684	2.594469944032002e-40	0.5338515367775233	4.162942041003359e-38	5.97889767120103e-41	1.284262622295841e-37	1.0303281551483314e-35
THCA	NT5E	CD73	500	0.2949478419963395	0.20771830005454509	0.3775234819143899	1.708388731678775e-11	0.31144377463689926	1.099371969775437e-12	0.23479785458917393	1.1194034603374616e-07	2.6426638193156047e-10	2.0930350963032363e-11	1.4581702970185356e-06
THYM	CD274	PD-L1	119	0.007641402443150104	-0.1831646274242099	0.19789261760613572	0.9342656670385638	0.035696737673053494	0.7011560931770805	0.062297180941057184	0.5027506124284932	0.953528876668225	0.81856666538362	0.6397469232701906
THYM	PDCD1LG2	PD-L2	119	-0.1869196819411747	-0.3644779426226515	0.0037533397337625118	0.041799875982942464	-0.17774610265077195	0.05415111303425176	-0.16174386708394387	0.08014839845027007	0.09074973075244087	0.12160303791022577	0.16810786963086308
THYM	PDCD1	PD-1	119	0.04196020830717731	-0.1497766106688998	0.23065544613749564	0.6504767547130061	-0.06541300874705493	0.4815839525733312	-0.2318684716410632	0.01152203884547481	0.7558356656876479	0.6356908173967971	0.03315935597970948
THYM	CTLA4	CTLA-4	119	-0.11683402271568662	-0.3006797905479302	0.07538346913320233	0.2057299803199833	-0.09238085975200155	0.3197557415952775	-0.018980328410663046	0.8383513955974778	0.3212502847267878	0.47963361239291624	0.8848271659291077
THYM	HAVCR2	TIM-3	119	0.22156070293895594	0.03238868006088135	0.3954075115433453	0.015452035154802791	0.26008520396844376	0.0044510063519772585	0.348100750416549	0.00011217958738307013	0.03902427245728256	0.01608210324254557	0.0007256335246824515
THYM	LAG3	LAG-3	119	-0.2652587050744727	-0.43386933043019904	-0.07869687544554342	0.0035511436544282305	-0.24537735028755203	0.007402341103189555	-0.14574852760861517	0.11530215898400827	0.011055447226050152	0.024106308197887037	0.2220800338407941
THYM	TIGIT	TIGIT	119	0.07400259240165914	-0.11820346883564262	0.260863653524601	0.42379800254589317	0.11417441984435164	0.21829327968045417	0.19065827211398764	0.03863604970355698	0.5420672125587006	0.3601839114727494	0.09329192489395466
THYM	IDO1	IDO1	119	0.15212603640181568	-0.03955999379231403	0.3330126769347582	0.0986140458197199	0.14918706843358967	0.10688106637481433	0.1531169142633526	0.09785435086460584	0.1788056874753163	0.2087934013682936	0.19531412773378987
THYM	BTLA	BTLA	119	-0.28928224256136964	-0.4547556170420546	-0.10450307072041727	0.0014183058506216806	-0.3318153404156175	0.00024195507171473422	-0.3192585649713158	0.00042540299011723377	0.005162216147483322	0.0012475808385290982	0.0022165734748213757
THYM	SIGLEC15	Siglec-15	119	0.3943115288012907	0.22032566116987498	0.5439805989018536	9.114546240617213e-06	0.42494109777159883	1.6166795364368348e-06	0.4830366248620022	3.0262856979620396e-08	5.639625486381901e-05	1.2311636469788204e-05	5.165556622383481e-07
THYM	CD276	B7-H3	119	0.29224929586175824	0.10770765083692435	0.45732263429609016	0.001259175131312377	0.4290161270066076	1.252009306640425e-06	0.5257710770866713	9.738909153605164e-10	0.004757951832058218	9.837215980746196e-06	2.191254559561162e-08
THYM	IL10	IL-10	119	0.24554337364846204	0.057703737463258034	0.4165921727021553	0.0071104600548266735	0.2517250201995449	0.00596407280647605	0.26344762672361166	0.003946444885729505	0.02058291068502458	0.0202903616549103	0.0140538864635691
THYM	TGFB1	TGF-beta1	119	0.10469737001668437	-0.08758929035740852	0.2894622413583705	0.25714053826356975	0.09714959548702203	0.29530321495659134	0.13210435449902513	0.15386766287536732	0.3806074711623272	0.45255446254957493	0.27298517044601
THYM	ENTPD1	CD39	119	0.3801850951358465	0.2044566340337351	0.5321736629646938	2.0005327004102205e-05	0.4362516655834427	7.886564940915511e-07	0.5648997076392327	2.6771532183193503e-11	0.00011382341226471943	6.3997535176281604e-06	8.834605620453856e-10
THYM	NT5E	CD73	119	0.33095933422017393	0.14987096922201862	0.49056337238601355	0.00023655035691126406	0.3477097672630618	0.00011432588549907316	0.41688524994588133	2.6538167824540063e-06	0.0010454680952774616	0.0006430831059322865	2.575763347675947e-05
UCEC	CD274	PD-L1	180	0.06494667010171329	-0.0908695328422287	0.2176589620750176	0.3863829610334075	0.06376695536348286	0.39642111679043135	0.003122986067956611	0.9669051964778774	0.5046426535924452	0.553671363563788	0.9794509858324474
UCEC	PDCD1LG2	PD-L2	180	0.15154411810292967	-0.0034386236093826936	0.29941746744873976	0.042279648716085215	0.16715367828870248	0.02532199600396398	0.07287165560355464	0.33233790827927634	0.09133609630134398	0.06775344876736308	0.49253672035401735
UCEC	PDCD1	PD-1	180	-0.024104691012673193	-0.17834081220534873	0.13128754076539384	0.7480648834033423	-0.02978218976606665	0.6922858939719075	-0.018511901751587075	0.8057145083147201	0.8371457277874308	0.8120415107016451	0.8689078030845021
UCEC	CTLA4	CTLA-4	180	-0.11563647717058642	-0.2657778008379372	0.039981709952147955	0.12215093835439837	-0.13292483004556668	0.07609065152172047	-0.07368373318344627	0.3269637411596172	0.2099469252966222	0.15959691738665946	0.48602718280483637
UCEC	HAVCR2	TIM-3	180	0.002152881878324899	-0.1528000965531386	0.15700254554160345	0.9771176164150145	-0.003753487466656116	0.9602286964060415	-0.0013494454451141232	0.9856963935188345	0.9810815824045277	0.9742494505373946	0.98769173034782
UCEC	LAG3	LAG-3	180	-0.02060772733201936	-0.17495127339197672	0.13472435866217336	0.7836353495830612	-0.024577640610874172	0.7439915660100278	-0.10688630616128936	0.15441585398966223	0.8535752890497794	0.8466110923562385	0.27298517044601
UCEC	TIGIT	TIGIT	180	0.014255031838237002	-0.1409582445244814	0.16878435526672694	0.8493651014054575	0.009547753395530578	0.8990605427097449	-0.009607704802566133	0.8984301276541456	0.9022225862568701	0.9336670376345393	0.9342918344302565
UCEC	IDO1	IDO1	180	0.09606890754746292	-0.059721851100561024	0.24729092676590061	0.19953074987081734	0.09517544891686634	0.20504134068775268	0.07547255390886297	0.31532426681606956	0.31454688275813564	0.34173556781292114	0.4715574382898926
UCEC	BTLA	BTLA	180	-0.10438916940604276	-0.25516514692555636	0.0513430746824392	0.16314141251213013	-0.11477603123126662	0.1260412418744013	-0.05454591824207848	0.4683280355929153	0.2647704891590309	0.23474129275358854	0.6068648628756363
UCEC	SIGLEC15	Siglec-15	180	0.1792789642379536	0.025073243329325725	0.3251513148413704	0.01603728912181283	0.1794840022250608	0.016213898434083995	0.17795059636611713	0.017163323536176646	0.04029674170201701	0.046934969151295775	0.046136355674052616
UCEC	CD276	B7-H3	180	0.34376234608564976	0.19948267342108422	0.47345322849449295	2.3043633777700317e-06	0.34403106059113153	2.413380044790178e-06	0.18935394178493886	0.011128302488023802	1.6295141028516653e-05	1.7830195853300568e-05	0.03221350720217416
UCEC	IL10	IL-10	180	0.19139186214733972	0.03760470659650002	0.33632292280538195	0.010060592468004732	0.19804038707703625	0.007874360369637156	0.17951210685666946	0.016196932997141332	0.027183127517524906	0.02498595117288713	0.04405209798673054
UCEC	TGFB1	TGF-beta1	180	0.1921852405710933	0.03842719177222887	0.33705322743073596	0.009748874042276872	0.19890670548471678	0.007601583036336721	0.11581424234319405	0.12262873855995848	0.026661285364237855	0.02459335688226586	0.23168406712663914
UCEC	ENTPD1	CD39	180	0.23788777859760057	0.0861607188132165	0.3788301744370253	0.0013014739945826205	0.2831691313773972	0.0001225749331745525	0.24733902222732476	0.0008438203046818193	0.004845272111290669	0.0006667537573780602	0.003984594405886857
UCEC	NT5E	CD73	180	0.1177806265227462	-0.03781124081685681	0.2677968403140082	0.11533263506301762	0.12103333000116448	0.10654699051763405	0.1336595604356037	0.07446800859305723	0.20031457668839903	0.2087934013682936	0.15957430412797977
UCS	CD274	PD-L1	57	-0.03693016397591133	-0.30920607999577604	0.24094149063294432	0.7850587932586265	-0.07386857562745117	0.5884701908101698	-0.051449989197184735	0.7064840902602765	0.8535752890497794	0.726415821573651	0.7984238006366139
UCS	PDCD1LG2	PD-L2	57	-0.03663300710258921	-0.30893694498399016	0.2412217558112786	0.7867474933235576	-0.13305799015597777	0.3282658209449316	-0.05245218739815915	0.7010320028981554	0.8535752890497794	0.48302972184672516	0.7977260722634182
UCS	PDCD1	PD-1	57	-0.12133491452170139	-0.38392577120298294	0.1594133455973664	0.3686038402126915	-0.12440192913389814	0.3609809856686305	-0.08349466507630063	0.5406738902016056	0.4865570690807528	0.5164323349883587	0.6758423627520069
UCS	CTLA4	CTLA-4	57	-0.13658395046582625	-0.3970679713723037	0.14426393877933813	0.31101323380076634	-0.177553401307697	0.19048353453274666	-0.1376523316179976	0.31168694264866104	0.436123373176712	0.328119532635039	0.46753041397299155
UCS	HAVCR2	TIM-3	57	-0.032312952767932626	-0.3050193395484348	0.2452910114298414	0.8114041840184205	-0.10345113080236695	0.4480105726933714	-0.03734331409592808	0.7846655007391332	0.8727757665822666	0.6009897926374494	0.8612182325185609
UCS	LAG3	LAG-3	57	-0.5426288769494619	-0.7116872091003704	-0.31415948391082704	1.297669358571824e-05	-0.5569165134876632	8.286468793656695e-06	-0.5519463510645423	1.0355880340658976e-05	7.739112439675336e-05	5.696947295638978e-05	8.993264506361742e-05
UCS	TIGIT	TIGIT	57	-0.032064585489860235	-0.30479382883056344	0.24552466287695823	0.8128275321099494	-0.09137624466227146	0.5029993836318373	-0.03888008103367967	0.7760293680243571	0.8727757665822666	0.6517923950203127	0.8536323048267928
UCS	IDO1	IDO1	57	-0.214937369378903	-0.4629523539981299	0.0642894079692716	0.10835774743864986	-0.2583577310355054	0.054537120032464886	-0.19492222191024375	0.1499763846266601	0.19087930598623373	0.12160303791022577	0.2679568210918989
UCS	BTLA	BTLA	57	-0.26268932797634503	-0.5018046451703118	0.013724605781081848	0.048365452860135695	-0.3156121152843198	0.017813755266312084	-0.25474350275950336	0.05812957577162785	0.10144448799053886	0.04981812913460159	0.13019972853826148
UCS	SIGLEC15	Siglec-15	57	-0.07526742443812526	-0.34356617646796084	0.20439059532788267	0.5778981997826732	-0.07688628842199742	0.5732836529675445	-0.10953536280386364	0.421615129694163	0.6892131862542974	0.7166045662094306	0.566977118198335
UCS	CD276	B7-H3	57	0.03694581280788178	-0.24092673006432222	0.30922025193579383	0.7849698903705482	-0.021189550008009504	0.8768142148216765	0.01203889848067289	0.9298273435904348	0.8535752890497794	0.9273996502921579	0.9608862945245621
UCS	IL10	IL-10	57	-0.13837701391684945	-0.39860631466607555	0.14247389776070415	0.304643306132135	-0.23766893351618673	0.07776451761564462	-0.18183575092399926	0.17983733056590692	0.4284046492483149	0.16241956210862485	0.30696371941422046
UCS	TGFB1	TGF-beta1	57	-0.08134560539279234	-0.34894861782743747	0.19852311957295812	0.5474817561486149	-0.14421696409341728	0.28894651233561763	-0.15933152759761715	0.24081709621963526	0.6605752213500742	0.44557172462969075	0.3869959050512399
UCS	ENTPD1	CD39	57	0.13572944857642427	-0.14511635409399365	0.3963343435421564	0.31407872683390986	0.07771121502631899	0.5691639094673808	0.061622964853456454	0.65186527688731	0.4391778807423316	0.7166045662094306	0.763916150498916
UCS	NT5E	CD73	57	-0.01607492991736066	-0.29021101415826944	0.2604993543050572	0.9055273580268066	-0.07062189123292052	0.6050076747832412	-0.05826434464895281	0.669715016119088	0.9357746184201864	0.7394538247350727	0.7727480955220246
UVM	CD274	PD-L1	79	0.37698412877158877	0.15691945405499147	0.5613842663366954	0.0006157565913782622	0.20810049023377855	0.06750569608880927	0.292679433873267	0.009312867980434573	0.002519004237456527	0.145918426043496	0.02793860394130372
UVM	PDCD1LG2	PD-L2	79	0.2719929028200001	0.0406795369720768	0.4756346362711734	0.015312684015340292	0.0860969801769316	0.4535530601011134	0.25933739726752547	0.02185919769810057	0.03887065942355612	0.6067804452704085	0.05665080031706693
UVM	PDCD1	PD-1	79	0.2665288870572312	0.034796792114888585	0.47106347398294385	0.017581189047538408	-0.028386585297003306	0.8051360736762783	-0.0057324518313761775	0.9602732784692312	0.043513442892657565	0.885533482730996	0.9794509858324474
UVM	CTLA4	CTLA-4	79	0.2794596967160428	0.048744555476183504	0.48186357646601113	0.012623764569937511	0.06509458098034172	0.5712449003321726	0.16611565685405982	0.14607738809686682	0.03304450728873251	0.7166045662094306	0.26366170266733757
UVM	HAVCR2	TIM-3	79	0.34372869965295844	0.1194292694428319	0.5346453327827987	0.0019253143071235404	0.07048882083018695	0.539709079087089	0.17036090964822412	0.13590383928296904	0.006572624703628638	0.6885463766703842	0.2482376400187073
UVM	LAG3	LAG-3	79	0.19097075289486176	-0.04493792717423038	0.40670528824904684	0.091818067770896	-0.1448035768272355	0.20590655403809233	-0.10082681514334874	0.3797577884611523	0.16895889794272687	0.3420259874122674	0.5282055928328176
UVM	TIGIT	TIGIT	79	0.28005066023415615	0.04938415317504178	0.48235569733864647	0.012429630051906088	0.021469988000919718	0.8519916121445994	0.11987800769193488	0.2958306866855622	0.03272695146645486	0.9106678197662474	0.44919076659310825
UVM	IDO1	IDO1	79	0.3928877516083896	0.1750752623967175	0.5740368712016424	0.00034153924371950744	0.17824047832218964	0.11845469363040759	0.14311720700617864	0.21129362267894283	0.001457430393458243	0.22551951287327598	0.3498004790169789
UVM	BTLA	BTLA	79	0.4435867092186049	0.23395997514682543	0.6138026594540913	4.231735152192167e-05	0.2894590588886067	0.010156950169780734	0.2017007919714886	0.07658366696251094	0.00021608667591851063	0.031227890273549462	0.16219237498087122
UVM	SIGLEC15	Siglec-15	79	-0.016931505734276975	-0.2498434284274841	0.2178325553393369	0.8822619543404712	-0.08776688809527758	0.44480900854728006	0.02401101028161232	0.8347091115246043	0.9194098261021751	0.5983164653013686	0.8847559105025249
UVM	CD276	B7-H3	79	0.36789191820837397	0.14660605340942212	0.5541117444071526	0.0008512320682005028	0.19016539830539939	0.09538823679050208	0.061219163618235435	0.5944187816063653	0.003370878990073991	0.19116266077448799	0.7194065938756744
UVM	IL10	IL-10	79	0.4221321534868776	0.2088522843201359	0.5970795168377356	0.00010664505131130535	0.26818502306455094	0.017597956605655735	0.20838900013387301	0.06711783478583966	0.000507589426914386	0.04949425295340675	0.14635827409246974
UVM	TGFB1	TGF-beta1	79	0.14269717624148004	-0.09435344312987812	0.36443479037331794	0.20964739867356846	-0.1569452964990395	0.1699870823580674	0.08341085687326275	0.46781558763820547	0.32633793189753585	0.30051287774015484	0.6068648628756363
UVM	ENTPD1	CD39	79	0.16829459770636446	-0.06829517492155157	0.38696341707917153	0.13818344837054422	0.25435801050080975	0.02462344640290304	0.19152885422586655	0.09299289318528255	0.2310838072412817	0.06624242374694025	0.19000897668705635
UVM	NT5E	CD73	79	0.5440149952327812	0.3553275793972136	0.6901035550806154	2.1984589390663509e-07	0.41668756566957693	0.0001477629189144362	0.34142867967332463	0.0022190999292702675	1.8762709910997303e-06	0.0007950287485070208	0.008649247755817184
